/*

	All code and data belongs to Wise Owl, and must not be reproduced or distributed
	in any way without prior written permission
	
	Note that this code is not written as a training aid, but instead is just
	a means to create a SQL Server database on the user's computer
	
	Code assumes Movies database does not already exist
	
*/

USE Master
go

-- drop database if exists
BEGIN TRY
	DROP Database Movies
END TRY

BEGIN CATCH
	-- database can't exist
END CATCH

-- create new database
CREATE DATABASE Movies
go

USE Movies
GO
/****** Object:  Table [dbo].[tblDirector]    Script Date: 07/06/2012 14:27:04 ******/
SET ANSI_NULLS ON
GO
SET QUOTED_IDENTIFIER ON
GO
CREATE TABLE [dbo].[tblDirector](
	[DirectorID] [int] NOT NULL,
	[DirectorName] [nvarchar](255) NULL,
	[DirectorDOB] [datetime] NULL,
	[DirectorGender] [nvarchar](255) NULL,
 CONSTRAINT [PK_tblDirector] PRIMARY KEY CLUSTERED 
(
	[DirectorID] ASC
)WITH (PAD_INDEX  = OFF, STATISTICS_NORECOMPUTE  = OFF, IGNORE_DUP_KEY = OFF, ALLOW_ROW_LOCKS  = ON, ALLOW_PAGE_LOCKS  = ON) ON [PRIMARY]
) ON [PRIMARY]
GO
INSERT [dbo].[tblDirector] ([DirectorID], [DirectorName], [DirectorDOB], [DirectorGender]) VALUES (4, N'Steven Spielberg', CAST(0x0000430000000000 AS DateTime), N'Male')
INSERT [dbo].[tblDirector] ([DirectorID], [DirectorName], [DirectorDOB], [DirectorGender]) VALUES (5, N'Joel Coen', CAST(0x00004E5700000000 AS DateTime), N'Male')
INSERT [dbo].[tblDirector] ([DirectorID], [DirectorName], [DirectorDOB], [DirectorGender]) VALUES (6, N'Ethan Coen', CAST(0x0000525A00000000 AS DateTime), N'Male')
INSERT [dbo].[tblDirector] ([DirectorID], [DirectorName], [DirectorDOB], [DirectorGender]) VALUES (7, N'George Lucas', CAST(0x00003F4C00000000 AS DateTime), N'Male')
INSERT [dbo].[tblDirector] ([DirectorID], [DirectorName], [DirectorDOB], [DirectorGender]) VALUES (8, N'Ang Lee', CAST(0x00004E3200000000 AS DateTime), N'Male')
INSERT [dbo].[tblDirector] ([DirectorID], [DirectorName], [DirectorDOB], [DirectorGender]) VALUES (9, N'Martin Scorsese', CAST(0x00003D2C00000000 AS DateTime), N'Male')
INSERT [dbo].[tblDirector] ([DirectorID], [DirectorName], [DirectorDOB], [DirectorGender]) VALUES (10, N'Clint Eastwood', CAST(0x00002B6300000000 AS DateTime), N'Male')
INSERT [dbo].[tblDirector] ([DirectorID], [DirectorName], [DirectorDOB], [DirectorGender]) VALUES (11, N'Sam Raimi', CAST(0x0000555400000000 AS DateTime), N'Male')
INSERT [dbo].[tblDirector] ([DirectorID], [DirectorName], [DirectorDOB], [DirectorGender]) VALUES (12, N'Peter Jackson', CAST(0x0000583700000000 AS DateTime), N'Male')
INSERT [dbo].[tblDirector] ([DirectorID], [DirectorName], [DirectorDOB], [DirectorGender]) VALUES (14, N'Bryan Singer', CAST(0x00005DC000000000 AS DateTime), N'Male')
INSERT [dbo].[tblDirector] ([DirectorID], [DirectorName], [DirectorDOB], [DirectorGender]) VALUES (15, N'James Cameron', CAST(0x00004DEE00000000 AS DateTime), N'Male')
INSERT [dbo].[tblDirector] ([DirectorID], [DirectorName], [DirectorDOB], [DirectorGender]) VALUES (16, N'Tom Shadyac', CAST(0x0000541800000000 AS DateTime), N'Male')
INSERT [dbo].[tblDirector] ([DirectorID], [DirectorName], [DirectorDOB], [DirectorGender]) VALUES (17, N'Kevin Reynolds', CAST(0x00004A4000000000 AS DateTime), N'Male')
INSERT [dbo].[tblDirector] ([DirectorID], [DirectorName], [DirectorDOB], [DirectorGender]) VALUES (18, N'Michael Bay', CAST(0x00005CEC00000000 AS DateTime), N'Male')
INSERT [dbo].[tblDirector] ([DirectorID], [DirectorName], [DirectorDOB], [DirectorGender]) VALUES (19, N'David Yates', CAST(0x00005B2F00000000 AS DateTime), N'Male')
INSERT [dbo].[tblDirector] ([DirectorID], [DirectorName], [DirectorDOB], [DirectorGender]) VALUES (20, N'Robert Zemeckis', CAST(0x00004AB600000000 AS DateTime), N'Male')
INSERT [dbo].[tblDirector] ([DirectorID], [DirectorName], [DirectorDOB], [DirectorGender]) VALUES (21, N'Steve Hickner', NULL, N'Male')
INSERT [dbo].[tblDirector] ([DirectorID], [DirectorName], [DirectorDOB], [DirectorGender]) VALUES (22, N'Gore Verbinski', CAST(0x00005B9A00000000 AS DateTime), N'Male')
INSERT [dbo].[tblDirector] ([DirectorID], [DirectorName], [DirectorDOB], [DirectorGender]) VALUES (23, N'Francis Lawrence', NULL, N'Male')
INSERT [dbo].[tblDirector] ([DirectorID], [DirectorName], [DirectorDOB], [DirectorGender]) VALUES (24, N'Brad Bird', CAST(0x0000525000000000 AS DateTime), N'Male')
INSERT [dbo].[tblDirector] ([DirectorID], [DirectorName], [DirectorDOB], [DirectorGender]) VALUES (25, N'Wolfgang Peterson', CAST(0x00003AC700000000 AS DateTime), N'Male')
INSERT [dbo].[tblDirector] ([DirectorID], [DirectorName], [DirectorDOB], [DirectorGender]) VALUES (26, N'Mike Newell', CAST(0x00003C4200000000 AS DateTime), N'Male')
INSERT [dbo].[tblDirector] ([DirectorID], [DirectorName], [DirectorDOB], [DirectorGender]) VALUES (27, N'Christopher Nolan', CAST(0x000064B100000000 AS DateTime), N'Male')
INSERT [dbo].[tblDirector] ([DirectorID], [DirectorName], [DirectorDOB], [DirectorGender]) VALUES (28, N'Tim Burton', CAST(0x000053AC00000000 AS DateTime), N'Male')
INSERT [dbo].[tblDirector] ([DirectorID], [DirectorName], [DirectorDOB], [DirectorGender]) VALUES (29, N'Lee Tamahori', CAST(0x000047FD00000000 AS DateTime), N'Male')
INSERT [dbo].[tblDirector] ([DirectorID], [DirectorName], [DirectorDOB], [DirectorGender]) VALUES (30, N'Richard Donner', CAST(0x00002B3E00000000 AS DateTime), N'Male')
INSERT [dbo].[tblDirector] ([DirectorID], [DirectorName], [DirectorDOB], [DirectorGender]) VALUES (31, N'Barry Sonnenfeld', CAST(0x00004BF800000000 AS DateTime), N'Male')
INSERT [dbo].[tblDirector] ([DirectorID], [DirectorName], [DirectorDOB], [DirectorGender]) VALUES (32, N'Rob Cohen', CAST(0x0000462F00000000 AS DateTime), N'Male')
INSERT [dbo].[tblDirector] ([DirectorID], [DirectorName], [DirectorDOB], [DirectorGender]) VALUES (33, N'Hironobu Sakaguchi', CAST(0x000059B200000000 AS DateTime), N'Male')
INSERT [dbo].[tblDirector] ([DirectorID], [DirectorName], [DirectorDOB], [DirectorGender]) VALUES (34, N'Michael Mann', CAST(0x00003D7C00000000 AS DateTime), N'Male')
INSERT [dbo].[tblDirector] ([DirectorID], [DirectorName], [DirectorDOB], [DirectorGender]) VALUES (35, N'Michael Apted', CAST(0x00003AA700000000 AS DateTime), N'Male')
INSERT [dbo].[tblDirector] ([DirectorID], [DirectorName], [DirectorDOB], [DirectorGender]) VALUES (36, N'Peter Weir', CAST(0x00003FAF00000000 AS DateTime), N'Male')
INSERT [dbo].[tblDirector] ([DirectorID], [DirectorName], [DirectorDOB], [DirectorGender]) VALUES (37, N'Paul Greengrass', CAST(0x00004F5800000000 AS DateTime), N'Male')
INSERT [dbo].[tblDirector] ([DirectorID], [DirectorName], [DirectorDOB], [DirectorGender]) VALUES (38, N'Alfonso Cuaron', CAST(0x0000585300000000 AS DateTime), N'Male')
INSERT [dbo].[tblDirector] ([DirectorID], [DirectorName], [DirectorDOB], [DirectorGender]) VALUES (39, N'Andy Wachowski', CAST(0x0000610100000000 AS DateTime), N'Male')
INSERT [dbo].[tblDirector] ([DirectorID], [DirectorName], [DirectorDOB], [DirectorGender]) VALUES (40, N'Ron Howard', CAST(0x00004D4600000000 AS DateTime), N'Male')
INSERT [dbo].[tblDirector] ([DirectorID], [DirectorName], [DirectorDOB], [DirectorGender]) VALUES (41, N'Chris Columbus', CAST(0x000053BC00000000 AS DateTime), N'Male')
INSERT [dbo].[tblDirector] ([DirectorID], [DirectorName], [DirectorDOB], [DirectorGender]) VALUES (42, N'Roland Emmerich', CAST(0x00004FB100000000 AS DateTime), N'Male')
INSERT [dbo].[tblDirector] ([DirectorID], [DirectorName], [DirectorDOB], [DirectorGender]) VALUES (43, N'Edward Zwick', CAST(0x00004B4900000000 AS DateTime), N'Male')
INSERT [dbo].[tblDirector] ([DirectorID], [DirectorName], [DirectorDOB], [DirectorGender]) VALUES (44, N'J. J. Abrams', CAST(0x00005EDB00000000 AS DateTime), N'Male')
INSERT [dbo].[tblDirector] ([DirectorID], [DirectorName], [DirectorDOB], [DirectorGender]) VALUES (45, N'John Woo', CAST(0x000042AA00000000 AS DateTime), N'Male')
INSERT [dbo].[tblDirector] ([DirectorID], [DirectorName], [DirectorDOB], [DirectorGender]) VALUES (46, N'Pete Docter', CAST(0x000061E200000000 AS DateTime), N'Male')
INSERT [dbo].[tblDirector] ([DirectorID], [DirectorName], [DirectorDOB], [DirectorGender]) VALUES (47, N'Roger Spottiswoode', CAST(0x0000403800000000 AS DateTime), N'Male')
INSERT [dbo].[tblDirector] ([DirectorID], [DirectorName], [DirectorDOB], [DirectorGender]) VALUES (48, N'Steven Soderbergh', CAST(0x000059EF00000000 AS DateTime), N'Male')
INSERT [dbo].[tblDirector] ([DirectorID], [DirectorName], [DirectorDOB], [DirectorGender]) VALUES (49, N'Len Wiseman', CAST(0x0000686500000000 AS DateTime), N'Male')
INSERT [dbo].[tblDirector] ([DirectorID], [DirectorName], [DirectorDOB], [DirectorGender]) VALUES (50, N'Frank Coraci', CAST(0x00005E4B00000000 AS DateTime), N'Male')
INSERT [dbo].[tblDirector] ([DirectorID], [DirectorName], [DirectorDOB], [DirectorGender]) VALUES (51, N'Ridley Scott', CAST(0x0000361700000000 AS DateTime), N'Male')
INSERT [dbo].[tblDirector] ([DirectorID], [DirectorName], [DirectorDOB], [DirectorGender]) VALUES (52, N'Doug Liman', CAST(0x00005D8900000000 AS DateTime), N'Male')
INSERT [dbo].[tblDirector] ([DirectorID], [DirectorName], [DirectorDOB], [DirectorGender]) VALUES (53, N'Alex Proyas', CAST(0x00005AEB00000000 AS DateTime), N'Male')
INSERT [dbo].[tblDirector] ([DirectorID], [DirectorName], [DirectorDOB], [DirectorGender]) VALUES (54, N'Martin Campbell', CAST(0x00003A3A00000000 AS DateTime), N'Male')
INSERT [dbo].[tblDirector] ([DirectorID], [DirectorName], [DirectorDOB], [DirectorGender]) VALUES (55, N'Jean-Christophe Comar', CAST(0x0000520B00000000 AS DateTime), N'Male')
INSERT [dbo].[tblDirector] ([DirectorID], [DirectorName], [DirectorDOB], [DirectorGender]) VALUES (56, N'Luc Besson', CAST(0x0000547900000000 AS DateTime), N'Male')
INSERT [dbo].[tblDirector] ([DirectorID], [DirectorName], [DirectorDOB], [DirectorGender]) VALUES (57, N'Brett Ratner', CAST(0x000062C800000000 AS DateTime), N'Male')
INSERT [dbo].[tblDirector] ([DirectorID], [DirectorName], [DirectorDOB], [DirectorGender]) VALUES (58, N'John McTiernan', CAST(0x000048CA00000000 AS DateTime), N'Male')
INSERT [dbo].[tblDirector] ([DirectorID], [DirectorName], [DirectorDOB], [DirectorGender]) VALUES (59, N'Brian De Palma', CAST(0x00003A0F00000000 AS DateTime), N'Male')
INSERT [dbo].[tblDirector] ([DirectorID], [DirectorName], [DirectorDOB], [DirectorGender]) VALUES (60, N'Mimi Leder', CAST(0x00004A4900000000 AS DateTime), N'Female')
INSERT [dbo].[tblDirector] ([DirectorID], [DirectorName], [DirectorDOB], [DirectorGender]) VALUES (61, N'Sam Mendes', CAST(0x00005D9100000000 AS DateTime), N'Male')
INSERT [dbo].[tblDirector] ([DirectorID], [DirectorName], [DirectorDOB], [DirectorGender]) VALUES (62, N'M. Night Shyamalan', CAST(0x000064B800000000 AS DateTime), N'Male')
INSERT [dbo].[tblDirector] ([DirectorID], [DirectorName], [DirectorDOB], [DirectorGender]) VALUES (63, N'Adam McKay', NULL, N'Male')
INSERT [dbo].[tblDirector] ([DirectorID], [DirectorName], [DirectorDOB], [DirectorGender]) VALUES (64, N'David Silverman', CAST(0x0000519C00000000 AS DateTime), N'Male')
INSERT [dbo].[tblDirector] ([DirectorID], [DirectorName], [DirectorDOB], [DirectorGender]) VALUES (65, N'Mel Gibson', CAST(0x00004FE700000000 AS DateTime), N'Male')
INSERT [dbo].[tblDirector] ([DirectorID], [DirectorName], [DirectorDOB], [DirectorGender]) VALUES (66, N'Chris Miller', NULL, N'Male')
INSERT [dbo].[tblDirector] ([DirectorID], [DirectorName], [DirectorDOB], [DirectorGender]) VALUES (67, N'Andrew Adamson', CAST(0x00005F7800000000 AS DateTime), N'Male')
INSERT [dbo].[tblDirector] ([DirectorID], [DirectorName], [DirectorDOB], [DirectorGender]) VALUES (68, N'Jonathon Frakes', CAST(0x00004B1700000000 AS DateTime), N'Male')
INSERT [dbo].[tblDirector] ([DirectorID], [DirectorName], [DirectorDOB], [DirectorGender]) VALUES (69, N'Renny Harlin', CAST(0x0000547600000000 AS DateTime), N'Male')
INSERT [dbo].[tblDirector] ([DirectorID], [DirectorName], [DirectorDOB], [DirectorGender]) VALUES (70, N'David Fincher', CAST(0x0000596400000000 AS DateTime), N'Male')
INSERT [dbo].[tblDirector] ([DirectorID], [DirectorName], [DirectorDOB], [DirectorGender]) VALUES (71, N'Guillermo del Toro', CAST(0x00005C6900000000 AS DateTime), N'Male')
INSERT [dbo].[tblDirector] ([DirectorID], [DirectorName], [DirectorDOB], [DirectorGender]) VALUES (72, N'Paul Verhoeven', CAST(0x000036FD00000000 AS DateTime), N'Male')
INSERT [dbo].[tblDirector] ([DirectorID], [DirectorName], [DirectorDOB], [DirectorGender]) VALUES (73, N'Phillip Noyce', CAST(0x000047CC00000000 AS DateTime), N'Male')
INSERT [dbo].[tblDirector] ([DirectorID], [DirectorName], [DirectorDOB], [DirectorGender]) VALUES (74, N'Paul Anderson', CAST(0x00005CFB00000000 AS DateTime), N'Male')
INSERT [dbo].[tblDirector] ([DirectorID], [DirectorName], [DirectorDOB], [DirectorGender]) VALUES (75, N'Todd Phillips', CAST(0x0000654000000000 AS DateTime), N'Male')
INSERT [dbo].[tblDirector] ([DirectorID], [DirectorName], [DirectorDOB], [DirectorGender]) VALUES (76, N'Zack Snyder', CAST(0x00005E6500000000 AS DateTime), N'Male')
INSERT [dbo].[tblDirector] ([DirectorID], [DirectorName], [DirectorDOB], [DirectorGender]) VALUES (77, N'Stuart Baird', CAST(0x0000445B00000000 AS DateTime), N'Male')
INSERT [dbo].[tblDirector] ([DirectorID], [DirectorName], [DirectorDOB], [DirectorGender]) VALUES (78, N'Tony Scott', CAST(0x00003F7200000000 AS DateTime), N'Male')
INSERT [dbo].[tblDirector] ([DirectorID], [DirectorName], [DirectorDOB], [DirectorGender]) VALUES (79, N'Quentin Tarantino', CAST(0x00005A3700000000 AS DateTime), N'Male')
INSERT [dbo].[tblDirector] ([DirectorID], [DirectorName], [DirectorDOB], [DirectorGender]) VALUES (80, N'Tom Dey', NULL, N'Male')
INSERT [dbo].[tblDirector] ([DirectorID], [DirectorName], [DirectorDOB], [DirectorGender]) VALUES (81, N'David Dobkin', NULL, N'Male')
INSERT [dbo].[tblDirector] ([DirectorID], [DirectorName], [DirectorDOB], [DirectorGender]) VALUES (82, N'Stephen Norrington', NULL, N'Male')
INSERT [dbo].[tblDirector] ([DirectorID], [DirectorName], [DirectorDOB], [DirectorGender]) VALUES (83, N'Andrew Davis', CAST(0x000042E500000000 AS DateTime), N'Male')
INSERT [dbo].[tblDirector] ([DirectorID], [DirectorName], [DirectorDOB], [DirectorGender]) VALUES (84, N'John Glen', CAST(0x00002E2E00000000 AS DateTime), N'Male')
INSERT [dbo].[tblDirector] ([DirectorID], [DirectorName], [DirectorDOB], [DirectorGender]) VALUES (85, N'Frank Miller', CAST(0x0000516D00000000 AS DateTime), N'Male')
INSERT [dbo].[tblDirector] ([DirectorID], [DirectorName], [DirectorDOB], [DirectorGender]) VALUES (86, N'Joss Whedon', CAST(0x00005BFD00000000 AS DateTime), N'Male')
INSERT [dbo].[tblDirector] ([DirectorID], [DirectorName], [DirectorDOB], [DirectorGender]) VALUES (87, N'David Carson', NULL, N'Male')
INSERT [dbo].[tblDirector] ([DirectorID], [DirectorName], [DirectorDOB], [DirectorGender]) VALUES (88, N'Irvin Kershner', CAST(0x0000214600000000 AS DateTime), N'Male')
INSERT [dbo].[tblDirector] ([DirectorID], [DirectorName], [DirectorDOB], [DirectorGender]) VALUES (89, N'Robert Wise', CAST(0x000014F500000000 AS DateTime), N'Male')
INSERT [dbo].[tblDirector] ([DirectorID], [DirectorName], [DirectorDOB], [DirectorGender]) VALUES (90, N'Richard Marquand', CAST(0x000036A600000000 AS DateTime), N'Male')
INSERT [dbo].[tblDirector] ([DirectorID], [DirectorName], [DirectorDOB], [DirectorGender]) VALUES (91, N'David Cronenberg', CAST(0x00003DA200000000 AS DateTime), N'Male')
INSERT [dbo].[tblDirector] ([DirectorID], [DirectorName], [DirectorDOB], [DirectorGender]) VALUES (92, N'Lewis Gilbert', CAST(0x00001CC900000000 AS DateTime), N'Male')
INSERT [dbo].[tblDirector] ([DirectorID], [DirectorName], [DirectorDOB], [DirectorGender]) VALUES (93, N'Andrew Dominik', NULL, N'Male')
INSERT [dbo].[tblDirector] ([DirectorID], [DirectorName], [DirectorDOB], [DirectorGender]) VALUES (94, N'Ivan Reitman', CAST(0x000042CC00000000 AS DateTime), N'Male')
INSERT [dbo].[tblDirector] ([DirectorID], [DirectorName], [DirectorDOB], [DirectorGender]) VALUES (95, N'William Shatner', CAST(0x00002C8A00000000 AS DateTime), N'Male')
INSERT [dbo].[tblDirector] ([DirectorID], [DirectorName], [DirectorDOB], [DirectorGender]) VALUES (96, N'Nicholas Meyer', CAST(0x0000419900000000 AS DateTime), N'Male')
INSERT [dbo].[tblDirector] ([DirectorID], [DirectorName], [DirectorDOB], [DirectorGender]) VALUES (97, N'Paul Michael Glaser', CAST(0x00003DAC00000000 AS DateTime), N'Male')
INSERT [dbo].[tblDirector] ([DirectorID], [DirectorName], [DirectorDOB], [DirectorGender]) VALUES (98, N'Kevin Costner', CAST(0x00004E8900000000 AS DateTime), N'Male')
INSERT [dbo].[tblDirector] ([DirectorID], [DirectorName], [DirectorDOB], [DirectorGender]) VALUES (99, N'Leonard Nimoy', CAST(0x00002C8E00000000 AS DateTime), N'Male')
INSERT [dbo].[tblDirector] ([DirectorID], [DirectorName], [DirectorDOB], [DirectorGender]) VALUES (100, N'John Guillermin', CAST(0x000024E500000000 AS DateTime), N'Male')
INSERT [dbo].[tblDirector] ([DirectorID], [DirectorName], [DirectorDOB], [DirectorGender]) VALUES (101, N'Richard Attenborough', CAST(0x000021C000000000 AS DateTime), N'Male')
INSERT [dbo].[tblDirector] ([DirectorID], [DirectorName], [DirectorDOB], [DirectorGender]) VALUES (102, N'Kurt Wimmer', NULL, N'Male')
INSERT [dbo].[tblDirector] ([DirectorID], [DirectorName], [DirectorDOB], [DirectorGender]) VALUES (103, N'Robert Rodriguez', CAST(0x000061AF00000000 AS DateTime), N'Male')
INSERT [dbo].[tblDirector] ([DirectorID], [DirectorName], [DirectorDOB], [DirectorGender]) VALUES (104, N'Larry Charles', CAST(0x0000501700000000 AS DateTime), N'Male')
INSERT [dbo].[tblDirector] ([DirectorID], [DirectorName], [DirectorDOB], [DirectorGender]) VALUES (105, N'Yimou Zhang', CAST(0x00004A0000000000 AS DateTime), N'Male')
GO
print 'Processed 100 total records'
INSERT [dbo].[tblDirector] ([DirectorID], [DirectorName], [DirectorDOB], [DirectorGender]) VALUES (106, N'Edgar Wright', CAST(0x000069FF00000000 AS DateTime), N'Male')
INSERT [dbo].[tblDirector] ([DirectorID], [DirectorName], [DirectorDOB], [DirectorGender]) VALUES (107, N'Ang Lee', CAST(0x00004E3200000000 AS DateTime), N'Male')
INSERT [dbo].[tblDirector] ([DirectorID], [DirectorName], [DirectorDOB], [DirectorGender]) VALUES (108, N'Danny Boyle', CAST(0x0000510A00000000 AS DateTime), N'Male')
INSERT [dbo].[tblDirector] ([DirectorID], [DirectorName], [DirectorDOB], [DirectorGender]) VALUES (109, N'Oliver Hirschbiegel', CAST(0x000052BD00000000 AS DateTime), N'Male')
INSERT [dbo].[tblDirector] ([DirectorID], [DirectorName], [DirectorDOB], [DirectorGender]) VALUES (110, N'Val Guest', CAST(0x0000110900000000 AS DateTime), N'Male')
INSERT [dbo].[tblDirector] ([DirectorID], [DirectorName], [DirectorDOB], [DirectorGender]) VALUES (111, N'Jean-Pierre Jeunet', CAST(0x00004C9300000000 AS DateTime), N'Male')
INSERT [dbo].[tblDirector] ([DirectorID], [DirectorName], [DirectorDOB], [DirectorGender]) VALUES (112, N'Terence Young', CAST(0x0000161000000000 AS DateTime), N'Male')
INSERT [dbo].[tblDirector] ([DirectorID], [DirectorName], [DirectorDOB], [DirectorGender]) VALUES (113, N'Peter R. Hunt', CAST(0x000023F000000000 AS DateTime), N'Male')
INSERT [dbo].[tblDirector] ([DirectorID], [DirectorName], [DirectorDOB], [DirectorGender]) VALUES (114, N'Stanley Tong', CAST(0x000055FB00000000 AS DateTime), N'Male')
INSERT [dbo].[tblDirector] ([DirectorID], [DirectorName], [DirectorDOB], [DirectorGender]) VALUES (115, N'Guy Hamilton', CAST(0x0000206500000000 AS DateTime), N'Male')
INSERT [dbo].[tblDirector] ([DirectorID], [DirectorName], [DirectorDOB], [DirectorGender]) VALUES (116, N'George Clooney', CAST(0x0000578500000000 AS DateTime), N'Male')
INSERT [dbo].[tblDirector] ([DirectorID], [DirectorName], [DirectorDOB], [DirectorGender]) VALUES (117, N'Michael Anderson', CAST(0x00001CA500000000 AS DateTime), N'Male')
INSERT [dbo].[tblDirector] ([DirectorID], [DirectorName], [DirectorDOB], [DirectorGender]) VALUES (118, N'Sammo Hung', CAST(0x00004A3600000000 AS DateTime), N'Male')
INSERT [dbo].[tblDirector] ([DirectorID], [DirectorName], [DirectorDOB], [DirectorGender]) VALUES (119, N'Timur Bekmambetov', CAST(0x000057B700000000 AS DateTime), N'Male')
INSERT [dbo].[tblDirector] ([DirectorID], [DirectorName], [DirectorDOB], [DirectorGender]) VALUES (120, N'Florian Henckel von Donnersmarck', CAST(0x000068A000000000 AS DateTime), N'Male')
INSERT [dbo].[tblDirector] ([DirectorID], [DirectorName], [DirectorDOB], [DirectorGender]) VALUES (121, N'Merian C. Cooper', CAST(0xFFFFF72C00000000 AS DateTime), N'Male')
INSERT [dbo].[tblDirector] ([DirectorID], [DirectorName], [DirectorDOB], [DirectorGender]) VALUES (122, N'Akira Kurosawa', CAST(0x00000F6B00000000 AS DateTime), N'Male')
INSERT [dbo].[tblDirector] ([DirectorID], [DirectorName], [DirectorDOB], [DirectorGender]) VALUES (123, N'Morgan Spurlock', CAST(0x0000651500000000 AS DateTime), N'Male')
INSERT [dbo].[tblDirector] ([DirectorID], [DirectorName], [DirectorDOB], [DirectorGender]) VALUES (124, N'Oliver Owl', CAST(0x000063DF00000000 AS DateTime), N'Male')
INSERT [dbo].[tblDirector] ([DirectorID], [DirectorName], [DirectorDOB], [DirectorGender]) VALUES (125, N'Wendy Wise', CAST(0x0000656B00000000 AS DateTime), N'Female')
/****** Object:  Table [dbo].[tblCountry]    Script Date: 07/06/2012 14:27:04 ******/
SET ANSI_NULLS ON
GO
SET QUOTED_IDENTIFIER ON
GO
CREATE TABLE [dbo].[tblCountry](
	[CountryID] [int] NOT NULL,
	[CountryName] [nvarchar](255) NULL,
 CONSTRAINT [PK_tblCountry] PRIMARY KEY CLUSTERED 
(
	[CountryID] ASC
)WITH (PAD_INDEX  = OFF, STATISTICS_NORECOMPUTE  = OFF, IGNORE_DUP_KEY = OFF, ALLOW_ROW_LOCKS  = ON, ALLOW_PAGE_LOCKS  = ON) ON [PRIMARY]
) ON [PRIMARY]
GO
INSERT [dbo].[tblCountry] ([CountryID], [CountryName]) VALUES (48, N'China')
INSERT [dbo].[tblCountry] ([CountryID], [CountryName]) VALUES (79, N'France')
INSERT [dbo].[tblCountry] ([CountryID], [CountryName]) VALUES (118, N'Japan')
INSERT [dbo].[tblCountry] ([CountryID], [CountryName]) VALUES (167, N'New Zealand')
INSERT [dbo].[tblCountry] ([CountryID], [CountryName]) VALUES (240, N'United Kingdom')
INSERT [dbo].[tblCountry] ([CountryID], [CountryName]) VALUES (241, N'United States')
INSERT [dbo].[tblCountry] ([CountryID], [CountryName]) VALUES (257, N'Germany')
INSERT [dbo].[tblCountry] ([CountryID], [CountryName]) VALUES (258, N'Russia')
/****** Object:  Table [dbo].[tblCertificate]    Script Date: 07/06/2012 14:27:04 ******/
SET ANSI_NULLS ON
GO
SET QUOTED_IDENTIFIER ON
GO
CREATE TABLE [dbo].[tblCertificate](
	[CertificateID] [bigint] NOT NULL,
	[CertificateName] [nvarchar](255) NULL,
 CONSTRAINT [PK_tblCertificate] PRIMARY KEY CLUSTERED 
(
	[CertificateID] ASC
)WITH (PAD_INDEX  = OFF, STATISTICS_NORECOMPUTE  = OFF, IGNORE_DUP_KEY = OFF, ALLOW_ROW_LOCKS  = ON, ALLOW_PAGE_LOCKS  = ON) ON [PRIMARY]
) ON [PRIMARY]
GO
INSERT [dbo].[tblCertificate] ([CertificateID], [CertificateName]) VALUES (1, N'U')
INSERT [dbo].[tblCertificate] ([CertificateID], [CertificateName]) VALUES (2, N'PG')
INSERT [dbo].[tblCertificate] ([CertificateID], [CertificateName]) VALUES (3, N'12')
INSERT [dbo].[tblCertificate] ([CertificateID], [CertificateName]) VALUES (4, N'12A')
INSERT [dbo].[tblCertificate] ([CertificateID], [CertificateName]) VALUES (5, N'15')
INSERT [dbo].[tblCertificate] ([CertificateID], [CertificateName]) VALUES (6, N'18')
INSERT [dbo].[tblCertificate] ([CertificateID], [CertificateName]) VALUES (7, N'Unknown')
/****** Object:  Table [dbo].[tblCast]    Script Date: 07/06/2012 14:27:04 ******/
SET ANSI_NULLS ON
GO
SET QUOTED_IDENTIFIER ON
GO
CREATE TABLE [dbo].[tblCast](
	[CastID] [int] NOT NULL,
	[CastFilmID] [int] NULL,
	[CastActorID] [int] NULL,
	[CastCharacterName] [nvarchar](255) NULL,
 CONSTRAINT [PK_tblCast] PRIMARY KEY CLUSTERED 
(
	[CastID] ASC
)WITH (PAD_INDEX  = OFF, STATISTICS_NORECOMPUTE  = OFF, IGNORE_DUP_KEY = OFF, ALLOW_ROW_LOCKS  = ON, ALLOW_PAGE_LOCKS  = ON) ON [PRIMARY]
) ON [PRIMARY]
GO
INSERT [dbo].[tblCast] ([CastID], [CastFilmID], [CastActorID], [CastCharacterName]) VALUES (1, 33, 1, N'Ray Ferrier')
INSERT [dbo].[tblCast] ([CastID], [CastFilmID], [CastActorID], [CastCharacterName]) VALUES (2, 1, 2, N'Dr. Alan Grant')
INSERT [dbo].[tblCast] ([CastID], [CastFilmID], [CastActorID], [CastCharacterName]) VALUES (3, 1, 3, N'Dr. Ellie Sattler')
INSERT [dbo].[tblCast] ([CastID], [CastFilmID], [CastActorID], [CastCharacterName]) VALUES (4, 1, 4, N'Dr. Ian Malcolm')
INSERT [dbo].[tblCast] ([CastID], [CastFilmID], [CastActorID], [CastCharacterName]) VALUES (5, 1, 5, N'John Hammond')
INSERT [dbo].[tblCast] ([CastID], [CastFilmID], [CastActorID], [CastCharacterName]) VALUES (6, 1, 6, N'Ray Arnold')
INSERT [dbo].[tblCast] ([CastID], [CastFilmID], [CastActorID], [CastCharacterName]) VALUES (7, 2, 7, N'Peter Parker')
INSERT [dbo].[tblCast] ([CastID], [CastFilmID], [CastActorID], [CastCharacterName]) VALUES (8, 2, 8, N'Norman Osborn')
INSERT [dbo].[tblCast] ([CastID], [CastFilmID], [CastActorID], [CastCharacterName]) VALUES (9, 2, 9, N'Mary Jane Watson')
INSERT [dbo].[tblCast] ([CastID], [CastFilmID], [CastActorID], [CastCharacterName]) VALUES (10, 3, 10, N'Ann Darrow')
INSERT [dbo].[tblCast] ([CastID], [CastFilmID], [CastActorID], [CastCharacterName]) VALUES (11, 3, 11, N'Carl Denham')
INSERT [dbo].[tblCast] ([CastID], [CastFilmID], [CastActorID], [CastCharacterName]) VALUES (12, 3, 12, N'Jack Driscoll')
INSERT [dbo].[tblCast] ([CastID], [CastFilmID], [CastActorID], [CastCharacterName]) VALUES (13, 3, 13, N'Kong')
INSERT [dbo].[tblCast] ([CastID], [CastFilmID], [CastActorID], [CastCharacterName]) VALUES (14, 5, 14, N'Clark Kent')
INSERT [dbo].[tblCast] ([CastID], [CastFilmID], [CastActorID], [CastCharacterName]) VALUES (15, 5, 15, N'Lois Lane')
INSERT [dbo].[tblCast] ([CastID], [CastFilmID], [CastActorID], [CastCharacterName]) VALUES (16, 5, 16, N'Lex Luthor')
INSERT [dbo].[tblCast] ([CastID], [CastFilmID], [CastActorID], [CastCharacterName]) VALUES (17, 6, 17, N'Jack Dawson')
INSERT [dbo].[tblCast] ([CastID], [CastFilmID], [CastActorID], [CastCharacterName]) VALUES (18, 6, 18, N'Rose DeWitt Bukater')
INSERT [dbo].[tblCast] ([CastID], [CastFilmID], [CastActorID], [CastCharacterName]) VALUES (19, 6, 19, N'Caledon ''Cal'' Hockley')
INSERT [dbo].[tblCast] ([CastID], [CastFilmID], [CastActorID], [CastCharacterName]) VALUES (20, 6, 20, N'Brock Lovett')
INSERT [dbo].[tblCast] ([CastID], [CastFilmID], [CastActorID], [CastCharacterName]) VALUES (21, 7, 21, N'Evan Baxter')
INSERT [dbo].[tblCast] ([CastID], [CastFilmID], [CastActorID], [CastCharacterName]) VALUES (22, 7, 22, N'God')
INSERT [dbo].[tblCast] ([CastID], [CastFilmID], [CastActorID], [CastCharacterName]) VALUES (23, 8, 23, N'Mariner')
INSERT [dbo].[tblCast] ([CastID], [CastFilmID], [CastActorID], [CastCharacterName]) VALUES (24, 8, 24, N'Deacon')
INSERT [dbo].[tblCast] ([CastID], [CastFilmID], [CastActorID], [CastCharacterName]) VALUES (25, 8, 11, N'Pilot')
INSERT [dbo].[tblCast] ([CastID], [CastFilmID], [CastActorID], [CastCharacterName]) VALUES (26, 9, 25, N'Captain Rafe McCawley')
INSERT [dbo].[tblCast] ([CastID], [CastFilmID], [CastActorID], [CastCharacterName]) VALUES (27, 9, 26, N'Captain Danny Walker')
INSERT [dbo].[tblCast] ([CastID], [CastFilmID], [CastActorID], [CastCharacterName]) VALUES (28, 9, 27, N'Nurse Lt. Evelyn Johnson')
INSERT [dbo].[tblCast] ([CastID], [CastFilmID], [CastActorID], [CastCharacterName]) VALUES (29, 9, 28, N'Petty Officer Doris Miller')
INSERT [dbo].[tblCast] ([CastID], [CastFilmID], [CastActorID], [CastCharacterName]) VALUES (30, 9, 29, N'President Franklin Delano Roosevelt')
INSERT [dbo].[tblCast] ([CastID], [CastFilmID], [CastActorID], [CastCharacterName]) VALUES (31, 9, 30, N'Lt. Col. James Doolittle')
INSERT [dbo].[tblCast] ([CastID], [CastFilmID], [CastActorID], [CastCharacterName]) VALUES (32, 9, 31, N'Sgt. Earl Sistern')
INSERT [dbo].[tblCast] ([CastID], [CastFilmID], [CastActorID], [CastCharacterName]) VALUES (33, 9, 32, N'Captain Thurman')
INSERT [dbo].[tblCast] ([CastID], [CastFilmID], [CastActorID], [CastCharacterName]) VALUES (34, 10, 33, N'Sam Witwicky')
INSERT [dbo].[tblCast] ([CastID], [CastFilmID], [CastActorID], [CastCharacterName]) VALUES (35, 10, 37, N'Mikaela Banes')
INSERT [dbo].[tblCast] ([CastID], [CastFilmID], [CastActorID], [CastCharacterName]) VALUES (36, 10, 29, N'Defense Secretary John Keller')
INSERT [dbo].[tblCast] ([CastID], [CastFilmID], [CastActorID], [CastCharacterName]) VALUES (37, 10, 34, N'Agent Simmons')
INSERT [dbo].[tblCast] ([CastID], [CastFilmID], [CastActorID], [CastCharacterName]) VALUES (38, 10, 35, N'Optimus Prime')
INSERT [dbo].[tblCast] ([CastID], [CastFilmID], [CastActorID], [CastCharacterName]) VALUES (39, 10, 36, N'Megatron')
INSERT [dbo].[tblCast] ([CastID], [CastFilmID], [CastActorID], [CastCharacterName]) VALUES (40, 11, 38, N'Harry Potter')
INSERT [dbo].[tblCast] ([CastID], [CastFilmID], [CastActorID], [CastCharacterName]) VALUES (41, 11, 39, N'Lord Voldemort')
INSERT [dbo].[tblCast] ([CastID], [CastFilmID], [CastActorID], [CastCharacterName]) VALUES (42, 11, 40, N'Alastor ''Mad-Eye'' Moody')
INSERT [dbo].[tblCast] ([CastID], [CastFilmID], [CastActorID], [CastCharacterName]) VALUES (43, 11, 41, N'Sirius Black')
INSERT [dbo].[tblCast] ([CastID], [CastFilmID], [CastActorID], [CastCharacterName]) VALUES (44, 11, 47, N'Hermione Granger')
INSERT [dbo].[tblCast] ([CastID], [CastFilmID], [CastActorID], [CastCharacterName]) VALUES (45, 11, 48, N'Ron Weasley')
INSERT [dbo].[tblCast] ([CastID], [CastFilmID], [CastActorID], [CastCharacterName]) VALUES (46, 11, 42, N'Albus Dumbledore')
INSERT [dbo].[tblCast] ([CastID], [CastFilmID], [CastActorID], [CastCharacterName]) VALUES (47, 11, 43, N'Severus Snape')
INSERT [dbo].[tblCast] ([CastID], [CastFilmID], [CastActorID], [CastCharacterName]) VALUES (48, 11, 44, N'Sybil Trelawney')
INSERT [dbo].[tblCast] ([CastID], [CastFilmID], [CastActorID], [CastCharacterName]) VALUES (49, 11, 45, N'Bellatrix Lestrange')
INSERT [dbo].[tblCast] ([CastID], [CastFilmID], [CastActorID], [CastCharacterName]) VALUES (50, 11, 46, N'Rubeus Hagrid')
INSERT [dbo].[tblCast] ([CastID], [CastFilmID], [CastActorID], [CastCharacterName]) VALUES (51, 12, 49, N'Wealthow')
INSERT [dbo].[tblCast] ([CastID], [CastFilmID], [CastActorID], [CastCharacterName]) VALUES (52, 12, 50, N'Hrothgar')
INSERT [dbo].[tblCast] ([CastID], [CastFilmID], [CastActorID], [CastCharacterName]) VALUES (53, 12, 51, N'Unferth')
INSERT [dbo].[tblCast] ([CastID], [CastFilmID], [CastActorID], [CastCharacterName]) VALUES (54, 12, 52, N'Beowulf')
INSERT [dbo].[tblCast] ([CastID], [CastFilmID], [CastActorID], [CastCharacterName]) VALUES (55, 12, 40, N'Wiglaf')
INSERT [dbo].[tblCast] ([CastID], [CastFilmID], [CastActorID], [CastCharacterName]) VALUES (56, 12, 53, N'Grendel''s Mother')
INSERT [dbo].[tblCast] ([CastID], [CastFilmID], [CastActorID], [CastCharacterName]) VALUES (57, 7, 54, N'Congressman Long')
INSERT [dbo].[tblCast] ([CastID], [CastFilmID], [CastActorID], [CastCharacterName]) VALUES (58, 13, 55, N'Barry B. Benson')
INSERT [dbo].[tblCast] ([CastID], [CastFilmID], [CastActorID], [CastCharacterName]) VALUES (59, 13, 56, N'Vanessa Bloome')
INSERT [dbo].[tblCast] ([CastID], [CastFilmID], [CastActorID], [CastCharacterName]) VALUES (60, 13, 57, N'Adam Flayman')
INSERT [dbo].[tblCast] ([CastID], [CastFilmID], [CastActorID], [CastCharacterName]) VALUES (61, 13, 54, N'Layton T. Montgomery')
INSERT [dbo].[tblCast] ([CastID], [CastFilmID], [CastActorID], [CastCharacterName]) VALUES (62, 13, 58, N'Mooseblood')
INSERT [dbo].[tblCast] ([CastID], [CastFilmID], [CastActorID], [CastCharacterName]) VALUES (63, 13, 59, N'Ray Liotta')
INSERT [dbo].[tblCast] ([CastID], [CastFilmID], [CastActorID], [CastCharacterName]) VALUES (64, 13, 60, N'Lou Lo Duca')
INSERT [dbo].[tblCast] ([CastID], [CastFilmID], [CastActorID], [CastCharacterName]) VALUES (65, 14, 61, N'Captain Jack Sparrow')
INSERT [dbo].[tblCast] ([CastID], [CastFilmID], [CastActorID], [CastCharacterName]) VALUES (66, 14, 62, N'Captain Barbossa')
INSERT [dbo].[tblCast] ([CastID], [CastFilmID], [CastActorID], [CastCharacterName]) VALUES (67, 14, 63, N'Will Turner')
INSERT [dbo].[tblCast] ([CastID], [CastFilmID], [CastActorID], [CastCharacterName]) VALUES (68, 14, 64, N'Elizabeth Swann')
INSERT [dbo].[tblCast] ([CastID], [CastFilmID], [CastActorID], [CastCharacterName]) VALUES (69, 14, 65, N'Davy Jones')
INSERT [dbo].[tblCast] ([CastID], [CastFilmID], [CastActorID], [CastCharacterName]) VALUES (70, 14, 66, N'Governor Weatherby Swann')
INSERT [dbo].[tblCast] ([CastID], [CastFilmID], [CastActorID], [CastCharacterName]) VALUES (71, 14, 67, N'''Bootstrap'' Bill Turner')
INSERT [dbo].[tblCast] ([CastID], [CastFilmID], [CastActorID], [CastCharacterName]) VALUES (72, 15, 68, N'Robert Neville')
INSERT [dbo].[tblCast] ([CastID], [CastFilmID], [CastActorID], [CastCharacterName]) VALUES (73, 15, 44, N'Dr. Alice Krippin')
INSERT [dbo].[tblCast] ([CastID], [CastFilmID], [CastActorID], [CastCharacterName]) VALUES (74, 16, 69, N'Remy')
INSERT [dbo].[tblCast] ([CastID], [CastFilmID], [CastActorID], [CastCharacterName]) VALUES (75, 16, 70, N'Skinner')
INSERT [dbo].[tblCast] ([CastID], [CastFilmID], [CastActorID], [CastCharacterName]) VALUES (76, 16, 71, N'Django')
INSERT [dbo].[tblCast] ([CastID], [CastFilmID], [CastActorID], [CastCharacterName]) VALUES (77, 16, 72, N'Anton Ego')
INSERT [dbo].[tblCast] ([CastID], [CastFilmID], [CastActorID], [CastCharacterName]) VALUES (78, 17, 73, N'Agamemnon')
INSERT [dbo].[tblCast] ([CastID], [CastFilmID], [CastActorID], [CastCharacterName]) VALUES (79, 17, 75, N'Achilles')
INSERT [dbo].[tblCast] ([CastID], [CastFilmID], [CastActorID], [CastCharacterName]) VALUES (80, 17, 40, N'Menelaus')
INSERT [dbo].[tblCast] ([CastID], [CastFilmID], [CastActorID], [CastCharacterName]) VALUES (81, 17, 76, N'Helen')
INSERT [dbo].[tblCast] ([CastID], [CastFilmID], [CastActorID], [CastCharacterName]) VALUES (82, 17, 77, N'Hector')
INSERT [dbo].[tblCast] ([CastID], [CastFilmID], [CastActorID], [CastCharacterName]) VALUES (83, 17, 63, N'Paris')
INSERT [dbo].[tblCast] ([CastID], [CastFilmID], [CastActorID], [CastCharacterName]) VALUES (84, 18, 38, N'Harry Potter')
INSERT [dbo].[tblCast] ([CastID], [CastFilmID], [CastActorID], [CastCharacterName]) VALUES (85, 18, 47, N'Hermione Granger')
INSERT [dbo].[tblCast] ([CastID], [CastFilmID], [CastActorID], [CastCharacterName]) VALUES (86, 18, 48, N'Ron Weasley')
INSERT [dbo].[tblCast] ([CastID], [CastFilmID], [CastActorID], [CastCharacterName]) VALUES (87, 18, 46, N'Rubeus Hagrid')
INSERT [dbo].[tblCast] ([CastID], [CastFilmID], [CastActorID], [CastCharacterName]) VALUES (88, 18, 42, N'Albus Dumbledore')
INSERT [dbo].[tblCast] ([CastID], [CastFilmID], [CastActorID], [CastCharacterName]) VALUES (89, 18, 43, N'Severus Snape')
INSERT [dbo].[tblCast] ([CastID], [CastFilmID], [CastActorID], [CastCharacterName]) VALUES (90, 18, 40, N'Professor Alastor ''Mad­Eye'' Moody')
INSERT [dbo].[tblCast] ([CastID], [CastFilmID], [CastActorID], [CastCharacterName]) VALUES (91, 18, 41, N'Sirius Black')
INSERT [dbo].[tblCast] ([CastID], [CastFilmID], [CastActorID], [CastCharacterName]) VALUES (92, 18, 39, N'Lord Voldemort')
INSERT [dbo].[tblCast] ([CastID], [CastFilmID], [CastActorID], [CastCharacterName]) VALUES (93, 19, 78, N'Bruce Wayne')
INSERT [dbo].[tblCast] ([CastID], [CastFilmID], [CastActorID], [CastCharacterName]) VALUES (94, 19, 79, N'Alfred')
INSERT [dbo].[tblCast] ([CastID], [CastFilmID], [CastActorID], [CastCharacterName]) VALUES (95, 19, 80, N'Henri Ducard')
INSERT [dbo].[tblCast] ([CastID], [CastFilmID], [CastActorID], [CastCharacterName]) VALUES (96, 19, 81, N'Rachel Dawes')
INSERT [dbo].[tblCast] ([CastID], [CastFilmID], [CastActorID], [CastCharacterName]) VALUES (97, 19, 41, N'Jim Gordon')
INSERT [dbo].[tblCast] ([CastID], [CastFilmID], [CastActorID], [CastCharacterName]) VALUES (98, 19, 82, N'Earle')
INSERT [dbo].[tblCast] ([CastID], [CastFilmID], [CastActorID], [CastCharacterName]) VALUES (99, 19, 83, N'Ra''s Al Ghul')
INSERT [dbo].[tblCast] ([CastID], [CastFilmID], [CastActorID], [CastCharacterName]) VALUES (100, 19, 22, N'Lucius Fox')
INSERT [dbo].[tblCast] ([CastID], [CastFilmID], [CastActorID], [CastCharacterName]) VALUES (101, 20, 61, N'Willy Wonka')
GO
print 'Processed 100 total records'
INSERT [dbo].[tblCast] ([CastID], [CastFilmID], [CastActorID], [CastCharacterName]) VALUES (102, 20, 45, N'Mrs. Bucket')
INSERT [dbo].[tblCast] ([CastID], [CastFilmID], [CastActorID], [CastCharacterName]) VALUES (103, 20, 84, N'Mr. Salt')
INSERT [dbo].[tblCast] ([CastID], [CastFilmID], [CastActorID], [CastCharacterName]) VALUES (104, 20, 85, N'Dr. Wonka')
INSERT [dbo].[tblCast] ([CastID], [CastFilmID], [CastActorID], [CastCharacterName]) VALUES (105, 21, 61, N'Captain Jack Sparrow')
INSERT [dbo].[tblCast] ([CastID], [CastFilmID], [CastActorID], [CastCharacterName]) VALUES (106, 21, 63, N'Will Turner')
INSERT [dbo].[tblCast] ([CastID], [CastFilmID], [CastActorID], [CastCharacterName]) VALUES (107, 21, 64, N'Elizabeth Swann')
INSERT [dbo].[tblCast] ([CastID], [CastFilmID], [CastActorID], [CastCharacterName]) VALUES (108, 21, 65, N'Davy Jones')
INSERT [dbo].[tblCast] ([CastID], [CastFilmID], [CastActorID], [CastCharacterName]) VALUES (109, 21, 66, N'Governor Weatherby Swann')
INSERT [dbo].[tblCast] ([CastID], [CastFilmID], [CastActorID], [CastCharacterName]) VALUES (110, 21, 67, N'''Bootstrap'' Bill Turner')
INSERT [dbo].[tblCast] ([CastID], [CastFilmID], [CastActorID], [CastCharacterName]) VALUES (111, 22, 86, N'James Bond')
INSERT [dbo].[tblCast] ([CastID], [CastFilmID], [CastActorID], [CastCharacterName]) VALUES (112, 22, 89, N'M')
INSERT [dbo].[tblCast] ([CastID], [CastFilmID], [CastActorID], [CastCharacterName]) VALUES (113, 22, 90, N'R')
INSERT [dbo].[tblCast] ([CastID], [CastFilmID], [CastActorID], [CastCharacterName]) VALUES (114, 22, 87, N'Jinx')
INSERT [dbo].[tblCast] ([CastID], [CastFilmID], [CastActorID], [CastCharacterName]) VALUES (115, 22, 88, N'Miranda Frost')
INSERT [dbo].[tblCast] ([CastID], [CastFilmID], [CastActorID], [CastCharacterName]) VALUES (116, 22, 91, N'Damian Falco')
INSERT [dbo].[tblCast] ([CastID], [CastFilmID], [CastActorID], [CastCharacterName]) VALUES (117, 22, 92, N'Miss Moneypenny')
INSERT [dbo].[tblCast] ([CastID], [CastFilmID], [CastActorID], [CastCharacterName]) VALUES (118, 23, 93, N'Martin Riggs')
INSERT [dbo].[tblCast] ([CastID], [CastFilmID], [CastActorID], [CastCharacterName]) VALUES (119, 23, 94, N'Roger Murtaugh')
INSERT [dbo].[tblCast] ([CastID], [CastFilmID], [CastActorID], [CastCharacterName]) VALUES (120, 23, 95, N'Leo Getz')
INSERT [dbo].[tblCast] ([CastID], [CastFilmID], [CastActorID], [CastCharacterName]) VALUES (121, 23, 96, N'Lorna Cole')
INSERT [dbo].[tblCast] ([CastID], [CastFilmID], [CastActorID], [CastCharacterName]) VALUES (122, 23, 58, N'Detective Lee Butters')
INSERT [dbo].[tblCast] ([CastID], [CastFilmID], [CastActorID], [CastCharacterName]) VALUES (123, 23, 97, N'Wah Sing Ku')
INSERT [dbo].[tblCast] ([CastID], [CastFilmID], [CastActorID], [CastCharacterName]) VALUES (124, 24, 98, N'Harry S. Stamper')
INSERT [dbo].[tblCast] ([CastID], [CastFilmID], [CastActorID], [CastCharacterName]) VALUES (125, 24, 99, N'Dan Truman')
INSERT [dbo].[tblCast] ([CastID], [CastFilmID], [CastActorID], [CastCharacterName]) VALUES (126, 24, 25, N'A.J. Frost')
INSERT [dbo].[tblCast] ([CastID], [CastFilmID], [CastActorID], [CastCharacterName]) VALUES (127, 24, 100, N'Grace Stamper')
INSERT [dbo].[tblCast] ([CastID], [CastFilmID], [CastActorID], [CastCharacterName]) VALUES (128, 24, 101, N'Rockhound')
INSERT [dbo].[tblCast] ([CastID], [CastFilmID], [CastActorID], [CastCharacterName]) VALUES (129, 24, 102, N'Oscar Choi')
INSERT [dbo].[tblCast] ([CastID], [CastFilmID], [CastActorID], [CastCharacterName]) VALUES (130, 24, 103, N'Jayotis ''Bear'' Kurleenbear')
INSERT [dbo].[tblCast] ([CastID], [CastFilmID], [CastActorID], [CastCharacterName]) VALUES (131, 24, 104, N'Lev Andropov')
INSERT [dbo].[tblCast] ([CastID], [CastFilmID], [CastActorID], [CastCharacterName]) VALUES (132, 25, 68, N'Agent Jay')
INSERT [dbo].[tblCast] ([CastID], [CastFilmID], [CastActorID], [CastCharacterName]) VALUES (133, 25, 105, N'Agent Kay')
INSERT [dbo].[tblCast] ([CastID], [CastFilmID], [CastActorID], [CastCharacterName]) VALUES (134, 25, 60, N'Zed')
INSERT [dbo].[tblCast] ([CastID], [CastFilmID], [CastActorID], [CastCharacterName]) VALUES (135, 26, 7, N'Peter Parker')
INSERT [dbo].[tblCast] ([CastID], [CastFilmID], [CastActorID], [CastCharacterName]) VALUES (136, 26, 9, N'Mary Jane Watson')
INSERT [dbo].[tblCast] ([CastID], [CastFilmID], [CastActorID], [CastCharacterName]) VALUES (137, 27, 7, N'Peter Parker')
INSERT [dbo].[tblCast] ([CastID], [CastFilmID], [CastActorID], [CastCharacterName]) VALUES (138, 27, 9, N'Mary Jane Watson')
INSERT [dbo].[tblCast] ([CastID], [CastFilmID], [CastActorID], [CastCharacterName]) VALUES (139, 27, 8, N'Norman Osborn')
INSERT [dbo].[tblCast] ([CastID], [CastFilmID], [CastActorID], [CastCharacterName]) VALUES (140, 28, 106, N'Lt. Henry Purcell')
INSERT [dbo].[tblCast] ([CastID], [CastFilmID], [CastActorID], [CastCharacterName]) VALUES (141, 28, 107, N'Lt. Kara Wade')
INSERT [dbo].[tblCast] ([CastID], [CastFilmID], [CastActorID], [CastCharacterName]) VALUES (142, 29, 30, N'Captain Gray Edwards')
INSERT [dbo].[tblCast] ([CastID], [CastFilmID], [CastActorID], [CastCharacterName]) VALUES (143, 29, 108, N'Sgt. Ryan Whitaker')
INSERT [dbo].[tblCast] ([CastID], [CastFilmID], [CastActorID], [CastCharacterName]) VALUES (144, 29, 101, N'Officer Neil Fleming')
INSERT [dbo].[tblCast] ([CastID], [CastFilmID], [CastActorID], [CastCharacterName]) VALUES (145, 29, 109, N'Dr. Cid')
INSERT [dbo].[tblCast] ([CastID], [CastFilmID], [CastActorID], [CastCharacterName]) VALUES (146, 29, 110, N'General Hein')
INSERT [dbo].[tblCast] ([CastID], [CastFilmID], [CastActorID], [CastCharacterName]) VALUES (147, 30, 111, N'Sonny Crockett')
INSERT [dbo].[tblCast] ([CastID], [CastFilmID], [CastActorID], [CastCharacterName]) VALUES (148, 30, 106, N'Ricardo Tubbs')
INSERT [dbo].[tblCast] ([CastID], [CastFilmID], [CastActorID], [CastCharacterName]) VALUES (149, 30, 112, N'FBI Agent Fujima')
INSERT [dbo].[tblCast] ([CastID], [CastFilmID], [CastActorID], [CastCharacterName]) VALUES (150, 31, 86, N'James Bond')
INSERT [dbo].[tblCast] ([CastID], [CastFilmID], [CastActorID], [CastCharacterName]) VALUES (151, 31, 113, N'Elektra')
INSERT [dbo].[tblCast] ([CastID], [CastFilmID], [CastActorID], [CastCharacterName]) VALUES (152, 31, 114, N'Renard')
INSERT [dbo].[tblCast] ([CastID], [CastFilmID], [CastActorID], [CastCharacterName]) VALUES (153, 31, 115, N'Christmas Jones')
INSERT [dbo].[tblCast] ([CastID], [CastFilmID], [CastActorID], [CastCharacterName]) VALUES (154, 31, 46, N'Valentin Zukovsky')
INSERT [dbo].[tblCast] ([CastID], [CastFilmID], [CastActorID], [CastCharacterName]) VALUES (155, 31, 116, N'Q')
INSERT [dbo].[tblCast] ([CastID], [CastFilmID], [CastActorID], [CastCharacterName]) VALUES (156, 31, 89, N'M')
INSERT [dbo].[tblCast] ([CastID], [CastFilmID], [CastActorID], [CastCharacterName]) VALUES (157, 31, 90, N'R')
INSERT [dbo].[tblCast] ([CastID], [CastFilmID], [CastActorID], [CastCharacterName]) VALUES (158, 31, 92, N'Miss Moneypenny')
INSERT [dbo].[tblCast] ([CastID], [CastFilmID], [CastActorID], [CastCharacterName]) VALUES (159, 32, 117, N'Captain Jack Aubrey')
INSERT [dbo].[tblCast] ([CastID], [CastFilmID], [CastActorID], [CastCharacterName]) VALUES (160, 32, 118, N'Dr. Stephen Maturin')
INSERT [dbo].[tblCast] ([CastID], [CastFilmID], [CastActorID], [CastCharacterName]) VALUES (161, 33, 119, N'Rachel Ferrier')
INSERT [dbo].[tblCast] ([CastID], [CastFilmID], [CastActorID], [CastCharacterName]) VALUES (162, 33, 120, N'Harlan Ogilvy')
INSERT [dbo].[tblCast] ([CastID], [CastFilmID], [CastActorID], [CastCharacterName]) VALUES (163, 34, 121, N'Jason Bourne')
INSERT [dbo].[tblCast] ([CastID], [CastFilmID], [CastActorID], [CastCharacterName]) VALUES (164, 34, 122, N'Nicky Parsons')
INSERT [dbo].[tblCast] ([CastID], [CastFilmID], [CastActorID], [CastCharacterName]) VALUES (165, 34, 123, N'Deputy Director Noah Vosen')
INSERT [dbo].[tblCast] ([CastID], [CastFilmID], [CastActorID], [CastCharacterName]) VALUES (166, 34, 124, N'Simon Ross')
INSERT [dbo].[tblCast] ([CastID], [CastFilmID], [CastActorID], [CastCharacterName]) VALUES (167, 34, 125, N'Dr. Albert Hirsch')
INSERT [dbo].[tblCast] ([CastID], [CastFilmID], [CastActorID], [CastCharacterName]) VALUES (168, 35, 38, N'Harry Potter')
INSERT [dbo].[tblCast] ([CastID], [CastFilmID], [CastActorID], [CastCharacterName]) VALUES (169, 35, 47, N'Hermione Granger')
INSERT [dbo].[tblCast] ([CastID], [CastFilmID], [CastActorID], [CastCharacterName]) VALUES (170, 35, 48, N'Ron Weasley')
INSERT [dbo].[tblCast] ([CastID], [CastFilmID], [CastActorID], [CastCharacterName]) VALUES (171, 35, 41, N'Sirius Black')
INSERT [dbo].[tblCast] ([CastID], [CastFilmID], [CastActorID], [CastCharacterName]) VALUES (172, 35, 43, N'Professor Severus Snape')
INSERT [dbo].[tblCast] ([CastID], [CastFilmID], [CastActorID], [CastCharacterName]) VALUES (173, 35, 46, N'Rubeus Hagrid')
INSERT [dbo].[tblCast] ([CastID], [CastFilmID], [CastActorID], [CastCharacterName]) VALUES (174, 35, 44, N'Professor Sybil Trelawney')
INSERT [dbo].[tblCast] ([CastID], [CastFilmID], [CastActorID], [CastCharacterName]) VALUES (175, 36, 126, N'Persephone')
INSERT [dbo].[tblCast] ([CastID], [CastFilmID], [CastActorID], [CastCharacterName]) VALUES (176, 36, 127, N'Morpheus')
INSERT [dbo].[tblCast] ([CastID], [CastFilmID], [CastActorID], [CastCharacterName]) VALUES (177, 36, 128, N'Trinity')
INSERT [dbo].[tblCast] ([CastID], [CastFilmID], [CastActorID], [CastCharacterName]) VALUES (178, 36, 129, N'Neo')
INSERT [dbo].[tblCast] ([CastID], [CastFilmID], [CastActorID], [CastCharacterName]) VALUES (179, 36, 36, N'Agent Smith')
INSERT [dbo].[tblCast] ([CastID], [CastFilmID], [CastActorID], [CastCharacterName]) VALUES (180, 37, 130, N'Dr. Robert Langdon')
INSERT [dbo].[tblCast] ([CastID], [CastFilmID], [CastActorID], [CastCharacterName]) VALUES (181, 37, 131, N'Agent Sophie Neveu')
INSERT [dbo].[tblCast] ([CastID], [CastFilmID], [CastActorID], [CastCharacterName]) VALUES (182, 37, 132, N'Sir Leigh Teabing')
INSERT [dbo].[tblCast] ([CastID], [CastFilmID], [CastActorID], [CastCharacterName]) VALUES (183, 37, 133, N'Captain Bezu Fache')
INSERT [dbo].[tblCast] ([CastID], [CastFilmID], [CastActorID], [CastCharacterName]) VALUES (184, 37, 118, N'Silas')
INSERT [dbo].[tblCast] ([CastID], [CastFilmID], [CastActorID], [CastCharacterName]) VALUES (185, 37, 134, N'Andre Vernet')
INSERT [dbo].[tblCast] ([CastID], [CastFilmID], [CastActorID], [CastCharacterName]) VALUES (186, 38, 135, N'Professor Albus Dumbledore')
INSERT [dbo].[tblCast] ([CastID], [CastFilmID], [CastActorID], [CastCharacterName]) VALUES (187, 38, 46, N'Rubeus Hagrid')
INSERT [dbo].[tblCast] ([CastID], [CastFilmID], [CastActorID], [CastCharacterName]) VALUES (188, 38, 38, N'Harry Potter')
INSERT [dbo].[tblCast] ([CastID], [CastFilmID], [CastActorID], [CastCharacterName]) VALUES (189, 38, 136, N'Mr. Ollivander')
INSERT [dbo].[tblCast] ([CastID], [CastFilmID], [CastActorID], [CastCharacterName]) VALUES (190, 38, 48, N'Ron Weasley')
INSERT [dbo].[tblCast] ([CastID], [CastFilmID], [CastActorID], [CastCharacterName]) VALUES (191, 38, 47, N'Hermione Granger')
INSERT [dbo].[tblCast] ([CastID], [CastFilmID], [CastActorID], [CastCharacterName]) VALUES (192, 38, 90, N'Nearly Headless Nick')
INSERT [dbo].[tblCast] ([CastID], [CastFilmID], [CastActorID], [CastCharacterName]) VALUES (193, 38, 43, N'Professor Severus Snape')
INSERT [dbo].[tblCast] ([CastID], [CastFilmID], [CastActorID], [CastCharacterName]) VALUES (194, 39, 137, N'Jack Hall')
INSERT [dbo].[tblCast] ([CastID], [CastFilmID], [CastActorID], [CastCharacterName]) VALUES (195, 39, 138, N'Sam Hall')
INSERT [dbo].[tblCast] ([CastID], [CastFilmID], [CastActorID], [CastCharacterName]) VALUES (196, 39, 70, N'Terry Rapson')
INSERT [dbo].[tblCast] ([CastID], [CastFilmID], [CastActorID], [CastCharacterName]) VALUES (197, 40, 61, N'Captain Jack Sparrow')
INSERT [dbo].[tblCast] ([CastID], [CastFilmID], [CastActorID], [CastCharacterName]) VALUES (198, 40, 63, N'Will Turner')
INSERT [dbo].[tblCast] ([CastID], [CastFilmID], [CastActorID], [CastCharacterName]) VALUES (199, 40, 64, N'Elizabeth Swann')
INSERT [dbo].[tblCast] ([CastID], [CastFilmID], [CastActorID], [CastCharacterName]) VALUES (200, 40, 66, N'Governor Weatherby Swann')
INSERT [dbo].[tblCast] ([CastID], [CastFilmID], [CastActorID], [CastCharacterName]) VALUES (201, 40, 62, N'Captain Barbossa')
INSERT [dbo].[tblCast] ([CastID], [CastFilmID], [CastActorID], [CastCharacterName]) VALUES (202, 41, 1, N'Nathan Algren')
GO
print 'Processed 200 total records'
INSERT [dbo].[tblCast] ([CastID], [CastFilmID], [CastActorID], [CastCharacterName]) VALUES (203, 41, 83, N'Katsumoto')
INSERT [dbo].[tblCast] ([CastID], [CastFilmID], [CastActorID], [CastCharacterName]) VALUES (204, 264, 140, N'Kaneda')
INSERT [dbo].[tblCast] ([CastID], [CastFilmID], [CastActorID], [CastCharacterName]) VALUES (205, 264, 141, N'Capa')
INSERT [dbo].[tblCast] ([CastID], [CastFilmID], [CastActorID], [CastCharacterName]) VALUES (206, 264, 142, N'Corazon')
INSERT [dbo].[tblCast] ([CastID], [CastFilmID], [CastActorID], [CastCharacterName]) VALUES (207, 19, 141, N'Dr. Jonathan Crane')
INSERT [dbo].[tblCast] ([CastID], [CastFilmID], [CastActorID], [CastCharacterName]) VALUES (208, 41, 140, N'Ujio')
INSERT [dbo].[tblCast] ([CastID], [CastFilmID], [CastActorID], [CastCharacterName]) VALUES (209, 41, 139, N'Zebulon Gant')
INSERT [dbo].[tblCast] ([CastID], [CastFilmID], [CastActorID], [CastCharacterName]) VALUES (210, 42, 143, N'Captain Billy Tyne')
INSERT [dbo].[tblCast] ([CastID], [CastFilmID], [CastActorID], [CastCharacterName]) VALUES (211, 42, 144, N'Bobby Shatford')
INSERT [dbo].[tblCast] ([CastID], [CastFilmID], [CastActorID], [CastCharacterName]) VALUES (212, 42, 145, N'Dale ''Murph'' Murphy')
INSERT [dbo].[tblCast] ([CastID], [CastFilmID], [CastActorID], [CastCharacterName]) VALUES (213, 42, 146, N'Linda Greenlaw')
INSERT [dbo].[tblCast] ([CastID], [CastFilmID], [CastActorID], [CastCharacterName]) VALUES (214, 42, 147, N'Bob Brown')
INSERT [dbo].[tblCast] ([CastID], [CastFilmID], [CastActorID], [CastCharacterName]) VALUES (215, 43, 1, N'Ethan Hunt')
INSERT [dbo].[tblCast] ([CastID], [CastFilmID], [CastActorID], [CastCharacterName]) VALUES (216, 43, 148, N'Owen Davian')
INSERT [dbo].[tblCast] ([CastID], [CastFilmID], [CastActorID], [CastCharacterName]) VALUES (217, 43, 108, N'Luther')
INSERT [dbo].[tblCast] ([CastID], [CastFilmID], [CastActorID], [CastCharacterName]) VALUES (218, 43, 149, N'Julia')
INSERT [dbo].[tblCast] ([CastID], [CastFilmID], [CastActorID], [CastCharacterName]) VALUES (219, 43, 150, N'Benji')
INSERT [dbo].[tblCast] ([CastID], [CastFilmID], [CastActorID], [CastCharacterName]) VALUES (220, 43, 127, N'Theodore Brassel')
INSERT [dbo].[tblCast] ([CastID], [CastFilmID], [CastActorID], [CastCharacterName]) VALUES (221, 44, 1, N'Ethan Hunt')
INSERT [dbo].[tblCast] ([CastID], [CastFilmID], [CastActorID], [CastCharacterName]) VALUES (222, 44, 108, N'Luther Stickell')
INSERT [dbo].[tblCast] ([CastID], [CastFilmID], [CastActorID], [CastCharacterName]) VALUES (223, 44, 40, N'John C. McCloy')
INSERT [dbo].[tblCast] ([CastID], [CastFilmID], [CastActorID], [CastCharacterName]) VALUES (224, 45, 151, N'Christian Slater')
INSERT [dbo].[tblCast] ([CastID], [CastFilmID], [CastActorID], [CastCharacterName]) VALUES (225, 45, 104, N'Gunnery Sergeant Hjelmstad')
INSERT [dbo].[tblCast] ([CastID], [CastFilmID], [CastActorID], [CastCharacterName]) VALUES (226, 45, 152, N'Sgt. Pete ''Ox'' Anderson')
INSERT [dbo].[tblCast] ([CastID], [CastFilmID], [CastActorID], [CastCharacterName]) VALUES (227, 46, 153, N'Obi-Wan Kenobi')
INSERT [dbo].[tblCast] ([CastID], [CastFilmID], [CastActorID], [CastCharacterName]) VALUES (228, 46, 154, N'Senator Padme Amidala')
INSERT [dbo].[tblCast] ([CastID], [CastFilmID], [CastActorID], [CastCharacterName]) VALUES (229, 46, 155, N'Anakin Skywalker')
INSERT [dbo].[tblCast] ([CastID], [CastFilmID], [CastActorID], [CastCharacterName]) VALUES (230, 46, 85, N'Count Dooku')
INSERT [dbo].[tblCast] ([CastID], [CastFilmID], [CastActorID], [CastCharacterName]) VALUES (231, 46, 6, N'Mace Windu')
INSERT [dbo].[tblCast] ([CastID], [CastFilmID], [CastActorID], [CastCharacterName]) VALUES (232, 46, 156, N'Yoda')
INSERT [dbo].[tblCast] ([CastID], [CastFilmID], [CastActorID], [CastCharacterName]) VALUES (233, 46, 157, N'Chancellor Palpatine')
INSERT [dbo].[tblCast] ([CastID], [CastFilmID], [CastActorID], [CastCharacterName]) VALUES (234, 46, 158, N'Jango Fett')
INSERT [dbo].[tblCast] ([CastID], [CastFilmID], [CastActorID], [CastCharacterName]) VALUES (235, 265, 158, N'Jake Heke')
INSERT [dbo].[tblCast] ([CastID], [CastFilmID], [CastActorID], [CastCharacterName]) VALUES (236, 265, 159, N'Beth Heke')
INSERT [dbo].[tblCast] ([CastID], [CastFilmID], [CastActorID], [CastCharacterName]) VALUES (237, 47, 54, N'James P. "Sulley" Sullivan')
INSERT [dbo].[tblCast] ([CastID], [CastFilmID], [CastActorID], [CastCharacterName]) VALUES (238, 47, 160, N'Mike Wazowski')
INSERT [dbo].[tblCast] ([CastID], [CastFilmID], [CastActorID], [CastCharacterName]) VALUES (239, 47, 101, N'Randall Boggs')
INSERT [dbo].[tblCast] ([CastID], [CastFilmID], [CastActorID], [CastCharacterName]) VALUES (240, 47, 161, N'Henry J. Waternoose')
INSERT [dbo].[tblCast] ([CastID], [CastFilmID], [CastActorID], [CastCharacterName]) VALUES (241, 47, 156, N'Fungus')
INSERT [dbo].[tblCast] ([CastID], [CastFilmID], [CastActorID], [CastCharacterName]) VALUES (242, 48, 80, N'Qui-Gon Jinn')
INSERT [dbo].[tblCast] ([CastID], [CastFilmID], [CastActorID], [CastCharacterName]) VALUES (243, 48, 153, N'Obi-Wan Kenobi')
INSERT [dbo].[tblCast] ([CastID], [CastFilmID], [CastActorID], [CastCharacterName]) VALUES (244, 48, 154, N'Queen Padme Amidala')
INSERT [dbo].[tblCast] ([CastID], [CastFilmID], [CastActorID], [CastCharacterName]) VALUES (245, 48, 156, N'Yoda')
INSERT [dbo].[tblCast] ([CastID], [CastFilmID], [CastActorID], [CastCharacterName]) VALUES (246, 48, 157, N'Senator Palpatine')
INSERT [dbo].[tblCast] ([CastID], [CastFilmID], [CastActorID], [CastCharacterName]) VALUES (247, 48, 162, N'Darth Maul')
INSERT [dbo].[tblCast] ([CastID], [CastFilmID], [CastActorID], [CastCharacterName]) VALUES (248, 48, 163, N'C-3PO')
INSERT [dbo].[tblCast] ([CastID], [CastFilmID], [CastActorID], [CastCharacterName]) VALUES (249, 48, 164, N'R2-D2')
INSERT [dbo].[tblCast] ([CastID], [CastFilmID], [CastActorID], [CastCharacterName]) VALUES (250, 48, 6, N'Mace Windu')
INSERT [dbo].[tblCast] ([CastID], [CastFilmID], [CastActorID], [CastCharacterName]) VALUES (251, 48, 64, N'Sabé')
INSERT [dbo].[tblCast] ([CastID], [CastFilmID], [CastActorID], [CastCharacterName]) VALUES (252, 49, 153, N'Obi-Wan Kenobi')
INSERT [dbo].[tblCast] ([CastID], [CastFilmID], [CastActorID], [CastCharacterName]) VALUES (253, 49, 154, N'Padme')
INSERT [dbo].[tblCast] ([CastID], [CastFilmID], [CastActorID], [CastCharacterName]) VALUES (254, 49, 155, N'Anakin Skywalker')
INSERT [dbo].[tblCast] ([CastID], [CastFilmID], [CastActorID], [CastCharacterName]) VALUES (255, 49, 157, N'Supreme Chancellor Palpatine')
INSERT [dbo].[tblCast] ([CastID], [CastFilmID], [CastActorID], [CastCharacterName]) VALUES (256, 49, 6, N'Mace Windu')
INSERT [dbo].[tblCast] ([CastID], [CastFilmID], [CastActorID], [CastCharacterName]) VALUES (257, 49, 156, N'Yoda')
INSERT [dbo].[tblCast] ([CastID], [CastFilmID], [CastActorID], [CastCharacterName]) VALUES (258, 49, 163, N'C-3PO')
INSERT [dbo].[tblCast] ([CastID], [CastFilmID], [CastActorID], [CastCharacterName]) VALUES (259, 49, 164, N'R2-D2')
INSERT [dbo].[tblCast] ([CastID], [CastFilmID], [CastActorID], [CastCharacterName]) VALUES (260, 49, 85, N'Count Dooku')
INSERT [dbo].[tblCast] ([CastID], [CastFilmID], [CastActorID], [CastCharacterName]) VALUES (261, 49, 158, N'Commander Cody')
INSERT [dbo].[tblCast] ([CastID], [CastFilmID], [CastActorID], [CastCharacterName]) VALUES (262, 49, 165, N'Chewbacca')
INSERT [dbo].[tblCast] ([CastID], [CastFilmID], [CastActorID], [CastCharacterName]) VALUES (263, 49, 159, N'Nee Alavar')
INSERT [dbo].[tblCast] ([CastID], [CastFilmID], [CastActorID], [CastCharacterName]) VALUES (264, 50, 126, N'Persephone')
INSERT [dbo].[tblCast] ([CastID], [CastFilmID], [CastActorID], [CastCharacterName]) VALUES (265, 50, 127, N'Morpheus')
INSERT [dbo].[tblCast] ([CastID], [CastFilmID], [CastActorID], [CastCharacterName]) VALUES (266, 50, 128, N'Trinity')
INSERT [dbo].[tblCast] ([CastID], [CastFilmID], [CastActorID], [CastCharacterName]) VALUES (267, 50, 129, N'Neo')
INSERT [dbo].[tblCast] ([CastID], [CastFilmID], [CastActorID], [CastCharacterName]) VALUES (268, 50, 36, N'Agent Smith')
INSERT [dbo].[tblCast] ([CastID], [CastFilmID], [CastActorID], [CastCharacterName]) VALUES (269, 51, 86, N'James Bond')
INSERT [dbo].[tblCast] ([CastID], [CastFilmID], [CastActorID], [CastCharacterName]) VALUES (270, 51, 66, N'Elliot Carver')
INSERT [dbo].[tblCast] ([CastID], [CastFilmID], [CastActorID], [CastCharacterName]) VALUES (271, 51, 142, N'Wai Lin')
INSERT [dbo].[tblCast] ([CastID], [CastFilmID], [CastActorID], [CastCharacterName]) VALUES (272, 51, 166, N'Jack Wade')
INSERT [dbo].[tblCast] ([CastID], [CastFilmID], [CastActorID], [CastCharacterName]) VALUES (273, 51, 89, N'M')
INSERT [dbo].[tblCast] ([CastID], [CastFilmID], [CastActorID], [CastCharacterName]) VALUES (274, 51, 116, N'Q')
INSERT [dbo].[tblCast] ([CastID], [CastFilmID], [CastActorID], [CastCharacterName]) VALUES (275, 51, 92, N'Miss Moneypenny')
INSERT [dbo].[tblCast] ([CastID], [CastFilmID], [CastActorID], [CastCharacterName]) VALUES (276, 52, 143, N'Danny Ocean')
INSERT [dbo].[tblCast] ([CastID], [CastFilmID], [CastActorID], [CastCharacterName]) VALUES (277, 52, 75, N'Rusty Ryan')
INSERT [dbo].[tblCast] ([CastID], [CastFilmID], [CastActorID], [CastCharacterName]) VALUES (278, 52, 167, N'Reuben Tishkoff')
INSERT [dbo].[tblCast] ([CastID], [CastFilmID], [CastActorID], [CastCharacterName]) VALUES (279, 52, 121, N'Linus Caldwell')
INSERT [dbo].[tblCast] ([CastID], [CastFilmID], [CastActorID], [CastCharacterName]) VALUES (280, 52, 168, N'Terry Benedict')
INSERT [dbo].[tblCast] ([CastID], [CastFilmID], [CastActorID], [CastCharacterName]) VALUES (281, 52, 169, N'Tess Ocean')
INSERT [dbo].[tblCast] ([CastID], [CastFilmID], [CastActorID], [CastCharacterName]) VALUES (282, 52, 170, N'Basher Tarr')
INSERT [dbo].[tblCast] ([CastID], [CastFilmID], [CastActorID], [CastCharacterName]) VALUES (283, 53, 98, N'John McClane')
INSERT [dbo].[tblCast] ([CastID], [CastFilmID], [CastActorID], [CastCharacterName]) VALUES (284, 53, 171, N'Thomas Gabriel')
INSERT [dbo].[tblCast] ([CastID], [CastFilmID], [CastActorID], [CastCharacterName]) VALUES (285, 53, 175, N'Mai')
INSERT [dbo].[tblCast] ([CastID], [CastFilmID], [CastActorID], [CastCharacterName]) VALUES (286, 54, 172, N'Passepartout')
INSERT [dbo].[tblCast] ([CastID], [CastFilmID], [CastActorID], [CastCharacterName]) VALUES (287, 54, 173, N'Phileas Fogg')
INSERT [dbo].[tblCast] ([CastID], [CastFilmID], [CastActorID], [CastCharacterName]) VALUES (288, 54, 177, N'Lord Kelvin')
INSERT [dbo].[tblCast] ([CastID], [CastFilmID], [CastActorID], [CastCharacterName]) VALUES (289, 54, 174, N'Prince Hapi')
INSERT [dbo].[tblCast] ([CastID], [CastFilmID], [CastActorID], [CastCharacterName]) VALUES (290, 54, 175, N'Female Agent')
INSERT [dbo].[tblCast] ([CastID], [CastFilmID], [CastActorID], [CastCharacterName]) VALUES (291, 54, 176, N'Wong Fei Hung')
INSERT [dbo].[tblCast] ([CastID], [CastFilmID], [CastActorID], [CastCharacterName]) VALUES (292, 54, 102, N'Wilbur Wright')
INSERT [dbo].[tblCast] ([CastID], [CastFilmID], [CastActorID], [CastCharacterName]) VALUES (293, 54, 90, N'Grizzled Sergeant')
INSERT [dbo].[tblCast] ([CastID], [CastFilmID], [CastActorID], [CastCharacterName]) VALUES (294, 54, 178, N'Orville Wright')
INSERT [dbo].[tblCast] ([CastID], [CastFilmID], [CastActorID], [CastCharacterName]) VALUES (295, 55, 80, N'Godfrey de Ibelin')
INSERT [dbo].[tblCast] ([CastID], [CastFilmID], [CastActorID], [CastCharacterName]) VALUES (296, 55, 63, N'Balian de Ibelin')
INSERT [dbo].[tblCast] ([CastID], [CastFilmID], [CastActorID], [CastCharacterName]) VALUES (297, 55, 40, N'Reynald')
INSERT [dbo].[tblCast] ([CastID], [CastFilmID], [CastActorID], [CastCharacterName]) VALUES (298, 55, 179, N'Tiberias')
INSERT [dbo].[tblCast] ([CastID], [CastFilmID], [CastActorID], [CastCharacterName]) VALUES (299, 55, 180, N'King Baldwin')
INSERT [dbo].[tblCast] ([CastID], [CastFilmID], [CastActorID], [CastCharacterName]) VALUES (300, 56, 75, N'John Smith')
INSERT [dbo].[tblCast] ([CastID], [CastFilmID], [CastActorID], [CastCharacterName]) VALUES (301, 56, 53, N'Jane Smith')
INSERT [dbo].[tblCast] ([CastID], [CastFilmID], [CastActorID], [CastCharacterName]) VALUES (302, 56, 181, N'Eddie')
INSERT [dbo].[tblCast] ([CastID], [CastFilmID], [CastActorID], [CastCharacterName]) VALUES (303, 56, 149, N'Gwen')
GO
print 'Processed 300 total records'
INSERT [dbo].[tblCast] ([CastID], [CastFilmID], [CastActorID], [CastCharacterName]) VALUES (304, 57, 17, N'Howard Hughes')
INSERT [dbo].[tblCast] ([CastID], [CastFilmID], [CastActorID], [CastCharacterName]) VALUES (305, 57, 182, N'Katharine Hepburn')
INSERT [dbo].[tblCast] ([CastID], [CastFilmID], [CastActorID], [CastCharacterName]) VALUES (306, 57, 27, N'Ava Gardner')
INSERT [dbo].[tblCast] ([CastID], [CastFilmID], [CastActorID], [CastCharacterName]) VALUES (307, 57, 145, N'Noah Dietrich')
INSERT [dbo].[tblCast] ([CastID], [CastFilmID], [CastActorID], [CastCharacterName]) VALUES (308, 57, 30, N'Juan Trippe')
INSERT [dbo].[tblCast] ([CastID], [CastFilmID], [CastActorID], [CastCharacterName]) VALUES (309, 57, 70, N'Professor Fitz')
INSERT [dbo].[tblCast] ([CastID], [CastFilmID], [CastActorID], [CastCharacterName]) VALUES (310, 57, 183, N'Errol Flynn')
INSERT [dbo].[tblCast] ([CastID], [CastFilmID], [CastActorID], [CastCharacterName]) VALUES (311, 57, 184, N'Robert Gross')
INSERT [dbo].[tblCast] ([CastID], [CastFilmID], [CastActorID], [CastCharacterName]) VALUES (312, 57, 8, N'Roland Sweet')
INSERT [dbo].[tblCast] ([CastID], [CastFilmID], [CastActorID], [CastCharacterName]) VALUES (313, 58, 68, N'Muhammad Ali')
INSERT [dbo].[tblCast] ([CastID], [CastFilmID], [CastActorID], [CastCharacterName]) VALUES (314, 58, 106, N'Drew ''Bundini'' Brown')
INSERT [dbo].[tblCast] ([CastID], [CastFilmID], [CastActorID], [CastCharacterName]) VALUES (315, 58, 29, N'Howard Cosell')
INSERT [dbo].[tblCast] ([CastID], [CastFilmID], [CastActorID], [CastCharacterName]) VALUES (316, 59, 182, N'Galadriel')
INSERT [dbo].[tblCast] ([CastID], [CastFilmID], [CastActorID], [CastCharacterName]) VALUES (317, 59, 63, N'Legolas Greenleaf')
INSERT [dbo].[tblCast] ([CastID], [CastFilmID], [CastActorID], [CastCharacterName]) VALUES (318, 59, 70, N'Bilbo Baggins')
INSERT [dbo].[tblCast] ([CastID], [CastFilmID], [CastActorID], [CastCharacterName]) VALUES (319, 59, 85, N'Saruman')
INSERT [dbo].[tblCast] ([CastID], [CastFilmID], [CastActorID], [CastCharacterName]) VALUES (320, 59, 13, N'Gollum')
INSERT [dbo].[tblCast] ([CastID], [CastFilmID], [CastActorID], [CastCharacterName]) VALUES (321, 59, 132, N'Gandalf the Grey')
INSERT [dbo].[tblCast] ([CastID], [CastFilmID], [CastActorID], [CastCharacterName]) VALUES (322, 59, 185, N'Aragorn')
INSERT [dbo].[tblCast] ([CastID], [CastFilmID], [CastActorID], [CastCharacterName]) VALUES (323, 59, 100, N'Arwen')
INSERT [dbo].[tblCast] ([CastID], [CastFilmID], [CastActorID], [CastCharacterName]) VALUES (324, 59, 36, N'Elrond')
INSERT [dbo].[tblCast] ([CastID], [CastFilmID], [CastActorID], [CastCharacterName]) VALUES (325, 59, 186, N'Frodo Baggins')
INSERT [dbo].[tblCast] ([CastID], [CastFilmID], [CastActorID], [CastCharacterName]) VALUES (326, 60, 68, N'Del Spooner')
INSERT [dbo].[tblCast] ([CastID], [CastFilmID], [CastActorID], [CastCharacterName]) VALUES (327, 60, 33, N'Farber')
INSERT [dbo].[tblCast] ([CastID], [CastFilmID], [CastActorID], [CastCharacterName]) VALUES (328, 60, 188, N'Susan Calvin')
INSERT [dbo].[tblCast] ([CastID], [CastFilmID], [CastActorID], [CastCharacterName]) VALUES (329, 60, 187, N'Dr. Alfred Lanning')
INSERT [dbo].[tblCast] ([CastID], [CastFilmID], [CastActorID], [CastCharacterName]) VALUES (330, 61, 189, N'James Bond')
INSERT [dbo].[tblCast] ([CastID], [CastFilmID], [CastActorID], [CastCharacterName]) VALUES (331, 61, 89, N'M')
INSERT [dbo].[tblCast] ([CastID], [CastFilmID], [CastActorID], [CastCharacterName]) VALUES (332, 62, 1, N'Chief John Anderton')
INSERT [dbo].[tblCast] ([CastID], [CastFilmID], [CastActorID], [CastCharacterName]) VALUES (333, 62, 190, N'Director Lamar Burgess')
INSERT [dbo].[tblCast] ([CastID], [CastFilmID], [CastActorID], [CastCharacterName]) VALUES (334, 62, 111, N'Danny Witwer')
INSERT [dbo].[tblCast] ([CastID], [CastFilmID], [CastActorID], [CastCharacterName]) VALUES (335, 62, 104, N'Dr. Solomon Eddie')
INSERT [dbo].[tblCast] ([CastID], [CastFilmID], [CastActorID], [CastCharacterName]) VALUES (336, 63, 174, N'The Terminator')
INSERT [dbo].[tblCast] ([CastID], [CastFilmID], [CastActorID], [CastCharacterName]) VALUES (337, 63, 191, N'Sarah Connor')
INSERT [dbo].[tblCast] ([CastID], [CastFilmID], [CastActorID], [CastCharacterName]) VALUES (338, 63, 192, N'John Connor')
INSERT [dbo].[tblCast] ([CastID], [CastFilmID], [CastActorID], [CastCharacterName]) VALUES (339, 63, 193, N'T-1000')
INSERT [dbo].[tblCast] ([CastID], [CastFilmID], [CastActorID], [CastCharacterName]) VALUES (340, 64, 87, N'Patience Phillips')
INSERT [dbo].[tblCast] ([CastID], [CastFilmID], [CastActorID], [CastCharacterName]) VALUES (341, 65, 38, N'Harry Potter')
INSERT [dbo].[tblCast] ([CastID], [CastFilmID], [CastActorID], [CastCharacterName]) VALUES (342, 65, 48, N'Ron Weasley')
INSERT [dbo].[tblCast] ([CastID], [CastFilmID], [CastActorID], [CastCharacterName]) VALUES (343, 65, 47, N'Hermione Granger')
INSERT [dbo].[tblCast] ([CastID], [CastFilmID], [CastActorID], [CastCharacterName]) VALUES (344, 65, 46, N'Rubeus Hagrid')
INSERT [dbo].[tblCast] ([CastID], [CastFilmID], [CastActorID], [CastCharacterName]) VALUES (345, 65, 194, N'Professor Gilderoy Lockhart')
INSERT [dbo].[tblCast] ([CastID], [CastFilmID], [CastActorID], [CastCharacterName]) VALUES (346, 65, 43, N'Professor Snape')
INSERT [dbo].[tblCast] ([CastID], [CastFilmID], [CastActorID], [CastCharacterName]) VALUES (347, 65, 135, N'Professor Albus Dumbledore')
INSERT [dbo].[tblCast] ([CastID], [CastFilmID], [CastActorID], [CastCharacterName]) VALUES (348, 65, 90, N'Nearly Headless Nick')
INSERT [dbo].[tblCast] ([CastID], [CastFilmID], [CastActorID], [CastCharacterName]) VALUES (349, 66, 195, N'Frank Lucas')
INSERT [dbo].[tblCast] ([CastID], [CastFilmID], [CastActorID], [CastCharacterName]) VALUES (350, 66, 117, N'Detective Richie Roberts')
INSERT [dbo].[tblCast] ([CastID], [CastFilmID], [CastActorID], [CastCharacterName]) VALUES (351, 67, 17, N'Danny Archer')
INSERT [dbo].[tblCast] ([CastID], [CastFilmID], [CastActorID], [CastCharacterName]) VALUES (352, 67, 196, N'Solomon Vandy')
INSERT [dbo].[tblCast] ([CastID], [CastFilmID], [CastActorID], [CastCharacterName]) VALUES (353, 67, 197, N'Maddy Bowen')
INSERT [dbo].[tblCast] ([CastID], [CastFilmID], [CastActorID], [CastCharacterName]) VALUES (354, 67, 198, N'Colonel Coetzee')
INSERT [dbo].[tblCast] ([CastID], [CastFilmID], [CastActorID], [CastCharacterName]) VALUES (355, 68, 117, N'Maximus')
INSERT [dbo].[tblCast] ([CastID], [CastFilmID], [CastActorID], [CastCharacterName]) VALUES (356, 68, 199, N'Commodus')
INSERT [dbo].[tblCast] ([CastID], [CastFilmID], [CastActorID], [CastCharacterName]) VALUES (357, 68, 200, N'Lucilla')
INSERT [dbo].[tblCast] ([CastID], [CastFilmID], [CastActorID], [CastCharacterName]) VALUES (358, 68, 201, N'Proximo')
INSERT [dbo].[tblCast] ([CastID], [CastFilmID], [CastActorID], [CastCharacterName]) VALUES (359, 68, 135, N'Marcus Aurelius')
INSERT [dbo].[tblCast] ([CastID], [CastFilmID], [CastActorID], [CastCharacterName]) VALUES (360, 68, 196, N'Juba')
INSERT [dbo].[tblCast] ([CastID], [CastFilmID], [CastActorID], [CastCharacterName]) VALUES (361, 69, 174, N'Harry Tasker')
INSERT [dbo].[tblCast] ([CastID], [CastFilmID], [CastActorID], [CastCharacterName]) VALUES (362, 69, 202, N'Helen Tasker')
INSERT [dbo].[tblCast] ([CastID], [CastFilmID], [CastActorID], [CastCharacterName]) VALUES (363, 69, 203, N'Albert Gibson')
INSERT [dbo].[tblCast] ([CastID], [CastFilmID], [CastActorID], [CastCharacterName]) VALUES (364, 69, 20, N'Simon')
INSERT [dbo].[tblCast] ([CastID], [CastFilmID], [CastActorID], [CastCharacterName]) VALUES (365, 69, 204, N'Spencer Trilby')
INSERT [dbo].[tblCast] ([CastID], [CastFilmID], [CastActorID], [CastCharacterName]) VALUES (366, 69, 205, N'Juno Skinner')
INSERT [dbo].[tblCast] ([CastID], [CastFilmID], [CastActorID], [CastCharacterName]) VALUES (367, 69, 206, N'Salim Abu Aziz')
INSERT [dbo].[tblCast] ([CastID], [CastFilmID], [CastActorID], [CastCharacterName]) VALUES (368, 69, 207, N'Dana Tasker')
INSERT [dbo].[tblCast] ([CastID], [CastFilmID], [CastActorID], [CastCharacterName]) VALUES (369, 70, 17, N'Amsterdam Vallon')
INSERT [dbo].[tblCast] ([CastID], [CastFilmID], [CastActorID], [CastCharacterName]) VALUES (370, 70, 208, N'Bill ''The Butcher'' Cutting')
INSERT [dbo].[tblCast] ([CastID], [CastFilmID], [CastActorID], [CastCharacterName]) VALUES (371, 70, 209, N'Jenny Everdeane')
INSERT [dbo].[tblCast] ([CastID], [CastFilmID], [CastActorID], [CastCharacterName]) VALUES (372, 70, 177, N'Boss Tweed')
INSERT [dbo].[tblCast] ([CastID], [CastFilmID], [CastActorID], [CastCharacterName]) VALUES (373, 70, 145, N'Happy Jack')
INSERT [dbo].[tblCast] ([CastID], [CastFilmID], [CastActorID], [CastCharacterName]) VALUES (374, 70, 80, N'''Priest'' Vallon')
INSERT [dbo].[tblCast] ([CastID], [CastFilmID], [CastActorID], [CastCharacterName]) VALUES (375, 70, 40, N'Walter ''Monk'' McGinn')
INSERT [dbo].[tblCast] ([CastID], [CastFilmID], [CastActorID], [CastCharacterName]) VALUES (376, 71, 26, N'Eversmann')
INSERT [dbo].[tblCast] ([CastID], [CastFilmID], [CastActorID], [CastCharacterName]) VALUES (377, 71, 153, N'Grimes')
INSERT [dbo].[tblCast] ([CastID], [CastFilmID], [CastActorID], [CastCharacterName]) VALUES (378, 71, 31, N'McKnight')
INSERT [dbo].[tblCast] ([CastID], [CastFilmID], [CastActorID], [CastCharacterName]) VALUES (379, 71, 77, N'Hoot')
INSERT [dbo].[tblCast] ([CastID], [CastFilmID], [CastActorID], [CastCharacterName]) VALUES (380, 72, 98, N'Korben Dallas')
INSERT [dbo].[tblCast] ([CastID], [CastFilmID], [CastActorID], [CastCharacterName]) VALUES (381, 72, 41, N'Jean-Baptiste Emanuel Zorg')
INSERT [dbo].[tblCast] ([CastID], [CastFilmID], [CastActorID], [CastCharacterName]) VALUES (382, 72, 70, N'Father Vito Cornelius')
INSERT [dbo].[tblCast] ([CastID], [CastFilmID], [CastActorID], [CastCharacterName]) VALUES (383, 72, 210, N'Leeloo')
INSERT [dbo].[tblCast] ([CastID], [CastFilmID], [CastActorID], [CastCharacterName]) VALUES (384, 72, 211, N'Ruby Rhod')
INSERT [dbo].[tblCast] ([CastID], [CastFilmID], [CastActorID], [CastCharacterName]) VALUES (385, 59, 212, N'Boromir')
INSERT [dbo].[tblCast] ([CastID], [CastFilmID], [CastActorID], [CastCharacterName]) VALUES (386, 73, 212, N'Boromir')
INSERT [dbo].[tblCast] ([CastID], [CastFilmID], [CastActorID], [CastCharacterName]) VALUES (387, 73, 182, N'Galadriel')
INSERT [dbo].[tblCast] ([CastID], [CastFilmID], [CastActorID], [CastCharacterName]) VALUES (388, 73, 63, N'Legolas Greenleaf')
INSERT [dbo].[tblCast] ([CastID], [CastFilmID], [CastActorID], [CastCharacterName]) VALUES (389, 73, 70, N'Bilbo Baggins')
INSERT [dbo].[tblCast] ([CastID], [CastFilmID], [CastActorID], [CastCharacterName]) VALUES (390, 73, 132, N'Gandalf the White')
INSERT [dbo].[tblCast] ([CastID], [CastFilmID], [CastActorID], [CastCharacterName]) VALUES (391, 73, 185, N'Aragorn')
INSERT [dbo].[tblCast] ([CastID], [CastFilmID], [CastActorID], [CastCharacterName]) VALUES (392, 73, 13, N'Gollum')
INSERT [dbo].[tblCast] ([CastID], [CastFilmID], [CastActorID], [CastCharacterName]) VALUES (393, 73, 100, N'Arwen')
INSERT [dbo].[tblCast] ([CastID], [CastFilmID], [CastActorID], [CastCharacterName]) VALUES (394, 73, 36, N'Elrond')
INSERT [dbo].[tblCast] ([CastID], [CastFilmID], [CastActorID], [CastCharacterName]) VALUES (395, 73, 186, N'Frodo Baggins')
INSERT [dbo].[tblCast] ([CastID], [CastFilmID], [CastActorID], [CastCharacterName]) VALUES (396, 73, 85, N'Saruman')
INSERT [dbo].[tblCast] ([CastID], [CastFilmID], [CastActorID], [CastCharacterName]) VALUES (397, 74, 182, N'Galadriel')
INSERT [dbo].[tblCast] ([CastID], [CastFilmID], [CastActorID], [CastCharacterName]) VALUES (398, 74, 63, N'Legolas Greenleaf')
INSERT [dbo].[tblCast] ([CastID], [CastFilmID], [CastActorID], [CastCharacterName]) VALUES (399, 74, 85, N'Saruman')
INSERT [dbo].[tblCast] ([CastID], [CastFilmID], [CastActorID], [CastCharacterName]) VALUES (400, 74, 132, N'Gandalf the White')
INSERT [dbo].[tblCast] ([CastID], [CastFilmID], [CastActorID], [CastCharacterName]) VALUES (401, 74, 185, N'Aragorn')
INSERT [dbo].[tblCast] ([CastID], [CastFilmID], [CastActorID], [CastCharacterName]) VALUES (402, 74, 13, N'Gollum')
INSERT [dbo].[tblCast] ([CastID], [CastFilmID], [CastActorID], [CastCharacterName]) VALUES (403, 74, 100, N'Arwen')
INSERT [dbo].[tblCast] ([CastID], [CastFilmID], [CastActorID], [CastCharacterName]) VALUES (404, 74, 213, N'Eomer')
GO
print 'Processed 400 total records'
INSERT [dbo].[tblCast] ([CastID], [CastFilmID], [CastActorID], [CastCharacterName]) VALUES (405, 73, 213, N'Eomer')
INSERT [dbo].[tblCast] ([CastID], [CastFilmID], [CastActorID], [CastCharacterName]) VALUES (406, 74, 36, N'Elrond')
INSERT [dbo].[tblCast] ([CastID], [CastFilmID], [CastActorID], [CastCharacterName]) VALUES (407, 74, 186, N'Frodo Baggins')
INSERT [dbo].[tblCast] ([CastID], [CastFilmID], [CastActorID], [CastCharacterName]) VALUES (408, 74, 212, N'Boromir')
INSERT [dbo].[tblCast] ([CastID], [CastFilmID], [CastActorID], [CastCharacterName]) VALUES (409, 75, 172, N'Chief Inspector Lee')
INSERT [dbo].[tblCast] ([CastID], [CastFilmID], [CastActorID], [CastCharacterName]) VALUES (410, 75, 211, N'Detective James Carter')
INSERT [dbo].[tblCast] ([CastID], [CastFilmID], [CastActorID], [CastCharacterName]) VALUES (411, 75, 190, N'Varden Reynard')
INSERT [dbo].[tblCast] ([CastID], [CastFilmID], [CastActorID], [CastCharacterName]) VALUES (412, 75, 140, N'Kenji')
INSERT [dbo].[tblCast] ([CastID], [CastFilmID], [CastActorID], [CastCharacterName]) VALUES (413, 76, 172, N'Chief Inspector Lee')
INSERT [dbo].[tblCast] ([CastID], [CastFilmID], [CastActorID], [CastCharacterName]) VALUES (414, 76, 211, N'Detective James Carter')
INSERT [dbo].[tblCast] ([CastID], [CastFilmID], [CastActorID], [CastCharacterName]) VALUES (415, 76, 175, N'Girl in Car')
INSERT [dbo].[tblCast] ([CastID], [CastFilmID], [CastActorID], [CastCharacterName]) VALUES (416, 76, 170, N'Kenny')
INSERT [dbo].[tblCast] ([CastID], [CastFilmID], [CastActorID], [CastCharacterName]) VALUES (417, 77, 105, N'Agent Kay')
INSERT [dbo].[tblCast] ([CastID], [CastFilmID], [CastActorID], [CastCharacterName]) VALUES (418, 77, 68, N'Agent Jay')
INSERT [dbo].[tblCast] ([CastID], [CastFilmID], [CastActorID], [CastCharacterName]) VALUES (419, 77, 60, N'Zed')
INSERT [dbo].[tblCast] ([CastID], [CastFilmID], [CastActorID], [CastCharacterName]) VALUES (420, 77, 214, N'Dr. Laurel Weaver')
INSERT [dbo].[tblCast] ([CastID], [CastFilmID], [CastActorID], [CastCharacterName]) VALUES (421, 78, 17, N'William M. ''Billy'' Costigan Jr.')
INSERT [dbo].[tblCast] ([CastID], [CastFilmID], [CastActorID], [CastCharacterName]) VALUES (422, 78, 121, N'Colin')
INSERT [dbo].[tblCast] ([CastID], [CastFilmID], [CastActorID], [CastCharacterName]) VALUES (423, 78, 215, N'Costello')
INSERT [dbo].[tblCast] ([CastID], [CastFilmID], [CastActorID], [CastCharacterName]) VALUES (424, 78, 144, N'Dignam')
INSERT [dbo].[tblCast] ([CastID], [CastFilmID], [CastActorID], [CastCharacterName]) VALUES (425, 78, 216, N'Queenan')
INSERT [dbo].[tblCast] ([CastID], [CastFilmID], [CastActorID], [CastCharacterName]) VALUES (426, 78, 52, N'Mr. French')
INSERT [dbo].[tblCast] ([CastID], [CastFilmID], [CastActorID], [CastCharacterName]) VALUES (427, 78, 30, N'Ellerby')
INSERT [dbo].[tblCast] ([CastID], [CastFilmID], [CastActorID], [CastCharacterName]) VALUES (428, 79, 98, N'John McClane')
INSERT [dbo].[tblCast] ([CastID], [CastFilmID], [CastActorID], [CastCharacterName]) VALUES (429, 79, 179, N'Simon Gruber')
INSERT [dbo].[tblCast] ([CastID], [CastFilmID], [CastActorID], [CastCharacterName]) VALUES (430, 79, 6, N'Zeus Carver')
INSERT [dbo].[tblCast] ([CastID], [CastFilmID], [CastActorID], [CastCharacterName]) VALUES (431, 80, 117, N'Jim Braddock')
INSERT [dbo].[tblCast] ([CastID], [CastFilmID], [CastActorID], [CastCharacterName]) VALUES (432, 80, 56, N'Mae Braddock')
INSERT [dbo].[tblCast] ([CastID], [CastFilmID], [CastActorID], [CastCharacterName]) VALUES (433, 80, 217, N'Joe Gould')
INSERT [dbo].[tblCast] ([CastID], [CastFilmID], [CastActorID], [CastCharacterName]) VALUES (434, 80, 124, N'Mike Wilson')
INSERT [dbo].[tblCast] ([CastID], [CastFilmID], [CastActorID], [CastCharacterName]) VALUES (435, 81, 121, N'Jason Bourne')
INSERT [dbo].[tblCast] ([CastID], [CastFilmID], [CastActorID], [CastCharacterName]) VALUES (436, 81, 73, N'Ward Abbott')
INSERT [dbo].[tblCast] ([CastID], [CastFilmID], [CastActorID], [CastCharacterName]) VALUES (437, 81, 122, N'Nicky Parsons')
INSERT [dbo].[tblCast] ([CastID], [CastFilmID], [CastActorID], [CastCharacterName]) VALUES (438, 81, 213, N'Kirill')
INSERT [dbo].[tblCast] ([CastID], [CastFilmID], [CastActorID], [CastCharacterName]) VALUES (439, 81, 149, N'Kim')
INSERT [dbo].[tblCast] ([CastID], [CastFilmID], [CastActorID], [CastCharacterName]) VALUES (440, 82, 174, N'Jack Slater')
INSERT [dbo].[tblCast] ([CastID], [CastFilmID], [CastActorID], [CastCharacterName]) VALUES (441, 82, 218, N'John Practice')
INSERT [dbo].[tblCast] ([CastID], [CastFilmID], [CastActorID], [CastCharacterName]) VALUES (442, 82, 132, N'Death')
INSERT [dbo].[tblCast] ([CastID], [CastFilmID], [CastActorID], [CastCharacterName]) VALUES (443, 82, 219, N'Benedict')
INSERT [dbo].[tblCast] ([CastID], [CastFilmID], [CastActorID], [CastCharacterName]) VALUES (444, 83, 130, N'Chuck Noland')
INSERT [dbo].[tblCast] ([CastID], [CastFilmID], [CastActorID], [CastCharacterName]) VALUES (445, 84, 75, N'Rusty Ryan')
INSERT [dbo].[tblCast] ([CastID], [CastFilmID], [CastActorID], [CastCharacterName]) VALUES (446, 84, 221, N'Isabel Lahiri')
INSERT [dbo].[tblCast] ([CastID], [CastFilmID], [CastActorID], [CastCharacterName]) VALUES (447, 84, 143, N'Danny Ocean')
INSERT [dbo].[tblCast] ([CastID], [CastFilmID], [CastActorID], [CastCharacterName]) VALUES (448, 84, 169, N'Tess Ocean')
INSERT [dbo].[tblCast] ([CastID], [CastFilmID], [CastActorID], [CastCharacterName]) VALUES (449, 84, 168, N'Terry Benedict')
INSERT [dbo].[tblCast] ([CastID], [CastFilmID], [CastActorID], [CastCharacterName]) VALUES (450, 84, 170, N'Basher Tarr')
INSERT [dbo].[tblCast] ([CastID], [CastFilmID], [CastActorID], [CastCharacterName]) VALUES (451, 84, 121, N'Linus Caldwell')
INSERT [dbo].[tblCast] ([CastID], [CastFilmID], [CastActorID], [CastCharacterName]) VALUES (452, 84, 167, N'Reuben Tishkoff')
INSERT [dbo].[tblCast] ([CastID], [CastFilmID], [CastActorID], [CastCharacterName]) VALUES (453, 84, 125, N'Gaspar LeMarque')
INSERT [dbo].[tblCast] ([CastID], [CastFilmID], [CastActorID], [CastCharacterName]) VALUES (454, 85, 222, N'Michael Newman')
INSERT [dbo].[tblCast] ([CastID], [CastFilmID], [CastActorID], [CastCharacterName]) VALUES (455, 85, 27, N'Donna Newman')
INSERT [dbo].[tblCast] ([CastID], [CastFilmID], [CastActorID], [CastCharacterName]) VALUES (456, 85, 223, N'Morty')
INSERT [dbo].[tblCast] ([CastID], [CastFilmID], [CastActorID], [CastCharacterName]) VALUES (457, 85, 224, N'Ammer')
INSERT [dbo].[tblCast] ([CastID], [CastFilmID], [CastActorID], [CastCharacterName]) VALUES (458, 85, 225, N'Ted Newman')
INSERT [dbo].[tblCast] ([CastID], [CastFilmID], [CastActorID], [CastCharacterName]) VALUES (459, 86, 226, N'Bruce Nolan')
INSERT [dbo].[tblCast] ([CastID], [CastFilmID], [CastActorID], [CastCharacterName]) VALUES (460, 86, 22, N'God')
INSERT [dbo].[tblCast] ([CastID], [CastFilmID], [CastActorID], [CastCharacterName]) VALUES (461, 86, 227, N'Grace Connelly')
INSERT [dbo].[tblCast] ([CastID], [CastFilmID], [CastActorID], [CastCharacterName]) VALUES (462, 86, 21, N'Evan Baxter')
INSERT [dbo].[tblCast] ([CastID], [CastFilmID], [CastActorID], [CastCharacterName]) VALUES (463, 87, 1, N'Ethan Hunt')
INSERT [dbo].[tblCast] ([CastID], [CastFilmID], [CastActorID], [CastCharacterName]) VALUES (464, 87, 29, N'Jim Phelps')
INSERT [dbo].[tblCast] ([CastID], [CastFilmID], [CastActorID], [CastCharacterName]) VALUES (465, 87, 228, N'Claire Phelps')
INSERT [dbo].[tblCast] ([CastID], [CastFilmID], [CastActorID], [CastCharacterName]) VALUES (466, 87, 133, N'Franz Krieger')
INSERT [dbo].[tblCast] ([CastID], [CastFilmID], [CastActorID], [CastCharacterName]) VALUES (467, 87, 108, N'Luther Stickell')
INSERT [dbo].[tblCast] ([CastID], [CastFilmID], [CastActorID], [CastCharacterName]) VALUES (468, 87, 232, N'Max')
INSERT [dbo].[tblCast] ([CastID], [CastFilmID], [CastActorID], [CastCharacterName]) VALUES (469, 88, 229, N'Captain Spurgeon ''Fish'' Tanner')
INSERT [dbo].[tblCast] ([CastID], [CastFilmID], [CastActorID], [CastCharacterName]) VALUES (470, 88, 230, N'Jenny Lerner')
INSERT [dbo].[tblCast] ([CastID], [CastFilmID], [CastActorID], [CastCharacterName]) VALUES (471, 88, 186, N'Leo Beiderman')
INSERT [dbo].[tblCast] ([CastID], [CastFilmID], [CastActorID], [CastCharacterName]) VALUES (472, 88, 232, N'Robin Lerner')
INSERT [dbo].[tblCast] ([CastID], [CastFilmID], [CastActorID], [CastCharacterName]) VALUES (473, 88, 22, N'President Tom Beck')
INSERT [dbo].[tblCast] ([CastID], [CastFilmID], [CastActorID], [CastCharacterName]) VALUES (474, 88, 187, N'Alan Rittenhouse')
INSERT [dbo].[tblCast] ([CastID], [CastFilmID], [CastActorID], [CastCharacterName]) VALUES (475, 88, 231, N'Dr. Gus Partenza')
INSERT [dbo].[tblCast] ([CastID], [CastFilmID], [CastActorID], [CastCharacterName]) VALUES (476, 89, 130, N'Michael Sullivan')
INSERT [dbo].[tblCast] ([CastID], [CastFilmID], [CastActorID], [CastCharacterName]) VALUES (477, 89, 233, N'John Rooney')
INSERT [dbo].[tblCast] ([CastID], [CastFilmID], [CastActorID], [CastCharacterName]) VALUES (478, 89, 189, N'Connor Rooney')
INSERT [dbo].[tblCast] ([CastID], [CastFilmID], [CastActorID], [CastCharacterName]) VALUES (479, 89, 112, N'Finn McGovern')
INSERT [dbo].[tblCast] ([CastID], [CastFilmID], [CastActorID], [CastCharacterName]) VALUES (480, 89, 183, N'Harlen Maguire')
INSERT [dbo].[tblCast] ([CastID], [CastFilmID], [CastActorID], [CastCharacterName]) VALUES (481, 89, 234, N'Frank Nitti')
INSERT [dbo].[tblCast] ([CastID], [CastFilmID], [CastActorID], [CastCharacterName]) VALUES (482, 90, 117, N'John Nash')
INSERT [dbo].[tblCast] ([CastID], [CastFilmID], [CastActorID], [CastCharacterName]) VALUES (483, 90, 235, N'Parcher')
INSERT [dbo].[tblCast] ([CastID], [CastFilmID], [CastActorID], [CastCharacterName]) VALUES (484, 90, 197, N'Alicia Nash')
INSERT [dbo].[tblCast] ([CastID], [CastFilmID], [CastActorID], [CastCharacterName]) VALUES (485, 90, 236, N'Dr. Rosen')
INSERT [dbo].[tblCast] ([CastID], [CastFilmID], [CastActorID], [CastCharacterName]) VALUES (486, 90, 118, N'Charles')
INSERT [dbo].[tblCast] ([CastID], [CastFilmID], [CastActorID], [CastCharacterName]) VALUES (487, 91, 79, N'Jasper')
INSERT [dbo].[tblCast] ([CastID], [CastFilmID], [CastActorID], [CastCharacterName]) VALUES (488, 91, 237, N'Theo Faron')
INSERT [dbo].[tblCast] ([CastID], [CastFilmID], [CastActorID], [CastCharacterName]) VALUES (489, 92, 77, N'Avner')
INSERT [dbo].[tblCast] ([CastID], [CastFilmID], [CastActorID], [CastCharacterName]) VALUES (490, 92, 189, N'Steve')
INSERT [dbo].[tblCast] ([CastID], [CastFilmID], [CastActorID], [CastCharacterName]) VALUES (491, 92, 112, N'Carl')
INSERT [dbo].[tblCast] ([CastID], [CastFilmID], [CastActorID], [CastCharacterName]) VALUES (492, 92, 62, N'Ephraim')
INSERT [dbo].[tblCast] ([CastID], [CastFilmID], [CastActorID], [CastCharacterName]) VALUES (493, 93, 68, N'Captain Steven Hiller')
INSERT [dbo].[tblCast] ([CastID], [CastFilmID], [CastActorID], [CastCharacterName]) VALUES (494, 93, 238, N'President Thomas J. Whitmore')
INSERT [dbo].[tblCast] ([CastID], [CastFilmID], [CastActorID], [CastCharacterName]) VALUES (495, 93, 4, N'David Levinson')
INSERT [dbo].[tblCast] ([CastID], [CastFilmID], [CastActorID], [CastCharacterName]) VALUES (496, 93, 239, N'First Lady Marilyn Whitmore')
INSERT [dbo].[tblCast] ([CastID], [CastFilmID], [CastActorID], [CastCharacterName]) VALUES (497, 93, 240, N'Russell Casse')
INSERT [dbo].[tblCast] ([CastID], [CastFilmID], [CastActorID], [CastCharacterName]) VALUES (498, 93, 184, N'Dr. Brackish Okun')
INSERT [dbo].[tblCast] ([CastID], [CastFilmID], [CastActorID], [CastCharacterName]) VALUES (499, 94, 241, N'Wolverine')
INSERT [dbo].[tblCast] ([CastID], [CastFilmID], [CastActorID], [CastCharacterName]) VALUES (500, 94, 242, N'Professor Charles Xavier')
INSERT [dbo].[tblCast] ([CastID], [CastFilmID], [CastActorID], [CastCharacterName]) VALUES (501, 94, 132, N'Magneto')
INSERT [dbo].[tblCast] ([CastID], [CastFilmID], [CastActorID], [CastCharacterName]) VALUES (502, 94, 243, N'Jean Grey')
INSERT [dbo].[tblCast] ([CastID], [CastFilmID], [CastActorID], [CastCharacterName]) VALUES (503, 94, 87, N'Storm')
INSERT [dbo].[tblCast] ([CastID], [CastFilmID], [CastActorID], [CastCharacterName]) VALUES (504, 94, 162, N'Toad')
INSERT [dbo].[tblCast] ([CastID], [CastFilmID], [CastActorID], [CastCharacterName]) VALUES (505, 95, 242, N'Professor Charles Xavier')
GO
print 'Processed 500 total records'
INSERT [dbo].[tblCast] ([CastID], [CastFilmID], [CastActorID], [CastCharacterName]) VALUES (506, 95, 241, N'Wolverine')
INSERT [dbo].[tblCast] ([CastID], [CastFilmID], [CastActorID], [CastCharacterName]) VALUES (507, 95, 132, N'Magneto')
INSERT [dbo].[tblCast] ([CastID], [CastFilmID], [CastActorID], [CastCharacterName]) VALUES (508, 95, 87, N'Storm')
INSERT [dbo].[tblCast] ([CastID], [CastFilmID], [CastActorID], [CastCharacterName]) VALUES (509, 95, 243, N'Jean Grey')
INSERT [dbo].[tblCast] ([CastID], [CastFilmID], [CastActorID], [CastCharacterName]) VALUES (510, 95, 73, N'William Stryker')
INSERT [dbo].[tblCast] ([CastID], [CastFilmID], [CastActorID], [CastCharacterName]) VALUES (511, 96, 244, N'John Patrick Mason')
INSERT [dbo].[tblCast] ([CastID], [CastFilmID], [CastActorID], [CastCharacterName]) VALUES (512, 96, 151, N'Dr. Stanley Goodspeed')
INSERT [dbo].[tblCast] ([CastID], [CastFilmID], [CastActorID], [CastCharacterName]) VALUES (513, 96, 235, N'Brigadier General Francis X. Hummel')
INSERT [dbo].[tblCast] ([CastID], [CastFilmID], [CastActorID], [CastCharacterName]) VALUES (514, 96, 245, N'Commander Anderson')
INSERT [dbo].[tblCast] ([CastID], [CastFilmID], [CastActorID], [CastCharacterName]) VALUES (515, 97, 129, N'John Constantine')
INSERT [dbo].[tblCast] ([CastID], [CastFilmID], [CastActorID], [CastCharacterName]) VALUES (516, 97, 246, N'Angela Dodson')
INSERT [dbo].[tblCast] ([CastID], [CastFilmID], [CastActorID], [CastCharacterName]) VALUES (517, 97, 33, N'Chas Kramer')
INSERT [dbo].[tblCast] ([CastID], [CastFilmID], [CastActorID], [CastCharacterName]) VALUES (518, 97, 196, N'Midnite')
INSERT [dbo].[tblCast] ([CastID], [CastFilmID], [CastActorID], [CastCharacterName]) VALUES (519, 97, 104, N'Satan')
INSERT [dbo].[tblCast] ([CastID], [CastFilmID], [CastActorID], [CastCharacterName]) VALUES (520, 98, 98, N'David Dunn')
INSERT [dbo].[tblCast] ([CastID], [CastFilmID], [CastActorID], [CastCharacterName]) VALUES (521, 98, 6, N'Elijah Price')
INSERT [dbo].[tblCast] ([CastID], [CastFilmID], [CastActorID], [CastCharacterName]) VALUES (522, 98, 49, N'Audrey Dunn')
INSERT [dbo].[tblCast] ([CastID], [CastFilmID], [CastActorID], [CastCharacterName]) VALUES (523, 99, 103, N'Lucius Washington')
INSERT [dbo].[tblCast] ([CastID], [CastFilmID], [CastActorID], [CastCharacterName]) VALUES (524, 99, 247, N'Ricky Bobby')
INSERT [dbo].[tblCast] ([CastID], [CastFilmID], [CastActorID], [CastCharacterName]) VALUES (525, 99, 145, N'Cal Naughton, Jr.')
INSERT [dbo].[tblCast] ([CastID], [CastFilmID], [CastActorID], [CastCharacterName]) VALUES (526, 99, 248, N'Jean Girard')
INSERT [dbo].[tblCast] ([CastID], [CastFilmID], [CastActorID], [CastCharacterName]) VALUES (527, 100, 249, N'Homer')
INSERT [dbo].[tblCast] ([CastID], [CastFilmID], [CastActorID], [CastCharacterName]) VALUES (528, 100, 251, N'Bart')
INSERT [dbo].[tblCast] ([CastID], [CastFilmID], [CastActorID], [CastCharacterName]) VALUES (529, 100, 250, N'Marge')
INSERT [dbo].[tblCast] ([CastID], [CastFilmID], [CastActorID], [CastCharacterName]) VALUES (530, 100, 252, N'Lisa')
INSERT [dbo].[tblCast] ([CastID], [CastFilmID], [CastActorID], [CastCharacterName]) VALUES (531, 101, 93, N'William Wallace')
INSERT [dbo].[tblCast] ([CastID], [CastFilmID], [CastActorID], [CastCharacterName]) VALUES (532, 101, 73, N'Argyle Wallace')
INSERT [dbo].[tblCast] ([CastID], [CastFilmID], [CastActorID], [CastCharacterName]) VALUES (533, 101, 253, N'King Edward I')
INSERT [dbo].[tblCast] ([CastID], [CastFilmID], [CastActorID], [CastCharacterName]) VALUES (534, 101, 113, N'Princess Isabelle')
INSERT [dbo].[tblCast] ([CastID], [CastFilmID], [CastActorID], [CastCharacterName]) VALUES (535, 101, 40, N'Hamish Campbell')
INSERT [dbo].[tblCast] ([CastID], [CastFilmID], [CastActorID], [CastCharacterName]) VALUES (536, 102, 138, N'Anthony Swofford')
INSERT [dbo].[tblCast] ([CastID], [CastFilmID], [CastActorID], [CastCharacterName]) VALUES (537, 102, 106, N'Staff Sergeant Sykes')
INSERT [dbo].[tblCast] ([CastID], [CastFilmID], [CastActorID], [CastCharacterName]) VALUES (538, 103, 199, N'Lucius Hunt')
INSERT [dbo].[tblCast] ([CastID], [CastFilmID], [CastActorID], [CastCharacterName]) VALUES (539, 103, 12, N'Noah Percy')
INSERT [dbo].[tblCast] ([CastID], [CastFilmID], [CastActorID], [CastCharacterName]) VALUES (540, 103, 254, N'Edward Walker')
INSERT [dbo].[tblCast] ([CastID], [CastFilmID], [CastActorID], [CastCharacterName]) VALUES (541, 103, 255, N'Alice Hunt')
INSERT [dbo].[tblCast] ([CastID], [CastFilmID], [CastActorID], [CastCharacterName]) VALUES (542, 103, 40, N'August Nicholson')
INSERT [dbo].[tblCast] ([CastID], [CastFilmID], [CastActorID], [CastCharacterName]) VALUES (543, 104, 256, N'Shrek')
INSERT [dbo].[tblCast] ([CastID], [CastFilmID], [CastActorID], [CastCharacterName]) VALUES (544, 104, 257, N'Donkey')
INSERT [dbo].[tblCast] ([CastID], [CastFilmID], [CastActorID], [CastCharacterName]) VALUES (545, 104, 258, N'Puss in Boots')
INSERT [dbo].[tblCast] ([CastID], [CastFilmID], [CastActorID], [CastCharacterName]) VALUES (546, 104, 90, N'King')
INSERT [dbo].[tblCast] ([CastID], [CastFilmID], [CastActorID], [CastCharacterName]) VALUES (547, 105, 256, N'Shrek')
INSERT [dbo].[tblCast] ([CastID], [CastFilmID], [CastActorID], [CastCharacterName]) VALUES (548, 105, 257, N'Donkey')
INSERT [dbo].[tblCast] ([CastID], [CastFilmID], [CastActorID], [CastCharacterName]) VALUES (549, 105, 258, N'Puss in Boots')
INSERT [dbo].[tblCast] ([CastID], [CastFilmID], [CastActorID], [CastCharacterName]) VALUES (550, 105, 90, N'King')
INSERT [dbo].[tblCast] ([CastID], [CastFilmID], [CastActorID], [CastCharacterName]) VALUES (551, 105, 209, N'Princess Fiona')
INSERT [dbo].[tblCast] ([CastID], [CastFilmID], [CastActorID], [CastCharacterName]) VALUES (552, 104, 209, N'Princess Fiona')
INSERT [dbo].[tblCast] ([CastID], [CastFilmID], [CastActorID], [CastCharacterName]) VALUES (553, 106, 235, N'Virgil ''Bud'' Brigman')
INSERT [dbo].[tblCast] ([CastID], [CastFilmID], [CastActorID], [CastCharacterName]) VALUES (554, 106, 146, N'Lindsey Brigman')
INSERT [dbo].[tblCast] ([CastID], [CastFilmID], [CastActorID], [CastCharacterName]) VALUES (555, 106, 245, N'Lt. Hiram Coffey')
INSERT [dbo].[tblCast] ([CastID], [CastFilmID], [CastActorID], [CastCharacterName]) VALUES (556, 107, 242, N'Captain Jean-Luc Picard')
INSERT [dbo].[tblCast] ([CastID], [CastFilmID], [CastActorID], [CastCharacterName]) VALUES (557, 107, 259, N'Commander William T. Riker')
INSERT [dbo].[tblCast] ([CastID], [CastFilmID], [CastActorID], [CastCharacterName]) VALUES (558, 107, 184, N'Lt. Commander Data')
INSERT [dbo].[tblCast] ([CastID], [CastFilmID], [CastActorID], [CastCharacterName]) VALUES (559, 107, 260, N'Lt. Commander Geordi La Forge')
INSERT [dbo].[tblCast] ([CastID], [CastFilmID], [CastActorID], [CastCharacterName]) VALUES (560, 107, 261, N'Lt. Commander Worf')
INSERT [dbo].[tblCast] ([CastID], [CastFilmID], [CastActorID], [CastCharacterName]) VALUES (561, 107, 262, N'Dr. Beverly Crusher')
INSERT [dbo].[tblCast] ([CastID], [CastFilmID], [CastActorID], [CastCharacterName]) VALUES (562, 107, 263, N'Commander Deanna Troi')
INSERT [dbo].[tblCast] ([CastID], [CastFilmID], [CastActorID], [CastCharacterName]) VALUES (563, 107, 218, N'Ad''har Ru''afo')
INSERT [dbo].[tblCast] ([CastID], [CastFilmID], [CastActorID], [CastCharacterName]) VALUES (564, 108, 264, N'Eddie Valiant')
INSERT [dbo].[tblCast] ([CastID], [CastFilmID], [CastActorID], [CastCharacterName]) VALUES (565, 108, 265, N'Judge Doom')
INSERT [dbo].[tblCast] ([CastID], [CastFilmID], [CastActorID], [CastCharacterName]) VALUES (566, 108, 266, N'Jessica Rabbit')
INSERT [dbo].[tblCast] ([CastID], [CastFilmID], [CastActorID], [CastCharacterName]) VALUES (567, 108, 251, N'Dipped Shoe')
INSERT [dbo].[tblCast] ([CastID], [CastFilmID], [CastActorID], [CastCharacterName]) VALUES (568, 109, 61, N'Ichabod Crane')
INSERT [dbo].[tblCast] ([CastID], [CastFilmID], [CastActorID], [CastCharacterName]) VALUES (569, 109, 267, N'Katrina Van Tassel')
INSERT [dbo].[tblCast] ([CastID], [CastFilmID], [CastActorID], [CastCharacterName]) VALUES (570, 109, 42, N'Baltus Van Tassel')
INSERT [dbo].[tblCast] ([CastID], [CastFilmID], [CastActorID], [CastCharacterName]) VALUES (571, 109, 157, N'Doctor Lancaster')
INSERT [dbo].[tblCast] ([CastID], [CastFilmID], [CastActorID], [CastCharacterName]) VALUES (572, 109, 223, N'Hessian Horseman')
INSERT [dbo].[tblCast] ([CastID], [CastFilmID], [CastActorID], [CastCharacterName]) VALUES (573, 109, 85, N'Burgomaster')
INSERT [dbo].[tblCast] ([CastID], [CastFilmID], [CastActorID], [CastCharacterName]) VALUES (574, 110, 268, N'Xander Cage')
INSERT [dbo].[tblCast] ([CastID], [CastFilmID], [CastActorID], [CastCharacterName]) VALUES (575, 110, 6, N'Agent Augustus Gibbons')
INSERT [dbo].[tblCast] ([CastID], [CastFilmID], [CastActorID], [CastCharacterName]) VALUES (576, 111, 98, N'John McClane')
INSERT [dbo].[tblCast] ([CastID], [CastFilmID], [CastActorID], [CastCharacterName]) VALUES (577, 111, 270, N'Holly McClane')
INSERT [dbo].[tblCast] ([CastID], [CastFilmID], [CastActorID], [CastCharacterName]) VALUES (578, 111, 269, N'Colonel Stuart')
INSERT [dbo].[tblCast] ([CastID], [CastFilmID], [CastActorID], [CastCharacterName]) VALUES (579, 111, 193, N'O''Reilly')
INSERT [dbo].[tblCast] ([CastID], [CastFilmID], [CastActorID], [CastCharacterName]) VALUES (580, 112, 271, N'Samantha Caine')
INSERT [dbo].[tblCast] ([CastID], [CastFilmID], [CastActorID], [CastCharacterName]) VALUES (581, 112, 6, N'Mitch Henessey')
INSERT [dbo].[tblCast] ([CastID], [CastFilmID], [CastActorID], [CastCharacterName]) VALUES (582, 112, 73, N'Dr. Nathan Waldman')
INSERT [dbo].[tblCast] ([CastID], [CastFilmID], [CastActorID], [CastCharacterName]) VALUES (583, 113, 130, N'Jim Lovell')
INSERT [dbo].[tblCast] ([CastID], [CastFilmID], [CastActorID], [CastCharacterName]) VALUES (584, 113, 20, N'Fred Haise')
INSERT [dbo].[tblCast] ([CastID], [CastFilmID], [CastActorID], [CastCharacterName]) VALUES (585, 113, 272, N'Jack Swigert')
INSERT [dbo].[tblCast] ([CastID], [CastFilmID], [CastActorID], [CastCharacterName]) VALUES (586, 113, 273, N'Ken Mattingly')
INSERT [dbo].[tblCast] ([CastID], [CastFilmID], [CastActorID], [CastCharacterName]) VALUES (587, 113, 235, N'Gene Kranz')
INSERT [dbo].[tblCast] ([CastID], [CastFilmID], [CastActorID], [CastCharacterName]) VALUES (588, 114, 130, N'Captain John H. Miller')
INSERT [dbo].[tblCast] ([CastID], [CastFilmID], [CastActorID], [CastCharacterName]) VALUES (589, 114, 31, N'Sergeant Mike Horvath')
INSERT [dbo].[tblCast] ([CastID], [CastFilmID], [CastActorID], [CastCharacterName]) VALUES (590, 114, 268, N'Private Adrian Caparzo')
INSERT [dbo].[tblCast] ([CastID], [CastFilmID], [CastActorID], [CastCharacterName]) VALUES (591, 114, 121, N'Private James Francis Ryan')
INSERT [dbo].[tblCast] ([CastID], [CastFilmID], [CastActorID], [CastCharacterName]) VALUES (592, 114, 217, N'Sergeant Hill')
INSERT [dbo].[tblCast] ([CastID], [CastFilmID], [CastActorID], [CastCharacterName]) VALUES (593, 115, 180, N'The Narrator')
INSERT [dbo].[tblCast] ([CastID], [CastFilmID], [CastActorID], [CastCharacterName]) VALUES (594, 115, 75, N'Tyler Durden')
INSERT [dbo].[tblCast] ([CastID], [CastFilmID], [CastActorID], [CastCharacterName]) VALUES (595, 115, 45, N'Marla Singer')
INSERT [dbo].[tblCast] ([CastID], [CastFilmID], [CastActorID], [CastCharacterName]) VALUES (596, 116, 129, N'Neo')
INSERT [dbo].[tblCast] ([CastID], [CastFilmID], [CastActorID], [CastCharacterName]) VALUES (597, 116, 128, N'Trinity')
INSERT [dbo].[tblCast] ([CastID], [CastFilmID], [CastActorID], [CastCharacterName]) VALUES (598, 116, 127, N'Morpheus')
INSERT [dbo].[tblCast] ([CastID], [CastFilmID], [CastActorID], [CastCharacterName]) VALUES (599, 116, 36, N'Agent Smith')
INSERT [dbo].[tblCast] ([CastID], [CastFilmID], [CastActorID], [CastCharacterName]) VALUES (600, 117, 174, N'Douglas Quaid')
INSERT [dbo].[tblCast] ([CastID], [CastFilmID], [CastActorID], [CastCharacterName]) VALUES (601, 64, 274, N'Laurel Hedare')
INSERT [dbo].[tblCast] ([CastID], [CastFilmID], [CastActorID], [CastCharacterName]) VALUES (602, 82, 274, N'Catherine Tramell')
INSERT [dbo].[tblCast] ([CastID], [CastFilmID], [CastActorID], [CastCharacterName]) VALUES (603, 117, 274, N'Lori')
INSERT [dbo].[tblCast] ([CastID], [CastFilmID], [CastActorID], [CastCharacterName]) VALUES (604, 117, 147, N'Richter')
INSERT [dbo].[tblCast] ([CastID], [CastFilmID], [CastActorID], [CastCharacterName]) VALUES (605, 118, 275, N'Gabe Walker')
INSERT [dbo].[tblCast] ([CastID], [CastFilmID], [CastActorID], [CastCharacterName]) VALUES (606, 118, 276, N'Eric Qualen')
GO
print 'Processed 600 total records'
INSERT [dbo].[tblCast] ([CastID], [CastFilmID], [CastActorID], [CastCharacterName]) VALUES (607, 118, 277, N'Hal Tucker')
INSERT [dbo].[tblCast] ([CastID], [CastFilmID], [CastActorID], [CastCharacterName]) VALUES (608, 119, 278, N'Jack Ryan')
INSERT [dbo].[tblCast] ([CastID], [CastFilmID], [CastActorID], [CastCharacterName]) VALUES (609, 119, 8, N'John Clark')
INSERT [dbo].[tblCast] ([CastID], [CastFilmID], [CastActorID], [CastCharacterName]) VALUES (610, 120, 86, N'James Bond')
INSERT [dbo].[tblCast] ([CastID], [CastFilmID], [CastActorID], [CastCharacterName]) VALUES (611, 120, 212, N'Alec Trevelyan')
INSERT [dbo].[tblCast] ([CastID], [CastFilmID], [CastActorID], [CastCharacterName]) VALUES (612, 120, 243, N'Xenia Zirgavna Onatopp')
INSERT [dbo].[tblCast] ([CastID], [CastFilmID], [CastActorID], [CastCharacterName]) VALUES (613, 120, 166, N'Jack Wade')
INSERT [dbo].[tblCast] ([CastID], [CastFilmID], [CastActorID], [CastCharacterName]) VALUES (614, 120, 89, N'M')
INSERT [dbo].[tblCast] ([CastID], [CastFilmID], [CastActorID], [CastCharacterName]) VALUES (615, 120, 116, N'Q')
INSERT [dbo].[tblCast] ([CastID], [CastFilmID], [CastActorID], [CastCharacterName]) VALUES (616, 120, 92, N'Miss Moneypenny')
INSERT [dbo].[tblCast] ([CastID], [CastFilmID], [CastActorID], [CastCharacterName]) VALUES (617, 121, 26, N'Dwight ''Bucky'' Bleichert')
INSERT [dbo].[tblCast] ([CastID], [CastFilmID], [CastActorID], [CastCharacterName]) VALUES (618, 121, 279, N'Kay Lake')
INSERT [dbo].[tblCast] ([CastID], [CastFilmID], [CastActorID], [CastCharacterName]) VALUES (619, 121, 280, N'Madeleine Linscott')
INSERT [dbo].[tblCast] ([CastID], [CastFilmID], [CastActorID], [CastCharacterName]) VALUES (620, 122, 226, N'Truman Burbank')
INSERT [dbo].[tblCast] ([CastID], [CastFilmID], [CastActorID], [CastCharacterName]) VALUES (621, 122, 235, N'Christof')
INSERT [dbo].[tblCast] ([CastID], [CastFilmID], [CastActorID], [CastCharacterName]) VALUES (622, 122, 217, N'Control Room Director')
INSERT [dbo].[tblCast] ([CastID], [CastFilmID], [CastActorID], [CastCharacterName]) VALUES (623, 123, 127, N'Captain Miller')
INSERT [dbo].[tblCast] ([CastID], [CastFilmID], [CastActorID], [CastCharacterName]) VALUES (624, 123, 2, N'Dr. William Weir')
INSERT [dbo].[tblCast] ([CastID], [CastFilmID], [CastActorID], [CastCharacterName]) VALUES (625, 123, 281, N'Peters, Med Tech')
INSERT [dbo].[tblCast] ([CastID], [CastFilmID], [CastActorID], [CastCharacterName]) VALUES (626, 113, 281, N'Marilyn Lovell')
INSERT [dbo].[tblCast] ([CastID], [CastFilmID], [CastActorID], [CastCharacterName]) VALUES (627, 123, 282, N'Lt. Starck')
INSERT [dbo].[tblCast] ([CastID], [CastFilmID], [CastActorID], [CastCharacterName]) VALUES (628, 123, 283, N'Smith')
INSERT [dbo].[tblCast] ([CastID], [CastFilmID], [CastActorID], [CastCharacterName]) VALUES (629, 124, 121, N'Jason Bourne')
INSERT [dbo].[tblCast] ([CastID], [CastFilmID], [CastActorID], [CastCharacterName]) VALUES (630, 124, 237, N'The Professor')
INSERT [dbo].[tblCast] ([CastID], [CastFilmID], [CastActorID], [CastCharacterName]) VALUES (631, 124, 73, N'Ward Abbott')
INSERT [dbo].[tblCast] ([CastID], [CastFilmID], [CastActorID], [CastCharacterName]) VALUES (632, 124, 122, N'Nicky Parsons')
INSERT [dbo].[tblCast] ([CastID], [CastFilmID], [CastActorID], [CastCharacterName]) VALUES (633, 125, 284, N'Hellboy')
INSERT [dbo].[tblCast] ([CastID], [CastFilmID], [CastActorID], [CastCharacterName]) VALUES (634, 125, 136, N'Trevor ''Broom'' Bruttenholm')
INSERT [dbo].[tblCast] ([CastID], [CastFilmID], [CastActorID], [CastCharacterName]) VALUES (635, 125, 285, N'Liz Sherman')
INSERT [dbo].[tblCast] ([CastID], [CastFilmID], [CastActorID], [CastCharacterName]) VALUES (637, 126, 102, N'Ken Hutchinson')
INSERT [dbo].[tblCast] ([CastID], [CastFilmID], [CastActorID], [CastCharacterName]) VALUES (638, 126, 286, N'David Starsky')
INSERT [dbo].[tblCast] ([CastID], [CastFilmID], [CastActorID], [CastCharacterName]) VALUES (639, 126, 289, N'Huggy Bear')
INSERT [dbo].[tblCast] ([CastID], [CastFilmID], [CastActorID], [CastCharacterName]) VALUES (640, 126, 288, N'Captain Doby')
INSERT [dbo].[tblCast] ([CastID], [CastFilmID], [CastActorID], [CastCharacterName]) VALUES (641, 126, 181, N'Reese Feldman')
INSERT [dbo].[tblCast] ([CastID], [CastFilmID], [CastActorID], [CastCharacterName]) VALUES (642, 126, 287, N'Kitty')
INSERT [dbo].[tblCast] ([CastID], [CastFilmID], [CastActorID], [CastCharacterName]) VALUES (643, 126, 290, N'Manetti')
INSERT [dbo].[tblCast] ([CastID], [CastFilmID], [CastActorID], [CastCharacterName]) VALUES (644, 126, 69, N'Disco DJ')
INSERT [dbo].[tblCast] ([CastID], [CastFilmID], [CastActorID], [CastCharacterName]) VALUES (645, 127, 143, N'Miles')
INSERT [dbo].[tblCast] ([CastID], [CastFilmID], [CastActorID], [CastCharacterName]) VALUES (646, 127, 221, N'Marylin')
INSERT [dbo].[tblCast] ([CastID], [CastFilmID], [CastActorID], [CastCharacterName]) VALUES (647, 127, 62, N'Donovan Donaly')
INSERT [dbo].[tblCast] ([CastID], [CastFilmID], [CastActorID], [CastCharacterName]) VALUES (648, 127, 99, N'Howard D. Doyle')
INSERT [dbo].[tblCast] ([CastID], [CastFilmID], [CastActorID], [CastCharacterName]) VALUES (649, 73, 293, N'Faramir')
INSERT [dbo].[tblCast] ([CastID], [CastFilmID], [CastActorID], [CastCharacterName]) VALUES (650, 74, 293, N'Faramir')
INSERT [dbo].[tblCast] ([CastID], [CastFilmID], [CastActorID], [CastCharacterName]) VALUES (651, 128, 291, N'King Leonidas')
INSERT [dbo].[tblCast] ([CastID], [CastFilmID], [CastActorID], [CastCharacterName]) VALUES (652, 128, 294, N'Queen Gorgo')
INSERT [dbo].[tblCast] ([CastID], [CastFilmID], [CastActorID], [CastCharacterName]) VALUES (653, 128, 292, N'Theron')
INSERT [dbo].[tblCast] ([CastID], [CastFilmID], [CastActorID], [CastCharacterName]) VALUES (654, 128, 293, N'Dilios')
INSERT [dbo].[tblCast] ([CastID], [CastFilmID], [CastActorID], [CastCharacterName]) VALUES (655, 129, 242, N'Captain Jean-Luc Picard')
INSERT [dbo].[tblCast] ([CastID], [CastFilmID], [CastActorID], [CastCharacterName]) VALUES (656, 129, 259, N'Commander William T. Riker')
INSERT [dbo].[tblCast] ([CastID], [CastFilmID], [CastActorID], [CastCharacterName]) VALUES (657, 129, 184, N'Lt. Commander Data')
INSERT [dbo].[tblCast] ([CastID], [CastFilmID], [CastActorID], [CastCharacterName]) VALUES (658, 129, 260, N'Lt. Commander Geordi La Forge')
INSERT [dbo].[tblCast] ([CastID], [CastFilmID], [CastActorID], [CastCharacterName]) VALUES (659, 129, 261, N'Lt. Commander Worf')
INSERT [dbo].[tblCast] ([CastID], [CastFilmID], [CastActorID], [CastCharacterName]) VALUES (660, 129, 262, N'Dr. Beverly Crusher')
INSERT [dbo].[tblCast] ([CastID], [CastFilmID], [CastActorID], [CastCharacterName]) VALUES (661, 129, 263, N'Commander Deanna Troi')
INSERT [dbo].[tblCast] ([CastID], [CastFilmID], [CastActorID], [CastCharacterName]) VALUES (662, 129, 284, N'The Reman Viceroy')
INSERT [dbo].[tblCast] ([CastID], [CastFilmID], [CastActorID], [CastCharacterName]) VALUES (663, 146, 242, N'Captain Jean-Luc Picard')
INSERT [dbo].[tblCast] ([CastID], [CastFilmID], [CastActorID], [CastCharacterName]) VALUES (664, 146, 259, N'Commander William T. Riker')
INSERT [dbo].[tblCast] ([CastID], [CastFilmID], [CastActorID], [CastCharacterName]) VALUES (665, 146, 184, N'Lt. Commander Data')
INSERT [dbo].[tblCast] ([CastID], [CastFilmID], [CastActorID], [CastCharacterName]) VALUES (666, 146, 260, N'Lt. Commander Geordi La Forge')
INSERT [dbo].[tblCast] ([CastID], [CastFilmID], [CastActorID], [CastCharacterName]) VALUES (667, 146, 261, N'Lt. Commander Worf')
INSERT [dbo].[tblCast] ([CastID], [CastFilmID], [CastActorID], [CastCharacterName]) VALUES (668, 146, 262, N'Dr. Beverly Crusher')
INSERT [dbo].[tblCast] ([CastID], [CastFilmID], [CastActorID], [CastCharacterName]) VALUES (669, 146, 263, N'Commander Deanna Troi')
INSERT [dbo].[tblCast] ([CastID], [CastFilmID], [CastActorID], [CastCharacterName]) VALUES (670, 146, 187, N'Dr. Zefram Cochrane')
INSERT [dbo].[tblCast] ([CastID], [CastFilmID], [CastActorID], [CastCharacterName]) VALUES (671, 160, 242, N'Captain Jean-Luc Picard')
INSERT [dbo].[tblCast] ([CastID], [CastFilmID], [CastActorID], [CastCharacterName]) VALUES (672, 160, 259, N'Commander William T. Riker')
INSERT [dbo].[tblCast] ([CastID], [CastFilmID], [CastActorID], [CastCharacterName]) VALUES (673, 160, 184, N'Lt. Commander Data')
INSERT [dbo].[tblCast] ([CastID], [CastFilmID], [CastActorID], [CastCharacterName]) VALUES (674, 160, 260, N'Lt. Commander Geordi La Forge')
INSERT [dbo].[tblCast] ([CastID], [CastFilmID], [CastActorID], [CastCharacterName]) VALUES (675, 160, 261, N'Lt. Commander Worf')
INSERT [dbo].[tblCast] ([CastID], [CastFilmID], [CastActorID], [CastCharacterName]) VALUES (676, 160, 262, N'Dr. Beverly Crusher')
INSERT [dbo].[tblCast] ([CastID], [CastFilmID], [CastActorID], [CastCharacterName]) VALUES (677, 160, 263, N'Commander Deanna Troi')
INSERT [dbo].[tblCast] ([CastID], [CastFilmID], [CastActorID], [CastCharacterName]) VALUES (678, 160, 298, N'Captain James T. Kirk')
INSERT [dbo].[tblCast] ([CastID], [CastFilmID], [CastActorID], [CastCharacterName]) VALUES (679, 160, 295, N'Dr. Tolian Soran')
INSERT [dbo].[tblCast] ([CastID], [CastFilmID], [CastActorID], [CastCharacterName]) VALUES (680, 160, 296, N'Captain Montgomery "Scotty" Scott')
INSERT [dbo].[tblCast] ([CastID], [CastFilmID], [CastActorID], [CastCharacterName]) VALUES (681, 160, 297, N'Commander Pavel Chekov')
INSERT [dbo].[tblCast] ([CastID], [CastFilmID], [CastActorID], [CastCharacterName]) VALUES (682, 225, 298, N'Admiral James T. Kirk')
INSERT [dbo].[tblCast] ([CastID], [CastFilmID], [CastActorID], [CastCharacterName]) VALUES (683, 225, 299, N'Captain Spock')
INSERT [dbo].[tblCast] ([CastID], [CastFilmID], [CastActorID], [CastCharacterName]) VALUES (684, 225, 300, N'Dr. Leonard "Bones" McCoy')
INSERT [dbo].[tblCast] ([CastID], [CastFilmID], [CastActorID], [CastCharacterName]) VALUES (685, 225, 296, N'Commander Montgomery "Scotty" Scott')
INSERT [dbo].[tblCast] ([CastID], [CastFilmID], [CastActorID], [CastCharacterName]) VALUES (686, 225, 297, N'Commander Pavel Chekov')
INSERT [dbo].[tblCast] ([CastID], [CastFilmID], [CastActorID], [CastCharacterName]) VALUES (688, 225, 301, N'Commander Hikaru Sulu')
INSERT [dbo].[tblCast] ([CastID], [CastFilmID], [CastActorID], [CastCharacterName]) VALUES (689, 225, 302, N'Commander Uhura')
INSERT [dbo].[tblCast] ([CastID], [CastFilmID], [CastActorID], [CastCharacterName]) VALUES (690, 225, 303, N'Khan')
INSERT [dbo].[tblCast] ([CastID], [CastFilmID], [CastActorID], [CastCharacterName]) VALUES (700, 162, 296, N'Commander Montgomery "Scotty" Scott')
INSERT [dbo].[tblCast] ([CastID], [CastFilmID], [CastActorID], [CastCharacterName]) VALUES (701, 162, 297, N'Lt. Pavel Chekov')
INSERT [dbo].[tblCast] ([CastID], [CastFilmID], [CastActorID], [CastCharacterName]) VALUES (702, 162, 301, N'Lt. Commander Hikaru Sulu')
INSERT [dbo].[tblCast] ([CastID], [CastFilmID], [CastActorID], [CastCharacterName]) VALUES (703, 162, 302, N'Lt. Commander Uhura')
INSERT [dbo].[tblCast] ([CastID], [CastFilmID], [CastActorID], [CastCharacterName]) VALUES (704, 162, 298, N'Admiral James T. Kirk')
INSERT [dbo].[tblCast] ([CastID], [CastFilmID], [CastActorID], [CastCharacterName]) VALUES (705, 162, 299, N'Mr Spock')
INSERT [dbo].[tblCast] ([CastID], [CastFilmID], [CastActorID], [CastCharacterName]) VALUES (706, 162, 300, N'Dr. Leonard "Bones" McCoy')
INSERT [dbo].[tblCast] ([CastID], [CastFilmID], [CastActorID], [CastCharacterName]) VALUES (708, 201, 265, N'Commander Kruge')
INSERT [dbo].[tblCast] ([CastID], [CastFilmID], [CastActorID], [CastCharacterName]) VALUES (709, 201, 296, N'Commander Montgomery "Scotty" Scott')
INSERT [dbo].[tblCast] ([CastID], [CastFilmID], [CastActorID], [CastCharacterName]) VALUES (710, 201, 297, N'Commander Pavel Chekov')
INSERT [dbo].[tblCast] ([CastID], [CastFilmID], [CastActorID], [CastCharacterName]) VALUES (711, 201, 301, N'Commander Hikaru Sulu')
INSERT [dbo].[tblCast] ([CastID], [CastFilmID], [CastActorID], [CastCharacterName]) VALUES (712, 201, 302, N'Commander Uhura')
INSERT [dbo].[tblCast] ([CastID], [CastFilmID], [CastActorID], [CastCharacterName]) VALUES (713, 201, 298, N'Admiral James T. Kirk')
INSERT [dbo].[tblCast] ([CastID], [CastFilmID], [CastActorID], [CastCharacterName]) VALUES (714, 201, 299, N'Captain Spock')
INSERT [dbo].[tblCast] ([CastID], [CastFilmID], [CastActorID], [CastCharacterName]) VALUES (715, 201, 300, N'Dr. Leonard "Bones" McCoy')
INSERT [dbo].[tblCast] ([CastID], [CastFilmID], [CastActorID], [CastCharacterName]) VALUES (716, 174, 298, N'Captain James T. Kirk')
INSERT [dbo].[tblCast] ([CastID], [CastFilmID], [CastActorID], [CastCharacterName]) VALUES (717, 174, 299, N'Captain Spock')
INSERT [dbo].[tblCast] ([CastID], [CastFilmID], [CastActorID], [CastCharacterName]) VALUES (718, 174, 300, N'Dr. Leonard "Bones" McCoy')
INSERT [dbo].[tblCast] ([CastID], [CastFilmID], [CastActorID], [CastCharacterName]) VALUES (719, 174, 296, N'Captain Montgomery "Scotty" Scott')
GO
print 'Processed 700 total records'
INSERT [dbo].[tblCast] ([CastID], [CastFilmID], [CastActorID], [CastCharacterName]) VALUES (720, 174, 297, N'Commander Pavel Chekov')
INSERT [dbo].[tblCast] ([CastID], [CastFilmID], [CastActorID], [CastCharacterName]) VALUES (721, 174, 302, N'Commander Uhura')
INSERT [dbo].[tblCast] ([CastID], [CastFilmID], [CastActorID], [CastCharacterName]) VALUES (722, 174, 301, N'Commander Hikaru Sulu')
INSERT [dbo].[tblCast] ([CastID], [CastFilmID], [CastActorID], [CastCharacterName]) VALUES (723, 180, 298, N'Captain James T. Kirk')
INSERT [dbo].[tblCast] ([CastID], [CastFilmID], [CastActorID], [CastCharacterName]) VALUES (724, 180, 299, N'Captain Spock')
INSERT [dbo].[tblCast] ([CastID], [CastFilmID], [CastActorID], [CastCharacterName]) VALUES (725, 180, 300, N'Dr. Leonard "Bones" McCoy')
INSERT [dbo].[tblCast] ([CastID], [CastFilmID], [CastActorID], [CastCharacterName]) VALUES (726, 180, 296, N'Captain Montgomery "Scotty" Scott')
INSERT [dbo].[tblCast] ([CastID], [CastFilmID], [CastActorID], [CastCharacterName]) VALUES (727, 180, 297, N'Commander Pavel Chekov')
INSERT [dbo].[tblCast] ([CastID], [CastFilmID], [CastActorID], [CastCharacterName]) VALUES (728, 180, 302, N'Commander Uhura')
INSERT [dbo].[tblCast] ([CastID], [CastFilmID], [CastActorID], [CastCharacterName]) VALUES (729, 180, 301, N'Captain Hikaru Sulu')
INSERT [dbo].[tblCast] ([CastID], [CastFilmID], [CastActorID], [CastCharacterName]) VALUES (730, 180, 236, N'General Chang')
INSERT [dbo].[tblCast] ([CastID], [CastFilmID], [CastActorID], [CastCharacterName]) VALUES (731, 180, 261, N'Colonel Worf')
INSERT [dbo].[tblCast] ([CastID], [CastFilmID], [CastActorID], [CastCharacterName]) VALUES (732, 180, 152, N'Excelsior Communications Officer')
INSERT [dbo].[tblCast] ([CastID], [CastFilmID], [CastActorID], [CastCharacterName]) VALUES (733, 191, 298, N'Captain James T. Kirk')
INSERT [dbo].[tblCast] ([CastID], [CastFilmID], [CastActorID], [CastCharacterName]) VALUES (734, 191, 299, N'Captain Spock')
INSERT [dbo].[tblCast] ([CastID], [CastFilmID], [CastActorID], [CastCharacterName]) VALUES (735, 191, 300, N'Dr. Leonard "Bones" McCoy')
INSERT [dbo].[tblCast] ([CastID], [CastFilmID], [CastActorID], [CastCharacterName]) VALUES (736, 191, 296, N'Commander Montgomery "Scotty" Scott')
INSERT [dbo].[tblCast] ([CastID], [CastFilmID], [CastActorID], [CastCharacterName]) VALUES (737, 191, 301, N'Commander Hikaru Sulu')
INSERT [dbo].[tblCast] ([CastID], [CastFilmID], [CastActorID], [CastCharacterName]) VALUES (738, 191, 297, N'Commander Pavel Chekov')
INSERT [dbo].[tblCast] ([CastID], [CastFilmID], [CastActorID], [CastCharacterName]) VALUES (739, 191, 302, N'Commander Uhura')
INSERT [dbo].[tblCast] ([CastID], [CastFilmID], [CastActorID], [CastCharacterName]) VALUES (740, 130, 307, N'Clark Kent')
INSERT [dbo].[tblCast] ([CastID], [CastFilmID], [CastActorID], [CastCharacterName]) VALUES (741, 130, 305, N'Jor-El')
INSERT [dbo].[tblCast] ([CastID], [CastFilmID], [CastActorID], [CastCharacterName]) VALUES (742, 130, 306, N'Lex Luthor')
INSERT [dbo].[tblCast] ([CastID], [CastFilmID], [CastActorID], [CastCharacterName]) VALUES (743, 130, 308, N'Lois Lane')
INSERT [dbo].[tblCast] ([CastID], [CastFilmID], [CastActorID], [CastCharacterName]) VALUES (744, 131, 195, N'Lt. Commander Ron Hunter')
INSERT [dbo].[tblCast] ([CastID], [CastFilmID], [CastActorID], [CastCharacterName]) VALUES (745, 131, 306, N'Captain Frank Ramsey')
INSERT [dbo].[tblCast] ([CastID], [CastFilmID], [CastActorID], [CastCharacterName]) VALUES (746, 131, 185, N'Lt. Peter ''WEAPS'' Ince')
INSERT [dbo].[tblCast] ([CastID], [CastFilmID], [CastActorID], [CastCharacterName]) VALUES (747, 131, 309, N'Lt. Bobby Dougherty')
INSERT [dbo].[tblCast] ([CastID], [CastFilmID], [CastActorID], [CastCharacterName]) VALUES (748, 132, 195, N'Agent Doug Carlin')
INSERT [dbo].[tblCast] ([CastID], [CastFilmID], [CastActorID], [CastCharacterName]) VALUES (749, 132, 310, N'Agent Paul Pryzwarra')
INSERT [dbo].[tblCast] ([CastID], [CastFilmID], [CastActorID], [CastCharacterName]) VALUES (750, 132, 311, N'Carroll Oerstadt')
INSERT [dbo].[tblCast] ([CastID], [CastFilmID], [CastActorID], [CastCharacterName]) VALUES (751, 133, 195, N'Creasy')
INSERT [dbo].[tblCast] ([CastID], [CastFilmID], [CastActorID], [CastCharacterName]) VALUES (752, 133, 119, N'Pita')
INSERT [dbo].[tblCast] ([CastID], [CastFilmID], [CastActorID], [CastCharacterName]) VALUES (753, 133, 223, N'Rayburn')
INSERT [dbo].[tblCast] ([CastID], [CastFilmID], [CastActorID], [CastCharacterName]) VALUES (754, 134, 68, N'Robert Clayton Dean')
INSERT [dbo].[tblCast] ([CastID], [CastFilmID], [CastActorID], [CastCharacterName]) VALUES (755, 134, 306, N'Brill')
INSERT [dbo].[tblCast] ([CastID], [CastFilmID], [CastActorID], [CastCharacterName]) VALUES (756, 134, 29, N'Reynolds')
INSERT [dbo].[tblCast] ([CastID], [CastFilmID], [CastActorID], [CastCharacterName]) VALUES (757, 134, 11, N'Fiedler')
INSERT [dbo].[tblCast] ([CastID], [CastFilmID], [CastActorID], [CastCharacterName]) VALUES (758, 134, 31, N'Boss Paulie Pintero')
INSERT [dbo].[tblCast] ([CastID], [CastFilmID], [CastActorID], [CastCharacterName]) VALUES (759, 135, 312, N'The Bride')
INSERT [dbo].[tblCast] ([CastID], [CastFilmID], [CastActorID], [CastCharacterName]) VALUES (760, 135, 313, N'O-Ren Ishii')
INSERT [dbo].[tblCast] ([CastID], [CastFilmID], [CastActorID], [CastCharacterName]) VALUES (761, 135, 314, N'Elle Driver')
INSERT [dbo].[tblCast] ([CastID], [CastFilmID], [CastActorID], [CastCharacterName]) VALUES (762, 135, 315, N'Bill')
INSERT [dbo].[tblCast] ([CastID], [CastFilmID], [CastActorID], [CastCharacterName]) VALUES (763, 135, 91, N'Budd')
INSERT [dbo].[tblCast] ([CastID], [CastFilmID], [CastActorID], [CastCharacterName]) VALUES (764, 136, 255, N'Ellen Ripley')
INSERT [dbo].[tblCast] ([CastID], [CastFilmID], [CastActorID], [CastCharacterName]) VALUES (765, 136, 316, N'Dillon')
INSERT [dbo].[tblCast] ([CastID], [CastFilmID], [CastActorID], [CastCharacterName]) VALUES (766, 136, 219, N'Clemens')
INSERT [dbo].[tblCast] ([CastID], [CastFilmID], [CastActorID], [CastCharacterName]) VALUES (767, 136, 317, N'David')
INSERT [dbo].[tblCast] ([CastID], [CastFilmID], [CastActorID], [CastCharacterName]) VALUES (768, 137, 172, N'Chon Wang')
INSERT [dbo].[tblCast] ([CastID], [CastFilmID], [CastActorID], [CastCharacterName]) VALUES (769, 137, 102, N'Roy O''Bannon')
INSERT [dbo].[tblCast] ([CastID], [CastFilmID], [CastActorID], [CastCharacterName]) VALUES (770, 137, 313, N'Princess Pei Pei')
INSERT [dbo].[tblCast] ([CastID], [CastFilmID], [CastActorID], [CastCharacterName]) VALUES (771, 138, 312, N'The Bride')
INSERT [dbo].[tblCast] ([CastID], [CastFilmID], [CastActorID], [CastCharacterName]) VALUES (772, 138, 315, N'Bill')
INSERT [dbo].[tblCast] ([CastID], [CastFilmID], [CastActorID], [CastCharacterName]) VALUES (773, 138, 313, N'O-Ren Ishii')
INSERT [dbo].[tblCast] ([CastID], [CastFilmID], [CastActorID], [CastCharacterName]) VALUES (774, 138, 91, N'Budd')
INSERT [dbo].[tblCast] ([CastID], [CastFilmID], [CastActorID], [CastCharacterName]) VALUES (775, 138, 314, N'Elle Driver')
INSERT [dbo].[tblCast] ([CastID], [CastFilmID], [CastActorID], [CastCharacterName]) VALUES (776, 138, 6, N'Rufus')
INSERT [dbo].[tblCast] ([CastID], [CastFilmID], [CastActorID], [CastCharacterName]) VALUES (777, 139, 318, N'Blade')
INSERT [dbo].[tblCast] ([CastID], [CastFilmID], [CastActorID], [CastCharacterName]) VALUES (778, 139, 319, N'Abraham Whistler')
INSERT [dbo].[tblCast] ([CastID], [CastFilmID], [CastActorID], [CastCharacterName]) VALUES (779, 139, 284, N'Reinhardt')
INSERT [dbo].[tblCast] ([CastID], [CastFilmID], [CastActorID], [CastCharacterName]) VALUES (780, 139, 320, N'Snowman')
INSERT [dbo].[tblCast] ([CastID], [CastFilmID], [CastActorID], [CastCharacterName]) VALUES (781, 140, 321, N'John "Doc" Bradley')
INSERT [dbo].[tblCast] ([CastID], [CastFilmID], [CastActorID], [CastCharacterName]) VALUES (782, 140, 193, N'Colonel Chandler Johnson')
INSERT [dbo].[tblCast] ([CastID], [CastFilmID], [CastActorID], [CastCharacterName]) VALUES (783, 141, 322, N'Sam ''Ace'' Rothstein')
INSERT [dbo].[tblCast] ([CastID], [CastFilmID], [CastActorID], [CastCharacterName]) VALUES (784, 141, 274, N'Ginger McKenna')
INSERT [dbo].[tblCast] ([CastID], [CastFilmID], [CastActorID], [CastCharacterName]) VALUES (785, 141, 95, N'Nicky Santoro')
INSERT [dbo].[tblCast] ([CastID], [CastFilmID], [CastActorID], [CastCharacterName]) VALUES (786, 141, 110, N'Lester Diamond')
INSERT [dbo].[tblCast] ([CastID], [CastFilmID], [CastActorID], [CastCharacterName]) VALUES (787, 142, 23, N'Robin of Locksley')
INSERT [dbo].[tblCast] ([CastID], [CastFilmID], [CastActorID], [CastCharacterName]) VALUES (788, 142, 22, N'Azeem')
INSERT [dbo].[tblCast] ([CastID], [CastFilmID], [CastActorID], [CastCharacterName]) VALUES (789, 142, 146, N'Marian Dubois')
INSERT [dbo].[tblCast] ([CastID], [CastFilmID], [CastActorID], [CastCharacterName]) VALUES (790, 142, 152, N'Will Scarlett')
INSERT [dbo].[tblCast] ([CastID], [CastFilmID], [CastActorID], [CastCharacterName]) VALUES (791, 142, 43, N'Sheriff of Nottingham')
INSERT [dbo].[tblCast] ([CastID], [CastFilmID], [CastActorID], [CastCharacterName]) VALUES (792, 142, 244, N'King Richard')
INSERT [dbo].[tblCast] ([CastID], [CastFilmID], [CastActorID], [CastCharacterName]) VALUES (793, 143, 256, N'Shrek')
INSERT [dbo].[tblCast] ([CastID], [CastFilmID], [CastActorID], [CastCharacterName]) VALUES (794, 143, 257, N'Donkey')
INSERT [dbo].[tblCast] ([CastID], [CastFilmID], [CastActorID], [CastCharacterName]) VALUES (795, 143, 209, N'Princess Fiona')
INSERT [dbo].[tblCast] ([CastID], [CastFilmID], [CastActorID], [CastCharacterName]) VALUES (796, 143, 276, N'Lord Farquaad')
INSERT [dbo].[tblCast] ([CastID], [CastFilmID], [CastActorID], [CastCharacterName]) VALUES (797, 144, 172, N'Chon Wang')
INSERT [dbo].[tblCast] ([CastID], [CastFilmID], [CastActorID], [CastCharacterName]) VALUES (798, 144, 102, N'Roy O''Bannon')
INSERT [dbo].[tblCast] ([CastID], [CastFilmID], [CastActorID], [CastCharacterName]) VALUES (799, 144, 320, N'Wu Chow')
INSERT [dbo].[tblCast] ([CastID], [CastFilmID], [CastActorID], [CastCharacterName]) VALUES (800, 145, 278, N'Indiana Jones')
INSERT [dbo].[tblCast] ([CastID], [CastFilmID], [CastActorID], [CastCharacterName]) VALUES (801, 145, 244, N'Professor Henry Jones')
INSERT [dbo].[tblCast] ([CastID], [CastFilmID], [CastActorID], [CastCharacterName]) VALUES (802, 145, 323, N'Sallah')
INSERT [dbo].[tblCast] ([CastID], [CastFilmID], [CastActorID], [CastCharacterName]) VALUES (803, 59, 323, N'Gimli')
INSERT [dbo].[tblCast] ([CastID], [CastFilmID], [CastActorID], [CastCharacterName]) VALUES (804, 73, 323, N'Gimli')
INSERT [dbo].[tblCast] ([CastID], [CastFilmID], [CastActorID], [CastCharacterName]) VALUES (805, 74, 323, N'Gimli')
INSERT [dbo].[tblCast] ([CastID], [CastFilmID], [CastActorID], [CastCharacterName]) VALUES (806, 147, 318, N'Blade')
INSERT [dbo].[tblCast] ([CastID], [CastFilmID], [CastActorID], [CastCharacterName]) VALUES (807, 147, 319, N'Abraham Whistler')
INSERT [dbo].[tblCast] ([CastID], [CastFilmID], [CastActorID], [CastCharacterName]) VALUES (808, 147, 324, N'Deacon Frost')
INSERT [dbo].[tblCast] ([CastID], [CastFilmID], [CastActorID], [CastCharacterName]) VALUES (809, 148, 278, N'Jack Ryan')
INSERT [dbo].[tblCast] ([CastID], [CastFilmID], [CastActorID], [CastCharacterName]) VALUES (810, 148, 212, N'Sean Miller')
INSERT [dbo].[tblCast] ([CastID], [CastFilmID], [CastActorID], [CastCharacterName]) VALUES (811, 148, 6, N'Lt. Cmdr. Robby Jackson')
INSERT [dbo].[tblCast] ([CastID], [CastFilmID], [CastActorID], [CastCharacterName]) VALUES (812, 148, 135, N'Paddy O''Neil')
INSERT [dbo].[tblCast] ([CastID], [CastFilmID], [CastActorID], [CastCharacterName]) VALUES (813, 148, 325, N'Admiral James Greer')
INSERT [dbo].[tblCast] ([CastID], [CastFilmID], [CastActorID], [CastCharacterName]) VALUES (814, 149, 278, N'Dr. Richard David Kimble')
INSERT [dbo].[tblCast] ([CastID], [CastFilmID], [CastActorID], [CastCharacterName]) VALUES (815, 149, 105, N'Marshal Samuel Gerard')
INSERT [dbo].[tblCast] ([CastID], [CastFilmID], [CastActorID], [CastCharacterName]) VALUES (816, 149, 326, N'Dr. Anne Eastman')
INSERT [dbo].[tblCast] ([CastID], [CastFilmID], [CastActorID], [CastCharacterName]) VALUES (817, 149, 327, N'Deputy Marshal Cosmo Renfro')
INSERT [dbo].[tblCast] ([CastID], [CastFilmID], [CastActorID], [CastCharacterName]) VALUES (818, 150, 241, N'Robert Angier')
INSERT [dbo].[tblCast] ([CastID], [CastFilmID], [CastActorID], [CastCharacterName]) VALUES (819, 150, 78, N'Alfred Borden')
INSERT [dbo].[tblCast] ([CastID], [CastFilmID], [CastActorID], [CastCharacterName]) VALUES (820, 150, 79, N'Cutter')
GO
print 'Processed 800 total records'
INSERT [dbo].[tblCast] ([CastID], [CastFilmID], [CastActorID], [CastCharacterName]) VALUES (821, 150, 279, N'Olivia Wenscombe')
INSERT [dbo].[tblCast] ([CastID], [CastFilmID], [CastActorID], [CastCharacterName]) VALUES (822, 150, 13, N'Alley')
INSERT [dbo].[tblCast] ([CastID], [CastFilmID], [CastActorID], [CastCharacterName]) VALUES (823, 151, 208, N'Hawkeye')
INSERT [dbo].[tblCast] ([CastID], [CastFilmID], [CastActorID], [CastCharacterName]) VALUES (824, 151, 328, N'Cora Munro')
INSERT [dbo].[tblCast] ([CastID], [CastFilmID], [CastActorID], [CastCharacterName]) VALUES (825, 151, 329, N'Chinachgook')
INSERT [dbo].[tblCast] ([CastID], [CastFilmID], [CastActorID], [CastCharacterName]) VALUES (826, 151, 330, N'Magua')
INSERT [dbo].[tblCast] ([CastID], [CastFilmID], [CastActorID], [CastCharacterName]) VALUES (827, 152, 331, N'Jaguar Paw')
INSERT [dbo].[tblCast] ([CastID], [CastFilmID], [CastActorID], [CastCharacterName]) VALUES (828, 152, 332, N'Seven')
INSERT [dbo].[tblCast] ([CastID], [CastFilmID], [CastActorID], [CastCharacterName]) VALUES (829, 153, 102, N'John Beckwith')
INSERT [dbo].[tblCast] ([CastID], [CastFilmID], [CastActorID], [CastCharacterName]) VALUES (830, 153, 181, N'Jeremy Grey')
INSERT [dbo].[tblCast] ([CastID], [CastFilmID], [CastActorID], [CastCharacterName]) VALUES (831, 153, 223, N'Secretary William Cleary')
INSERT [dbo].[tblCast] ([CastID], [CastFilmID], [CastActorID], [CastCharacterName]) VALUES (832, 153, 333, N'Claire Cleary')
INSERT [dbo].[tblCast] ([CastID], [CastFilmID], [CastActorID], [CastCharacterName]) VALUES (833, 153, 334, N'Gloria Cleary')
INSERT [dbo].[tblCast] ([CastID], [CastFilmID], [CastActorID], [CastCharacterName]) VALUES (834, 153, 335, N'Kathleen Cleary')
INSERT [dbo].[tblCast] ([CastID], [CastFilmID], [CastActorID], [CastCharacterName]) VALUES (835, 154, 336, N'Marty McFly')
INSERT [dbo].[tblCast] ([CastID], [CastFilmID], [CastActorID], [CastCharacterName]) VALUES (836, 154, 265, N'Dr. Emmett Brown')
INSERT [dbo].[tblCast] ([CastID], [CastFilmID], [CastActorID], [CastCharacterName]) VALUES (837, 154, 337, N'Buford ''Mad Dog'' Tannen')
INSERT [dbo].[tblCast] ([CastID], [CastFilmID], [CastActorID], [CastCharacterName]) VALUES (838, 155, 336, N'Marty McFly')
INSERT [dbo].[tblCast] ([CastID], [CastFilmID], [CastActorID], [CastCharacterName]) VALUES (839, 155, 265, N'Dr. Emmett Brown')
INSERT [dbo].[tblCast] ([CastID], [CastFilmID], [CastActorID], [CastCharacterName]) VALUES (840, 155, 337, N'Biff Tannen')
INSERT [dbo].[tblCast] ([CastID], [CastFilmID], [CastActorID], [CastCharacterName]) VALUES (841, 156, 338, N'James Bond')
INSERT [dbo].[tblCast] ([CastID], [CastFilmID], [CastActorID], [CastCharacterName]) VALUES (842, 156, 339, N'Dario')
INSERT [dbo].[tblCast] ([CastID], [CastFilmID], [CastActorID], [CastCharacterName]) VALUES (843, 156, 116, N'Q')
INSERT [dbo].[tblCast] ([CastID], [CastFilmID], [CastActorID], [CastCharacterName]) VALUES (844, 156, 340, N'M')
INSERT [dbo].[tblCast] ([CastID], [CastFilmID], [CastActorID], [CastCharacterName]) VALUES (845, 156, 341, N'Felix Leiter')
/****** Object:  Table [dbo].[tblActor]    Script Date: 07/06/2012 14:27:04 ******/
SET ANSI_NULLS ON
GO
SET QUOTED_IDENTIFIER ON
GO
CREATE TABLE [dbo].[tblActor](
	[ActorID] [int] NOT NULL,
	[ActorName] [nvarchar](255) NULL,
	[ActorDOB] [datetime] NULL,
	[ActorGender] [nvarchar](255) NULL,
 CONSTRAINT [PK_tblActor] PRIMARY KEY CLUSTERED 
(
	[ActorID] ASC
)WITH (PAD_INDEX  = OFF, STATISTICS_NORECOMPUTE  = OFF, IGNORE_DUP_KEY = OFF, ALLOW_ROW_LOCKS  = ON, ALLOW_PAGE_LOCKS  = ON) ON [PRIMARY]
) ON [PRIMARY]
GO
INSERT [dbo].[tblActor] ([ActorID], [ActorName], [ActorDOB], [ActorGender]) VALUES (1, N'Tom Cruise', CAST(0x0000592C00A2F7EC AS DateTime), N'Male')
INSERT [dbo].[tblActor] ([ActorID], [ActorName], [ActorDOB], [ActorGender]) VALUES (2, N'Sam Neill', CAST(0x0000440E00000000 AS DateTime), N'Male')
INSERT [dbo].[tblActor] ([ActorID], [ActorName], [ActorDOB], [ActorGender]) VALUES (3, N'Laura Dern', CAST(0x00005FBF00000000 AS DateTime), N'Female')
INSERT [dbo].[tblActor] ([ActorID], [ActorName], [ActorDOB], [ActorGender]) VALUES (4, N'Jeff Goldblum', CAST(0x00004B5700000000 AS DateTime), N'Male')
INSERT [dbo].[tblActor] ([ActorID], [ActorName], [ActorDOB], [ActorGender]) VALUES (5, N'Richard Attenborough', CAST(0x000021C000000000 AS DateTime), N'Male')
INSERT [dbo].[tblActor] ([ActorID], [ActorName], [ActorDOB], [ActorGender]) VALUES (6, N'Samuel L. Jackson', CAST(0x000045DE00000000 AS DateTime), N'Male')
INSERT [dbo].[tblActor] ([ActorID], [ActorName], [ActorDOB], [ActorGender]) VALUES (7, N'Tobey Maguire', CAST(0x00006BB200000000 AS DateTime), N'Male')
INSERT [dbo].[tblActor] ([ActorID], [ActorName], [ActorDOB], [ActorGender]) VALUES (8, N'Willem Dafoe', CAST(0x00004F4200000000 AS DateTime), N'Male')
INSERT [dbo].[tblActor] ([ActorID], [ActorName], [ActorDOB], [ActorGender]) VALUES (9, N'Kirsten Dunst', CAST(0x0000757500000000 AS DateTime), N'Female')
INSERT [dbo].[tblActor] ([ActorID], [ActorName], [ActorDOB], [ActorGender]) VALUES (10, N'Naomi Watts', CAST(0x0000621300000000 AS DateTime), N'Female')
INSERT [dbo].[tblActor] ([ActorID], [ActorName], [ActorDOB], [ActorGender]) VALUES (11, N'Jack Black', CAST(0x0000636100000000 AS DateTime), N'Male')
INSERT [dbo].[tblActor] ([ActorID], [ActorName], [ActorDOB], [ActorGender]) VALUES (12, N'Adrien Brody', CAST(0x0000688E00000000 AS DateTime), N'Male')
INSERT [dbo].[tblActor] ([ActorID], [ActorName], [ActorDOB], [ActorGender]) VALUES (13, N'Andy Serkis', CAST(0x00005BBD00000000 AS DateTime), N'Male')
INSERT [dbo].[tblActor] ([ActorID], [ActorName], [ActorDOB], [ActorGender]) VALUES (14, N'Brandon Routh', CAST(0x000071CF00000000 AS DateTime), N'Male')
INSERT [dbo].[tblActor] ([ActorID], [ActorName], [ActorDOB], [ActorGender]) VALUES (15, N'Kate Bosworth', CAST(0x0000766C00000000 AS DateTime), N'Female')
INSERT [dbo].[tblActor] ([ActorID], [ActorName], [ActorDOB], [ActorGender]) VALUES (16, N'Kevin Spacey', CAST(0x000054FB00000000 AS DateTime), N'Male')
INSERT [dbo].[tblActor] ([ActorID], [ActorName], [ActorDOB], [ActorGender]) VALUES (17, N'Leonardo DiCaprio', CAST(0x00006ACE00000000 AS DateTime), N'Male')
INSERT [dbo].[tblActor] ([ActorID], [ActorName], [ActorDOB], [ActorGender]) VALUES (18, N'Kate Winslet', CAST(0x00006C1600000000 AS DateTime), N'Female')
INSERT [dbo].[tblActor] ([ActorID], [ActorName], [ActorDOB], [ActorGender]) VALUES (19, N'Billy Zane', CAST(0x00005E6000000000 AS DateTime), N'Male')
INSERT [dbo].[tblActor] ([ActorID], [ActorName], [ActorDOB], [ActorGender]) VALUES (20, N'Bill Paxton', CAST(0x00004F0000000000 AS DateTime), N'Male')
INSERT [dbo].[tblActor] ([ActorID], [ActorName], [ActorDOB], [ActorGender]) VALUES (21, N'Steve Carell', CAST(0x0000595800000000 AS DateTime), N'Male')
INSERT [dbo].[tblActor] ([ActorID], [ActorName], [ActorDOB], [ActorGender]) VALUES (22, N'Morgan Freeman', CAST(0x0000356100000000 AS DateTime), N'Male')
INSERT [dbo].[tblActor] ([ActorID], [ActorName], [ActorDOB], [ActorGender]) VALUES (23, N'Kevin Costner', CAST(0x00004E8900000000 AS DateTime), N'Male')
INSERT [dbo].[tblActor] ([ActorID], [ActorName], [ActorDOB], [ActorGender]) VALUES (24, N'Dennis Hopper', CAST(0x000033E500000000 AS DateTime), N'Male')
INSERT [dbo].[tblActor] ([ActorID], [ActorName], [ActorDOB], [ActorGender]) VALUES (25, N'Ben Affleck', CAST(0x0000679C00000000 AS DateTime), N'Male')
INSERT [dbo].[tblActor] ([ActorID], [ActorName], [ActorDOB], [ActorGender]) VALUES (26, N'Josh Hartnett', CAST(0x0000701200000000 AS DateTime), N'Male')
INSERT [dbo].[tblActor] ([ActorID], [ActorName], [ActorDOB], [ActorGender]) VALUES (27, N'Kate Beckinsale', CAST(0x000068F500000000 AS DateTime), N'Female')
INSERT [dbo].[tblActor] ([ActorID], [ActorName], [ActorDOB], [ActorGender]) VALUES (28, N'Cuba Gooding Jr.', CAST(0x0000610500000000 AS DateTime), N'Male')
INSERT [dbo].[tblActor] ([ActorID], [ActorName], [ActorDOB], [ActorGender]) VALUES (29, N'Jon Voight', CAST(0x000037A100000000 AS DateTime), N'Male')
INSERT [dbo].[tblActor] ([ActorID], [ActorName], [ActorDOB], [ActorGender]) VALUES (30, N'Alec Baldwin', CAST(0x0000531C00000000 AS DateTime), N'Male')
INSERT [dbo].[tblActor] ([ActorID], [ActorName], [ActorDOB], [ActorGender]) VALUES (31, N'Tom Sizemore', CAST(0x0000585400000000 AS DateTime), N'Male')
INSERT [dbo].[tblActor] ([ActorID], [ActorName], [ActorDOB], [ActorGender]) VALUES (32, N'Dan Aykroyd', CAST(0x00004AE600000000 AS DateTime), N'Male')
INSERT [dbo].[tblActor] ([ActorID], [ActorName], [ActorDOB], [ActorGender]) VALUES (33, N'Shia LaBeouf', CAST(0x00007B5400000000 AS DateTime), N'Male')
INSERT [dbo].[tblActor] ([ActorID], [ActorName], [ActorDOB], [ActorGender]) VALUES (34, N'John Turturro', CAST(0x0000518D00000000 AS DateTime), N'Male')
INSERT [dbo].[tblActor] ([ActorID], [ActorName], [ActorDOB], [ActorGender]) VALUES (35, N'Peter Cullen', CAST(0x00003B4F00000000 AS DateTime), N'Male')
INSERT [dbo].[tblActor] ([ActorID], [ActorName], [ActorDOB], [ActorGender]) VALUES (36, N'Hugo Weaving', CAST(0x000055F800000000 AS DateTime), N'Male')
INSERT [dbo].[tblActor] ([ActorID], [ActorName], [ActorDOB], [ActorGender]) VALUES (37, N'Megan Fox', CAST(0x00007B3A00000000 AS DateTime), N'Female')
INSERT [dbo].[tblActor] ([ActorID], [ActorName], [ActorDOB], [ActorGender]) VALUES (38, N'Daniel Radcliffe', CAST(0x00007FC600000000 AS DateTime), N'Male')
INSERT [dbo].[tblActor] ([ActorID], [ActorName], [ActorDOB], [ActorGender]) VALUES (39, N'Ralph Fiennes', CAST(0x000059D800000000 AS DateTime), N'Male')
INSERT [dbo].[tblActor] ([ActorID], [ActorName], [ActorDOB], [ActorGender]) VALUES (40, N'Brendan Gleeson', CAST(0x00004ECF00000000 AS DateTime), N'Male')
INSERT [dbo].[tblActor] ([ActorID], [ActorName], [ActorDOB], [ActorGender]) VALUES (41, N'Gary Oldman', CAST(0x0000530F00000000 AS DateTime), N'Male')
INSERT [dbo].[tblActor] ([ActorID], [ActorName], [ActorDOB], [ActorGender]) VALUES (42, N'Michael Gambon', CAST(0x00003A3500000000 AS DateTime), N'Male')
INSERT [dbo].[tblActor] ([ActorID], [ActorName], [ActorDOB], [ActorGender]) VALUES (43, N'Alan Rickman', CAST(0x000041D400000000 AS DateTime), N'Male')
INSERT [dbo].[tblActor] ([ActorID], [ActorName], [ActorDOB], [ActorGender]) VALUES (44, N'Emma Thompson', CAST(0x0000549500000000 AS DateTime), N'Female')
INSERT [dbo].[tblActor] ([ActorID], [ActorName], [ActorDOB], [ActorGender]) VALUES (45, N'Helena Bonham Carter', CAST(0x00005EBB00000000 AS DateTime), N'Female')
INSERT [dbo].[tblActor] ([ActorID], [ActorName], [ActorDOB], [ActorGender]) VALUES (46, N'Robbie Coltrane', CAST(0x000047AE00000000 AS DateTime), N'Male')
INSERT [dbo].[tblActor] ([ActorID], [ActorName], [ActorDOB], [ActorGender]) VALUES (47, N'Emma Watson', CAST(0x000080D000000000 AS DateTime), N'Female')
INSERT [dbo].[tblActor] ([ActorID], [ActorName], [ActorDOB], [ActorGender]) VALUES (48, N'Rupert Grint', CAST(0x00007E7900000000 AS DateTime), N'Male')
INSERT [dbo].[tblActor] ([ActorID], [ActorName], [ActorDOB], [ActorGender]) VALUES (49, N'Robin Wright Penn', CAST(0x00005E8B00000000 AS DateTime), N'Female')
INSERT [dbo].[tblActor] ([ActorID], [ActorName], [ActorDOB], [ActorGender]) VALUES (50, N'Anthony Hopkins', CAST(0x0000363600000000 AS DateTime), N'Male')
INSERT [dbo].[tblActor] ([ActorID], [ActorName], [ActorDOB], [ActorGender]) VALUES (51, N'John Malkovich', CAST(0x00004CF400000000 AS DateTime), N'Male')
INSERT [dbo].[tblActor] ([ActorID], [ActorName], [ActorDOB], [ActorGender]) VALUES (52, N'Ray Winstone', CAST(0x0000518400000000 AS DateTime), N'Male')
INSERT [dbo].[tblActor] ([ActorID], [ActorName], [ActorDOB], [ActorGender]) VALUES (53, N'Angelina Jolie', CAST(0x00006B9B00000000 AS DateTime), N'Female')
INSERT [dbo].[tblActor] ([ActorID], [ActorName], [ActorDOB], [ActorGender]) VALUES (54, N'John Goodman', CAST(0x00004ADB00000000 AS DateTime), N'Male')
INSERT [dbo].[tblActor] ([ActorID], [ActorName], [ActorDOB], [ActorGender]) VALUES (55, N'Jerry Seinfeld', CAST(0x00004D8100000000 AS DateTime), N'Male')
INSERT [dbo].[tblActor] ([ActorID], [ActorName], [ActorDOB], [ActorGender]) VALUES (56, N'Renee Zellweger', CAST(0x000062E400000000 AS DateTime), N'Female')
INSERT [dbo].[tblActor] ([ActorID], [ActorName], [ActorDOB], [ActorGender]) VALUES (57, N'Matthew Broderick', CAST(0x000058C400000000 AS DateTime), N'Male')
INSERT [dbo].[tblActor] ([ActorID], [ActorName], [ActorDOB], [ActorGender]) VALUES (58, N'Chris Rock', CAST(0x00005CE200000000 AS DateTime), N'Male')
INSERT [dbo].[tblActor] ([ActorID], [ActorName], [ActorDOB], [ActorGender]) VALUES (59, N'Ray Liotta', CAST(0x00004E6A00000000 AS DateTime), N'Male')
INSERT [dbo].[tblActor] ([ActorID], [ActorName], [ActorDOB], [ActorGender]) VALUES (60, N'Rip Torn', CAST(0x00002C5E00000000 AS DateTime), N'Male')
INSERT [dbo].[tblActor] ([ActorID], [ActorName], [ActorDOB], [ActorGender]) VALUES (61, N'Johnny Depp', CAST(0x00005A8100000000 AS DateTime), N'Male')
INSERT [dbo].[tblActor] ([ActorID], [ActorName], [ActorDOB], [ActorGender]) VALUES (62, N'Geoffrey Rush', CAST(0x0000497D00000000 AS DateTime), N'Male')
INSERT [dbo].[tblActor] ([ActorID], [ActorName], [ActorDOB], [ActorGender]) VALUES (63, N'Orlando Bloom', CAST(0x00006DE800000000 AS DateTime), N'Male')
INSERT [dbo].[tblActor] ([ActorID], [ActorName], [ActorDOB], [ActorGender]) VALUES (64, N'Keira Knightley', CAST(0x0000799A00000000 AS DateTime), N'Female')
INSERT [dbo].[tblActor] ([ActorID], [ActorName], [ActorDOB], [ActorGender]) VALUES (65, N'Bill Nighy', CAST(0x0000474200000000 AS DateTime), N'Male')
INSERT [dbo].[tblActor] ([ActorID], [ActorName], [ActorDOB], [ActorGender]) VALUES (66, N'Jonathan Pryce', CAST(0x000043A500000000 AS DateTime), N'Male')
INSERT [dbo].[tblActor] ([ActorID], [ActorName], [ActorDOB], [ActorGender]) VALUES (67, N'Stellan Skarsgard', CAST(0x0000496600000000 AS DateTime), N'Male')
INSERT [dbo].[tblActor] ([ActorID], [ActorName], [ActorDOB], [ActorGender]) VALUES (68, N'Will Smith', CAST(0x0000621000000000 AS DateTime), N'Male')
INSERT [dbo].[tblActor] ([ActorID], [ActorName], [ActorDOB], [ActorGender]) VALUES (69, N'Patton Oswalt', CAST(0x0000628C00000000 AS DateTime), N'Male')
INSERT [dbo].[tblActor] ([ActorID], [ActorName], [ActorDOB], [ActorGender]) VALUES (70, N'Ian Holm', CAST(0x00002D3800000000 AS DateTime), N'Male')
INSERT [dbo].[tblActor] ([ActorID], [ActorName], [ActorDOB], [ActorGender]) VALUES (71, N'Brian Dennehy', CAST(0x000036F400000000 AS DateTime), N'Male')
INSERT [dbo].[tblActor] ([ActorID], [ActorName], [ActorDOB], [ActorGender]) VALUES (72, N'Peter O''Toole', CAST(0x00002E7D00000000 AS DateTime), N'Male')
INSERT [dbo].[tblActor] ([ActorID], [ActorName], [ActorDOB], [ActorGender]) VALUES (73, N'Brian Cox', CAST(0x0000423800000000 AS DateTime), N'Male')
INSERT [dbo].[tblActor] ([ActorID], [ActorName], [ActorDOB], [ActorGender]) VALUES (75, N'Brad Pitt', CAST(0x00005B4100000000 AS DateTime), N'Male')
INSERT [dbo].[tblActor] ([ActorID], [ActorName], [ActorDOB], [ActorGender]) VALUES (76, N'Diane Kruger', CAST(0x00006D3200000000 AS DateTime), N'Female')
INSERT [dbo].[tblActor] ([ActorID], [ActorName], [ActorDOB], [ActorGender]) VALUES (77, N'Eric Bana', CAST(0x000061E100000000 AS DateTime), N'Male')
INSERT [dbo].[tblActor] ([ActorID], [ActorName], [ActorDOB], [ActorGender]) VALUES (78, N'Christian Bale', CAST(0x000069B100000000 AS DateTime), N'Male')
INSERT [dbo].[tblActor] ([ActorID], [ActorName], [ActorDOB], [ActorGender]) VALUES (79, N'Michael Caine', CAST(0x00002F5D00000000 AS DateTime), N'Male')
INSERT [dbo].[tblActor] ([ActorID], [ActorName], [ActorDOB], [ActorGender]) VALUES (80, N'Liam Neeson', CAST(0x00004ACE00000000 AS DateTime), N'Male')
INSERT [dbo].[tblActor] ([ActorID], [ActorName], [ActorDOB], [ActorGender]) VALUES (81, N'Katie Holmes', CAST(0x000070A800000000 AS DateTime), N'Female')
INSERT [dbo].[tblActor] ([ActorID], [ActorName], [ActorDOB], [ActorGender]) VALUES (82, N'Rutger Hauer', CAST(0x00003EDC00000000 AS DateTime), N'Male')
INSERT [dbo].[tblActor] ([ActorID], [ActorName], [ActorDOB], [ActorGender]) VALUES (83, N'Ken Watanabe', CAST(0x0000555200000000 AS DateTime), N'Male')
INSERT [dbo].[tblActor] ([ActorID], [ActorName], [ActorDOB], [ActorGender]) VALUES (84, N'James Fox', CAST(0x0000382E00000000 AS DateTime), N'Male')
INSERT [dbo].[tblActor] ([ActorID], [ActorName], [ActorDOB], [ActorGender]) VALUES (85, N'Christopher Lee', CAST(0x00001FF500000000 AS DateTime), N'Male')
INSERT [dbo].[tblActor] ([ActorID], [ActorName], [ActorDOB], [ActorGender]) VALUES (86, N'Pierce Brosnan', CAST(0x00004C2500000000 AS DateTime), N'Male')
INSERT [dbo].[tblActor] ([ActorID], [ActorName], [ActorDOB], [ActorGender]) VALUES (87, N'Halle Berry', CAST(0x00005F0B00000000 AS DateTime), N'Female')
INSERT [dbo].[tblActor] ([ActorID], [ActorName], [ActorDOB], [ActorGender]) VALUES (88, N'Rosamund Pike', CAST(0x000070D100000000 AS DateTime), N'Female')
INSERT [dbo].[tblActor] ([ActorID], [ActorName], [ActorDOB], [ActorGender]) VALUES (89, N'Judi Dench', CAST(0x000031D800000000 AS DateTime), N'Female')
INSERT [dbo].[tblActor] ([ActorID], [ActorName], [ActorDOB], [ActorGender]) VALUES (90, N'John Cleese', CAST(0x000038CF00000000 AS DateTime), N'Male')
INSERT [dbo].[tblActor] ([ActorID], [ActorName], [ActorDOB], [ActorGender]) VALUES (91, N'Michael Madsen', CAST(0x000053CB00000000 AS DateTime), N'Male')
INSERT [dbo].[tblActor] ([ActorID], [ActorName], [ActorDOB], [ActorGender]) VALUES (92, N'Samantha Bond', CAST(0x0000585200000000 AS DateTime), N'Female')
INSERT [dbo].[tblActor] ([ActorID], [ActorName], [ActorDOB], [ActorGender]) VALUES (93, N'Mel Gibson', CAST(0x00004FE700000000 AS DateTime), N'Male')
INSERT [dbo].[tblActor] ([ActorID], [ActorName], [ActorDOB], [ActorGender]) VALUES (94, N'Danny Glover', CAST(0x0000426B00000000 AS DateTime), N'Male')
INSERT [dbo].[tblActor] ([ActorID], [ActorName], [ActorDOB], [ActorGender]) VALUES (95, N'Joe Pesci', CAST(0x00003D8000000000 AS DateTime), N'Male')
INSERT [dbo].[tblActor] ([ActorID], [ActorName], [ActorDOB], [ActorGender]) VALUES (96, N'Rene Russo', CAST(0x00004D3A00000000 AS DateTime), N'Female')
INSERT [dbo].[tblActor] ([ActorID], [ActorName], [ActorDOB], [ActorGender]) VALUES (97, N'Jet Li', CAST(0x00005A5500000000 AS DateTime), N'Male')
INSERT [dbo].[tblActor] ([ActorID], [ActorName], [ActorDOB], [ActorGender]) VALUES (98, N'Bruce Willis', CAST(0x00004EC500000000 AS DateTime), N'Male')
INSERT [dbo].[tblActor] ([ActorID], [ActorName], [ActorDOB], [ActorGender]) VALUES (99, N'Billy Bob Thornton', CAST(0x00004F4F00000000 AS DateTime), N'Male')
INSERT [dbo].[tblActor] ([ActorID], [ActorName], [ActorDOB], [ActorGender]) VALUES (100, N'Liv Tyler', CAST(0x00006E9100000000 AS DateTime), N'Female')
INSERT [dbo].[tblActor] ([ActorID], [ActorName], [ActorDOB], [ActorGender]) VALUES (101, N'Steve Buscemi', CAST(0x000052AD00000000 AS DateTime), N'Male')
INSERT [dbo].[tblActor] ([ActorID], [ActorName], [ActorDOB], [ActorGender]) VALUES (102, N'Owen Wilson', CAST(0x0000624600000000 AS DateTime), N'Male')
GO
print 'Processed 100 total records'
INSERT [dbo].[tblActor] ([ActorID], [ActorName], [ActorDOB], [ActorGender]) VALUES (103, N'Michael Clarke Duncan', CAST(0x000052AA00000000 AS DateTime), N'Male')
INSERT [dbo].[tblActor] ([ActorID], [ActorName], [ActorDOB], [ActorGender]) VALUES (104, N'Peter Stormare', CAST(0x00004C8C00000000 AS DateTime), N'Male')
INSERT [dbo].[tblActor] ([ActorID], [ActorName], [ActorDOB], [ActorGender]) VALUES (105, N'Tommy Lee Jones', CAST(0x000042A200000000 AS DateTime), N'Male')
INSERT [dbo].[tblActor] ([ActorID], [ActorName], [ActorDOB], [ActorGender]) VALUES (106, N'Jamie Foxx', CAST(0x000060F100000000 AS DateTime), N'Male')
INSERT [dbo].[tblActor] ([ActorID], [ActorName], [ActorDOB], [ActorGender]) VALUES (107, N'Jessica Biel', CAST(0x0000753B00000000 AS DateTime), N'Female')
INSERT [dbo].[tblActor] ([ActorID], [ActorName], [ActorDOB], [ActorGender]) VALUES (108, N'Ving Rhames', CAST(0x000054B000000000 AS DateTime), N'Male')
INSERT [dbo].[tblActor] ([ActorID], [ActorName], [ActorDOB], [ActorGender]) VALUES (109, N'Donald Sutherland', CAST(0x000032B400000000 AS DateTime), N'Male')
INSERT [dbo].[tblActor] ([ActorID], [ActorName], [ActorDOB], [ActorGender]) VALUES (110, N'James Woods', CAST(0x0000437900000000 AS DateTime), N'Male')
INSERT [dbo].[tblActor] ([ActorID], [ActorName], [ActorDOB], [ActorGender]) VALUES (111, N'Colin Farrell', CAST(0x00006D0500000000 AS DateTime), N'Male')
INSERT [dbo].[tblActor] ([ActorID], [ActorName], [ActorDOB], [ActorGender]) VALUES (112, N'Ciaran Hinds', CAST(0x00004BC500000000 AS DateTime), N'Male')
INSERT [dbo].[tblActor] ([ActorID], [ActorName], [ActorDOB], [ActorGender]) VALUES (113, N'Sophie Marceau', CAST(0x00005F6A00000000 AS DateTime), N'Female')
INSERT [dbo].[tblActor] ([ActorID], [ActorName], [ActorDOB], [ActorGender]) VALUES (114, N'Robert Carlyle', CAST(0x0000576F00000000 AS DateTime), N'Male')
INSERT [dbo].[tblActor] ([ActorID], [ActorName], [ActorDOB], [ActorGender]) VALUES (115, N'Denise Richards', CAST(0x0000657B00000000 AS DateTime), N'Female')
INSERT [dbo].[tblActor] ([ActorID], [ActorName], [ActorDOB], [ActorGender]) VALUES (116, N'Desmond Llewelyn', CAST(0x0000138A00000000 AS DateTime), N'Male')
INSERT [dbo].[tblActor] ([ActorID], [ActorName], [ActorDOB], [ActorGender]) VALUES (117, N'Russell Crowe', CAST(0x00005BB000000000 AS DateTime), N'Male')
INSERT [dbo].[tblActor] ([ActorID], [ActorName], [ActorDOB], [ActorGender]) VALUES (118, N'Paul Bettany', CAST(0x000065DE00000000 AS DateTime), N'Male')
INSERT [dbo].[tblActor] ([ActorID], [ActorName], [ActorDOB], [ActorGender]) VALUES (119, N'Dakota Fanning', CAST(0x0000865200000000 AS DateTime), N'Female')
INSERT [dbo].[tblActor] ([ActorID], [ActorName], [ActorDOB], [ActorGender]) VALUES (120, N'Tim Robbins', CAST(0x000053E000000000 AS DateTime), N'Male')
INSERT [dbo].[tblActor] ([ActorID], [ActorName], [ActorDOB], [ActorGender]) VALUES (121, N'Matt Damon', CAST(0x000064F700000000 AS DateTime), N'Male')
INSERT [dbo].[tblActor] ([ActorID], [ActorName], [ActorDOB], [ActorGender]) VALUES (122, N'Julia Stiles', CAST(0x000073E700000000 AS DateTime), N'Female')
INSERT [dbo].[tblActor] ([ActorID], [ActorName], [ActorDOB], [ActorGender]) VALUES (123, N'David Strathairn', CAST(0x0000460200000000 AS DateTime), N'Male')
INSERT [dbo].[tblActor] ([ActorID], [ActorName], [ActorDOB], [ActorGender]) VALUES (124, N'Paddy Considine', CAST(0x00006A8B00000000 AS DateTime), N'Male')
INSERT [dbo].[tblActor] ([ActorID], [ActorName], [ActorDOB], [ActorGender]) VALUES (125, N'Albert Finney', CAST(0x000033DD00000000 AS DateTime), N'Male')
INSERT [dbo].[tblActor] ([ActorID], [ActorName], [ActorDOB], [ActorGender]) VALUES (126, N'Monica Bellucci', CAST(0x00005C6000000000 AS DateTime), N'Female')
INSERT [dbo].[tblActor] ([ActorID], [ActorName], [ActorDOB], [ActorGender]) VALUES (127, N'Laurence Fishburne', CAST(0x000057DA00000000 AS DateTime), N'Male')
INSERT [dbo].[tblActor] ([ActorID], [ActorName], [ActorDOB], [ActorGender]) VALUES (128, N'Carrie-Anne Moss', CAST(0x0000607F00000000 AS DateTime), N'Female')
INSERT [dbo].[tblActor] ([ActorID], [ActorName], [ActorDOB], [ActorGender]) VALUES (129, N'Keanu Reeves', CAST(0x00005C4400000000 AS DateTime), N'Male')
INSERT [dbo].[tblActor] ([ActorID], [ActorName], [ActorDOB], [ActorGender]) VALUES (130, N'Tom Hanks', CAST(0x000050A300000000 AS DateTime), N'Male')
INSERT [dbo].[tblActor] ([ActorID], [ActorName], [ActorDOB], [ActorGender]) VALUES (131, N'Audrey Tautou', CAST(0x00006D4B00000000 AS DateTime), N'Female')
INSERT [dbo].[tblActor] ([ActorID], [ActorName], [ActorDOB], [ActorGender]) VALUES (132, N'Ian McKellen', CAST(0x0000383400000000 AS DateTime), N'Male')
INSERT [dbo].[tblActor] ([ActorID], [ActorName], [ActorDOB], [ActorGender]) VALUES (133, N'Jean Reno', CAST(0x0000454E00000000 AS DateTime), N'Male')
INSERT [dbo].[tblActor] ([ActorID], [ActorName], [ActorDOB], [ActorGender]) VALUES (134, N'Jurgen Prochnow', CAST(0x00003B1F00000000 AS DateTime), N'Male')
INSERT [dbo].[tblActor] ([ActorID], [ActorName], [ActorDOB], [ActorGender]) VALUES (135, N'Richard Harris', CAST(0x00002BDE00000000 AS DateTime), N'Male')
INSERT [dbo].[tblActor] ([ActorID], [ActorName], [ActorDOB], [ActorGender]) VALUES (136, N'John Hurt', CAST(0x0000392600000000 AS DateTime), N'Male')
INSERT [dbo].[tblActor] ([ActorID], [ActorName], [ActorDOB], [ActorGender]) VALUES (137, N'Dennis Quaid', CAST(0x00004D6D00000000 AS DateTime), N'Male')
INSERT [dbo].[tblActor] ([ActorID], [ActorName], [ActorDOB], [ActorGender]) VALUES (138, N'Jake Gyllenhaal', CAST(0x0000738400000000 AS DateTime), N'Male')
INSERT [dbo].[tblActor] ([ActorID], [ActorName], [ActorDOB], [ActorGender]) VALUES (139, N'Billy Connolly', CAST(0x00003D3300000000 AS DateTime), N'Male')
INSERT [dbo].[tblActor] ([ActorID], [ActorName], [ActorDOB], [ActorGender]) VALUES (140, N'Hiroyuki Sanada', CAST(0x000056B700000000 AS DateTime), N'Male')
INSERT [dbo].[tblActor] ([ActorID], [ActorName], [ActorDOB], [ActorGender]) VALUES (141, N'Cillian Murphy', CAST(0x00006CFF00000000 AS DateTime), N'Male')
INSERT [dbo].[tblActor] ([ActorID], [ActorName], [ActorDOB], [ActorGender]) VALUES (142, N'Michelle Yeoh', CAST(0x0000594E00000000 AS DateTime), N'Female')
INSERT [dbo].[tblActor] ([ActorID], [ActorName], [ActorDOB], [ActorGender]) VALUES (143, N'George Clooney', CAST(0x0000578500000000 AS DateTime), N'Male')
INSERT [dbo].[tblActor] ([ActorID], [ActorName], [ActorDOB], [ActorGender]) VALUES (144, N'Mark Wahlberg', CAST(0x000065E700000000 AS DateTime), N'Male')
INSERT [dbo].[tblActor] ([ActorID], [ActorName], [ActorDOB], [ActorGender]) VALUES (145, N'John C. Reilly', CAST(0x00005D4C00000000 AS DateTime), N'Male')
INSERT [dbo].[tblActor] ([ActorID], [ActorName], [ActorDOB], [ActorGender]) VALUES (146, N'Mary Elizabeth Mastrantonio', CAST(0x0000540000000000 AS DateTime), N'Female')
INSERT [dbo].[tblActor] ([ActorID], [ActorName], [ActorDOB], [ActorGender]) VALUES (147, N'Michael Ironside', CAST(0x0000478000000000 AS DateTime), N'Male')
INSERT [dbo].[tblActor] ([ActorID], [ActorName], [ActorDOB], [ActorGender]) VALUES (148, N'Philip Seymour Hoffman', CAST(0x0000606200000000 AS DateTime), N'Male')
INSERT [dbo].[tblActor] ([ActorID], [ActorName], [ActorDOB], [ActorGender]) VALUES (149, N'Michelle Monaghan', CAST(0x00006CC000000000 AS DateTime), N'Female')
INSERT [dbo].[tblActor] ([ActorID], [ActorName], [ActorDOB], [ActorGender]) VALUES (150, N'Simon Pegg', CAST(0x0000640B00000000 AS DateTime), N'Male')
INSERT [dbo].[tblActor] ([ActorID], [ActorName], [ActorDOB], [ActorGender]) VALUES (151, N'Nicolas Cage', CAST(0x00005B5500000000 AS DateTime), N'Male')
INSERT [dbo].[tblActor] ([ActorID], [ActorName], [ActorDOB], [ActorGender]) VALUES (152, N'Christian Slater', CAST(0x0000635700000000 AS DateTime), N'Male')
INSERT [dbo].[tblActor] ([ActorID], [ActorName], [ActorDOB], [ActorGender]) VALUES (153, N'Ewan McGregor', CAST(0x000065A500000000 AS DateTime), N'Male')
INSERT [dbo].[tblActor] ([ActorID], [ActorName], [ActorDOB], [ActorGender]) VALUES (154, N'Natalie Portman', CAST(0x0000743000000000 AS DateTime), N'Female')
INSERT [dbo].[tblActor] ([ActorID], [ActorName], [ActorDOB], [ActorGender]) VALUES (155, N'Hayden Christensen', CAST(0x000073FD00000000 AS DateTime), N'Male')
INSERT [dbo].[tblActor] ([ActorID], [ActorName], [ActorDOB], [ActorGender]) VALUES (156, N'Frank Oz', CAST(0x00003F5700000000 AS DateTime), N'Male')
INSERT [dbo].[tblActor] ([ActorID], [ActorName], [ActorDOB], [ActorGender]) VALUES (157, N'Ian McDiarmid', CAST(0x00003FA500000000 AS DateTime), N'Male')
INSERT [dbo].[tblActor] ([ActorID], [ActorName], [ActorDOB], [ActorGender]) VALUES (158, N'Temuera Morrison', CAST(0x0000570200000000 AS DateTime), N'Male')
INSERT [dbo].[tblActor] ([ActorID], [ActorName], [ActorDOB], [ActorGender]) VALUES (159, N'Rena Owen', CAST(0x0000593F00000000 AS DateTime), N'Female')
INSERT [dbo].[tblActor] ([ActorID], [ActorName], [ActorDOB], [ActorGender]) VALUES (160, N'Billy Crystal', CAST(0x000044C400000000 AS DateTime), N'Male')
INSERT [dbo].[tblActor] ([ActorID], [ActorName], [ActorDOB], [ActorGender]) VALUES (161, N'James Coburn', CAST(0x000028E500000000 AS DateTime), N'Male')
INSERT [dbo].[tblActor] ([ActorID], [ActorName], [ActorDOB], [ActorGender]) VALUES (162, N'Ray Park', CAST(0x00006A7E00000000 AS DateTime), N'Male')
INSERT [dbo].[tblActor] ([ActorID], [ActorName], [ActorDOB], [ActorGender]) VALUES (163, N'Anthony Daniels', CAST(0x000041D400000000 AS DateTime), N'Male')
INSERT [dbo].[tblActor] ([ActorID], [ActorName], [ActorDOB], [ActorGender]) VALUES (164, N'Kenny Baker', CAST(0x0000316D00000000 AS DateTime), N'Male')
INSERT [dbo].[tblActor] ([ActorID], [ActorName], [ActorDOB], [ActorGender]) VALUES (165, N'Peter Mayhew', CAST(0x00003F5100000000 AS DateTime), N'Male')
INSERT [dbo].[tblActor] ([ActorID], [ActorName], [ActorDOB], [ActorGender]) VALUES (166, N'Joe Don Baker', CAST(0x0000338600000000 AS DateTime), N'Male')
INSERT [dbo].[tblActor] ([ActorID], [ActorName], [ActorDOB], [ActorGender]) VALUES (167, N'Elliott Gould', CAST(0x0000372700000000 AS DateTime), N'Male')
INSERT [dbo].[tblActor] ([ActorID], [ActorName], [ActorDOB], [ActorGender]) VALUES (168, N'Andy Garcia', CAST(0x0000504B00000000 AS DateTime), N'Male')
INSERT [dbo].[tblActor] ([ActorID], [ActorName], [ActorDOB], [ActorGender]) VALUES (169, N'Julia Roberts', CAST(0x000060C300000000 AS DateTime), N'Female')
INSERT [dbo].[tblActor] ([ActorID], [ActorName], [ActorDOB], [ActorGender]) VALUES (170, N'Don Cheadle', CAST(0x00005C9C00000000 AS DateTime), N'Male')
INSERT [dbo].[tblActor] ([ActorID], [ActorName], [ActorDOB], [ActorGender]) VALUES (171, N'Timothy Olyphant', CAST(0x0000619000000000 AS DateTime), N'Male')
INSERT [dbo].[tblActor] ([ActorID], [ActorName], [ActorDOB], [ActorGender]) VALUES (172, N'Jackie Chan', CAST(0x00004D6B00000000 AS DateTime), N'Male')
INSERT [dbo].[tblActor] ([ActorID], [ActorName], [ActorDOB], [ActorGender]) VALUES (173, N'Steve Coogan', CAST(0x00005DDB00000000 AS DateTime), N'Male')
INSERT [dbo].[tblActor] ([ActorID], [ActorName], [ActorDOB], [ActorGender]) VALUES (174, N'Arnold Schwarzenegger', CAST(0x000043E000000000 AS DateTime), N'Male')
INSERT [dbo].[tblActor] ([ActorID], [ActorName], [ActorDOB], [ActorGender]) VALUES (175, N'Maggie Q', CAST(0x0000714300000000 AS DateTime), N'Female')
INSERT [dbo].[tblActor] ([ActorID], [ActorName], [ActorDOB], [ActorGender]) VALUES (176, N'Sammo Hung', CAST(0x00004A3600000000 AS DateTime), N'Male')
INSERT [dbo].[tblActor] ([ActorID], [ActorName], [ActorDOB], [ActorGender]) VALUES (177, N'Jim Broadbent', CAST(0x0000467800000000 AS DateTime), N'Male')
INSERT [dbo].[tblActor] ([ActorID], [ActorName], [ActorDOB], [ActorGender]) VALUES (178, N'Luke Wilson', CAST(0x0000665300000000 AS DateTime), N'Male')
INSERT [dbo].[tblActor] ([ActorID], [ActorName], [ActorDOB], [ActorGender]) VALUES (179, N'Jeremy Irons', CAST(0x0000458100000000 AS DateTime), N'Male')
INSERT [dbo].[tblActor] ([ActorID], [ActorName], [ActorDOB], [ActorGender]) VALUES (180, N'Edward Norton', CAST(0x0000635700000000 AS DateTime), N'Male')
INSERT [dbo].[tblActor] ([ActorID], [ActorName], [ActorDOB], [ActorGender]) VALUES (181, N'Vince Vaughan', CAST(0x0000643500000000 AS DateTime), N'Male')
INSERT [dbo].[tblActor] ([ActorID], [ActorName], [ActorDOB], [ActorGender]) VALUES (182, N'Cate Blanchett', CAST(0x000062F700000000 AS DateTime), N'Female')
INSERT [dbo].[tblActor] ([ActorID], [ActorName], [ActorDOB], [ActorGender]) VALUES (183, N'Jude Law', CAST(0x0000682400000000 AS DateTime), N'Male')
INSERT [dbo].[tblActor] ([ActorID], [ActorName], [ActorDOB], [ActorGender]) VALUES (184, N'Brent Spiner', CAST(0x0000460900000000 AS DateTime), N'Male')
INSERT [dbo].[tblActor] ([ActorID], [ActorName], [ActorDOB], [ActorGender]) VALUES (185, N'Viggo Mortensen', CAST(0x000053E400000000 AS DateTime), N'Male')
INSERT [dbo].[tblActor] ([ActorID], [ActorName], [ActorDOB], [ActorGender]) VALUES (186, N'Elijah Wood', CAST(0x000073AC00000000 AS DateTime), N'Male')
INSERT [dbo].[tblActor] ([ActorID], [ActorName], [ActorDOB], [ActorGender]) VALUES (187, N'James Cromwell', CAST(0x0000392B00000000 AS DateTime), N'Male')
INSERT [dbo].[tblActor] ([ActorID], [ActorName], [ActorDOB], [ActorGender]) VALUES (188, N'Bridget Moynahan', CAST(0x000065C100000000 AS DateTime), N'Female')
INSERT [dbo].[tblActor] ([ActorID], [ActorName], [ActorDOB], [ActorGender]) VALUES (189, N'Daniel Craig', CAST(0x0000614100000000 AS DateTime), N'Male')
INSERT [dbo].[tblActor] ([ActorID], [ActorName], [ActorDOB], [ActorGender]) VALUES (190, N'Max von Sydow', CAST(0x000029C300000000 AS DateTime), N'Male')
INSERT [dbo].[tblActor] ([ActorID], [ActorName], [ActorDOB], [ActorGender]) VALUES (191, N'Linda Hamilton', CAST(0x000050F200000000 AS DateTime), N'Female')
INSERT [dbo].[tblActor] ([ActorID], [ActorName], [ActorDOB], [ActorGender]) VALUES (192, N'Edward Furlong', CAST(0x00006EB100000000 AS DateTime), N'Male')
INSERT [dbo].[tblActor] ([ActorID], [ActorName], [ActorDOB], [ActorGender]) VALUES (193, N'Robert Patrick', CAST(0x000053F400000000 AS DateTime), N'Male')
INSERT [dbo].[tblActor] ([ActorID], [ActorName], [ActorDOB], [ActorGender]) VALUES (194, N'Kenneth Branagh', CAST(0x000056F200000000 AS DateTime), N'Male')
INSERT [dbo].[tblActor] ([ActorID], [ActorName], [ActorDOB], [ActorGender]) VALUES (195, N'Denzel Washington', CAST(0x00004E7400000000 AS DateTime), N'Male')
INSERT [dbo].[tblActor] ([ActorID], [ActorName], [ActorDOB], [ActorGender]) VALUES (196, N'Djimon Hounsou', CAST(0x00005BC100000000 AS DateTime), N'Male')
INSERT [dbo].[tblActor] ([ActorID], [ActorName], [ActorDOB], [ActorGender]) VALUES (197, N'Jennifer Connelly', CAST(0x0000653800000000 AS DateTime), N'Female')
INSERT [dbo].[tblActor] ([ActorID], [ActorName], [ActorDOB], [ActorGender]) VALUES (198, N'Arnold Vosloo', CAST(0x0000591B00000000 AS DateTime), N'Male')
INSERT [dbo].[tblActor] ([ActorID], [ActorName], [ActorDOB], [ActorGender]) VALUES (199, N'Joaquin Phoenix', CAST(0x00006AC000000000 AS DateTime), N'Male')
INSERT [dbo].[tblActor] ([ActorID], [ActorName], [ActorDOB], [ActorGender]) VALUES (200, N'Connie Nielsen', CAST(0x00005D7400000000 AS DateTime), N'Female')
INSERT [dbo].[tblActor] ([ActorID], [ActorName], [ActorDOB], [ActorGender]) VALUES (201, N'Oliver Reed', CAST(0x000034F500000000 AS DateTime), N'Male')
INSERT [dbo].[tblActor] ([ActorID], [ActorName], [ActorDOB], [ActorGender]) VALUES (202, N'Jamie Lee Curtis', CAST(0x0000540500000000 AS DateTime), N'Female')
INSERT [dbo].[tblActor] ([ActorID], [ActorName], [ActorDOB], [ActorGender]) VALUES (203, N'Tom Arnold', CAST(0x0000546D00000000 AS DateTime), N'Male')
GO
print 'Processed 200 total records'
INSERT [dbo].[tblActor] ([ActorID], [ActorName], [ActorDOB], [ActorGender]) VALUES (204, N'Charlton Heston', CAST(0x0000235200000000 AS DateTime), N'Male')
INSERT [dbo].[tblActor] ([ActorID], [ActorName], [ActorDOB], [ActorGender]) VALUES (205, N'Tia Carrere', CAST(0x00005F9800000000 AS DateTime), N'Female')
INSERT [dbo].[tblActor] ([ActorID], [ActorName], [ActorDOB], [ActorGender]) VALUES (206, N'Art Malik', CAST(0x00004B6D00000000 AS DateTime), N'Male')
INSERT [dbo].[tblActor] ([ActorID], [ActorName], [ActorDOB], [ActorGender]) VALUES (207, N'Eliza Dushku', CAST(0x0000738F00000000 AS DateTime), N'Female')
INSERT [dbo].[tblActor] ([ActorID], [ActorName], [ActorDOB], [ActorGender]) VALUES (208, N'Daniel Day-Lewis', CAST(0x000051C900000000 AS DateTime), N'Male')
INSERT [dbo].[tblActor] ([ActorID], [ActorName], [ActorDOB], [ActorGender]) VALUES (209, N'Cameron Diaz', CAST(0x000067AB00000000 AS DateTime), N'Female')
INSERT [dbo].[tblActor] ([ActorID], [ActorName], [ActorDOB], [ActorGender]) VALUES (210, N'Milla Jovovich', CAST(0x00006C5F00000000 AS DateTime), N'Female')
INSERT [dbo].[tblActor] ([ActorID], [ActorName], [ActorDOB], [ActorGender]) VALUES (211, N'Chris Tucker', CAST(0x000067AC00000000 AS DateTime), N'Male')
INSERT [dbo].[tblActor] ([ActorID], [ActorName], [ActorDOB], [ActorGender]) VALUES (212, N'Sean Bean', CAST(0x0000549700000000 AS DateTime), N'Male')
INSERT [dbo].[tblActor] ([ActorID], [ActorName], [ActorDOB], [ActorGender]) VALUES (213, N'Karl Urban', CAST(0x0000675700000000 AS DateTime), N'Male')
INSERT [dbo].[tblActor] ([ActorID], [ActorName], [ActorDOB], [ActorGender]) VALUES (214, N'Linda Fiorentino', CAST(0x0000530300000000 AS DateTime), N'Female')
INSERT [dbo].[tblActor] ([ActorID], [ActorName], [ActorDOB], [ActorGender]) VALUES (215, N'Jack Nicholson', CAST(0x0000353900000000 AS DateTime), N'Male')
INSERT [dbo].[tblActor] ([ActorID], [ActorName], [ActorDOB], [ActorGender]) VALUES (216, N'Martin Sheen', CAST(0x000039E800000000 AS DateTime), N'Male')
INSERT [dbo].[tblActor] ([ActorID], [ActorName], [ActorDOB], [ActorGender]) VALUES (217, N'Paul Giamatti', CAST(0x0000603300000000 AS DateTime), N'Male')
INSERT [dbo].[tblActor] ([ActorID], [ActorName], [ActorDOB], [ActorGender]) VALUES (218, N'F. Murray Abraham', CAST(0x000038CC00000000 AS DateTime), N'Male')
INSERT [dbo].[tblActor] ([ActorID], [ActorName], [ActorDOB], [ActorGender]) VALUES (219, N'Charles Dance', CAST(0x000042BB00000000 AS DateTime), N'Male')
INSERT [dbo].[tblActor] ([ActorID], [ActorName], [ActorDOB], [ActorGender]) VALUES (221, N'Catherine Zeta-Jones', CAST(0x0000637D00000000 AS DateTime), N'Female')
INSERT [dbo].[tblActor] ([ActorID], [ActorName], [ActorDOB], [ActorGender]) VALUES (222, N'Adam Sandler', CAST(0x00005F2500000000 AS DateTime), N'Male')
INSERT [dbo].[tblActor] ([ActorID], [ActorName], [ActorDOB], [ActorGender]) VALUES (223, N'Christopher Walken', CAST(0x00003DB200000000 AS DateTime), N'Male')
INSERT [dbo].[tblActor] ([ActorID], [ActorName], [ActorDOB], [ActorGender]) VALUES (224, N'David Hasselhoff', CAST(0x00004AF600000000 AS DateTime), N'Male')
INSERT [dbo].[tblActor] ([ActorID], [ActorName], [ActorDOB], [ActorGender]) VALUES (225, N'Henry Winkler', CAST(0x0000416200000000 AS DateTime), N'Male')
INSERT [dbo].[tblActor] ([ActorID], [ActorName], [ActorDOB], [ActorGender]) VALUES (226, N'Jim Carrey', CAST(0x0000588500000000 AS DateTime), N'Male')
INSERT [dbo].[tblActor] ([ActorID], [ActorName], [ActorDOB], [ActorGender]) VALUES (227, N'Jennifer Aniston', CAST(0x0000629B00000000 AS DateTime), N'Female')
INSERT [dbo].[tblActor] ([ActorID], [ActorName], [ActorDOB], [ActorGender]) VALUES (228, N'Emmanuelle Beart', CAST(0x00005AC300000000 AS DateTime), N'Female')
INSERT [dbo].[tblActor] ([ActorID], [ActorName], [ActorDOB], [ActorGender]) VALUES (229, N'Robert Duvall', CAST(0x00002C3E00000000 AS DateTime), N'Male')
INSERT [dbo].[tblActor] ([ActorID], [ActorName], [ActorDOB], [ActorGender]) VALUES (230, N'Tea Leoni', CAST(0x00005E6100000000 AS DateTime), N'Female')
INSERT [dbo].[tblActor] ([ActorID], [ActorName], [ActorDOB], [ActorGender]) VALUES (231, N'Jon Favreau', CAST(0x00005F4D00000000 AS DateTime), N'Male')
INSERT [dbo].[tblActor] ([ActorID], [ActorName], [ActorDOB], [ActorGender]) VALUES (232, N'Vanessa Redgrave', CAST(0x000034E700000000 AS DateTime), N'Female')
INSERT [dbo].[tblActor] ([ActorID], [ActorName], [ActorDOB], [ActorGender]) VALUES (233, N'Paul Newman', CAST(0x000023C400000000 AS DateTime), N'Male')
INSERT [dbo].[tblActor] ([ActorID], [ActorName], [ActorDOB], [ActorGender]) VALUES (234, N'Stanley Tucci', CAST(0x000056D500000000 AS DateTime), N'Male')
INSERT [dbo].[tblActor] ([ActorID], [ActorName], [ActorDOB], [ActorGender]) VALUES (235, N'Ed Harris', CAST(0x000048A100000000 AS DateTime), N'Male')
INSERT [dbo].[tblActor] ([ActorID], [ActorName], [ActorDOB], [ActorGender]) VALUES (236, N'Christopher Plummer', CAST(0x00002ABA00000000 AS DateTime), N'Male')
INSERT [dbo].[tblActor] ([ActorID], [ActorName], [ActorDOB], [ActorGender]) VALUES (237, N'Clive Owen', CAST(0x00005C6300000000 AS DateTime), N'Male')
INSERT [dbo].[tblActor] ([ActorID], [ActorName], [ActorDOB], [ActorGender]) VALUES (238, N'Bill Pullman', CAST(0x00004CFC00000000 AS DateTime), N'Male')
INSERT [dbo].[tblActor] ([ActorID], [ActorName], [ActorDOB], [ActorGender]) VALUES (239, N'Mary McDonnell', CAST(0x00004AA600000000 AS DateTime), N'Female')
INSERT [dbo].[tblActor] ([ActorID], [ActorName], [ActorDOB], [ActorGender]) VALUES (240, N'Randy Quaid', CAST(0x0000486700000000 AS DateTime), N'Male')
INSERT [dbo].[tblActor] ([ActorID], [ActorName], [ActorDOB], [ActorGender]) VALUES (241, N'Hugh Jackman', CAST(0x0000622100000000 AS DateTime), N'Male')
INSERT [dbo].[tblActor] ([ActorID], [ActorName], [ActorDOB], [ActorGender]) VALUES (242, N'Patrick Stewart', CAST(0x000039D300000000 AS DateTime), N'Male')
INSERT [dbo].[tblActor] ([ActorID], [ActorName], [ActorDOB], [ActorGender]) VALUES (243, N'Famke Janssen', CAST(0x00005DF100000000 AS DateTime), N'Female')
INSERT [dbo].[tblActor] ([ActorID], [ActorName], [ActorDOB], [ActorGender]) VALUES (244, N'Sean Connery', CAST(0x00002BB900000000 AS DateTime), N'Male')
INSERT [dbo].[tblActor] ([ActorID], [ActorName], [ActorDOB], [ActorGender]) VALUES (245, N'Michael Biehn', CAST(0x000050B900000000 AS DateTime), N'Male')
INSERT [dbo].[tblActor] ([ActorID], [ActorName], [ActorDOB], [ActorGender]) VALUES (246, N'Rachel Weisz', CAST(0x0000658D00000000 AS DateTime), N'Female')
INSERT [dbo].[tblActor] ([ActorID], [ActorName], [ActorDOB], [ActorGender]) VALUES (247, N'Will Ferrell', CAST(0x0000605B00000000 AS DateTime), N'Male')
INSERT [dbo].[tblActor] ([ActorID], [ActorName], [ActorDOB], [ActorGender]) VALUES (248, N'Sacha Baron Cohen', CAST(0x0000666900000000 AS DateTime), N'Male')
INSERT [dbo].[tblActor] ([ActorID], [ActorName], [ActorDOB], [ActorGender]) VALUES (249, N'Dan Castellaneta', CAST(0x000051E700000000 AS DateTime), N'Male')
INSERT [dbo].[tblActor] ([ActorID], [ActorName], [ActorDOB], [ActorGender]) VALUES (250, N'Julie Kavner', CAST(0x0000484F00000000 AS DateTime), N'Female')
INSERT [dbo].[tblActor] ([ActorID], [ActorName], [ActorDOB], [ActorGender]) VALUES (251, N'Nancy Cartwright', CAST(0x0000527C00000000 AS DateTime), N'Female')
INSERT [dbo].[tblActor] ([ActorID], [ActorName], [ActorDOB], [ActorGender]) VALUES (252, N'Yeardley Smith', CAST(0x00005C0700000000 AS DateTime), N'Female')
INSERT [dbo].[tblActor] ([ActorID], [ActorName], [ActorDOB], [ActorGender]) VALUES (253, N'Patrick McGoohan', CAST(0x0000284000000000 AS DateTime), N'Male')
INSERT [dbo].[tblActor] ([ActorID], [ActorName], [ActorDOB], [ActorGender]) VALUES (254, N'William Hurt', CAST(0x000047A400000000 AS DateTime), N'Male')
INSERT [dbo].[tblActor] ([ActorID], [ActorName], [ActorDOB], [ActorGender]) VALUES (255, N'Sigourney Weaver', CAST(0x0000470100000000 AS DateTime), N'Female')
INSERT [dbo].[tblActor] ([ActorID], [ActorName], [ActorDOB], [ActorGender]) VALUES (256, N'Mike Myers', CAST(0x00005A7200000000 AS DateTime), N'Male')
INSERT [dbo].[tblActor] ([ActorID], [ActorName], [ActorDOB], [ActorGender]) VALUES (257, N'Eddie Murphy', CAST(0x0000576400000000 AS DateTime), N'Male')
INSERT [dbo].[tblActor] ([ActorID], [ActorName], [ActorDOB], [ActorGender]) VALUES (258, N'Antonio Banderas', CAST(0x0000567800000000 AS DateTime), N'Male')
INSERT [dbo].[tblActor] ([ActorID], [ActorName], [ActorDOB], [ActorGender]) VALUES (259, N'Jonathan Frakes', CAST(0x00004B1700000000 AS DateTime), N'Male')
INSERT [dbo].[tblActor] ([ActorID], [ActorName], [ActorDOB], [ActorGender]) VALUES (260, N'LeVar Burton', CAST(0x0000518100000000 AS DateTime), N'Male')
INSERT [dbo].[tblActor] ([ActorID], [ActorName], [ActorDOB], [ActorGender]) VALUES (261, N'Michael Dorn', CAST(0x00004B8700000000 AS DateTime), N'Male')
INSERT [dbo].[tblActor] ([ActorID], [ActorName], [ActorDOB], [ActorGender]) VALUES (262, N'Gates McFadden', CAST(0x0000462500000000 AS DateTime), N'Female')
INSERT [dbo].[tblActor] ([ActorID], [ActorName], [ActorDOB], [ActorGender]) VALUES (263, N'Marina Sirtis', CAST(0x00004ECF00000000 AS DateTime), N'Female')
INSERT [dbo].[tblActor] ([ActorID], [ActorName], [ActorDOB], [ActorGender]) VALUES (264, N'Bob Hoskins', CAST(0x00003D1600000000 AS DateTime), N'Male')
INSERT [dbo].[tblActor] ([ActorID], [ActorName], [ActorDOB], [ActorGender]) VALUES (265, N'Christopher Lloyd', CAST(0x0000375D00000000 AS DateTime), N'Male')
INSERT [dbo].[tblActor] ([ActorID], [ActorName], [ActorDOB], [ActorGender]) VALUES (266, N'Kathleen Turner', CAST(0x00004DB400000000 AS DateTime), N'Female')
INSERT [dbo].[tblActor] ([ActorID], [ActorName], [ActorDOB], [ActorGender]) VALUES (267, N'Christina Ricci', CAST(0x0000724D00000000 AS DateTime), N'Female')
INSERT [dbo].[tblActor] ([ActorID], [ActorName], [ActorDOB], [ActorGender]) VALUES (268, N'Vin Diesel', CAST(0x0000605D00000000 AS DateTime), N'Male')
INSERT [dbo].[tblActor] ([ActorID], [ActorName], [ActorDOB], [ActorGender]) VALUES (269, N'William Sadler', CAST(0x000047BC00000000 AS DateTime), N'Male')
INSERT [dbo].[tblActor] ([ActorID], [ActorName], [ActorDOB], [ActorGender]) VALUES (270, N'Bonnie Bedelia', CAST(0x000044CF00000000 AS DateTime), N'Female')
INSERT [dbo].[tblActor] ([ActorID], [ActorName], [ActorDOB], [ActorGender]) VALUES (271, N'Geena Davis', CAST(0x00004FF900000000 AS DateTime), N'Female')
INSERT [dbo].[tblActor] ([ActorID], [ActorName], [ActorDOB], [ActorGender]) VALUES (272, N'Kevin Bacon', CAST(0x0000537C00000000 AS DateTime), N'Male')
INSERT [dbo].[tblActor] ([ActorID], [ActorName], [ActorDOB], [ActorGender]) VALUES (273, N'Gary Sinise', CAST(0x00004EC300000000 AS DateTime), N'Male')
INSERT [dbo].[tblActor] ([ActorID], [ActorName], [ActorDOB], [ActorGender]) VALUES (274, N'Sharon Stone', CAST(0x0000530400000000 AS DateTime), N'Female')
INSERT [dbo].[tblActor] ([ActorID], [ActorName], [ActorDOB], [ActorGender]) VALUES (275, N'Sylvester Stallone
advertisement', CAST(0x0000425B00000000 AS DateTime), N'Male')
INSERT [dbo].[tblActor] ([ActorID], [ActorName], [ActorDOB], [ActorGender]) VALUES (276, N'John Lithgow', CAST(0x0000415700000000 AS DateTime), N'Male')
INSERT [dbo].[tblActor] ([ActorID], [ActorName], [ActorDOB], [ActorGender]) VALUES (277, N'Michael Rooker', CAST(0x00004ED700000000 AS DateTime), N'Male')
INSERT [dbo].[tblActor] ([ActorID], [ActorName], [ActorDOB], [ActorGender]) VALUES (278, N'Harrison Ford', CAST(0x00003CAD00000000 AS DateTime), N'Male')
INSERT [dbo].[tblActor] ([ActorID], [ActorName], [ActorDOB], [ActorGender]) VALUES (279, N'Scarlett Johansson', CAST(0x0000791E00000000 AS DateTime), N'Female')
INSERT [dbo].[tblActor] ([ActorID], [ActorName], [ActorDOB], [ActorGender]) VALUES (280, N'Hilary Swank', CAST(0x00006A6600000000 AS DateTime), N'Female')
INSERT [dbo].[tblActor] ([ActorID], [ActorName], [ActorDOB], [ActorGender]) VALUES (281, N'Kathleen Quinlan', CAST(0x00004E4D00000000 AS DateTime), N'Female')
INSERT [dbo].[tblActor] ([ActorID], [ActorName], [ActorDOB], [ActorGender]) VALUES (282, N'Joely Richardson', CAST(0x00005CC500000000 AS DateTime), N'Female')
INSERT [dbo].[tblActor] ([ActorID], [ActorName], [ActorDOB], [ActorGender]) VALUES (283, N'Sean Pertwee', CAST(0x00005BEA00000000 AS DateTime), N'Male')
INSERT [dbo].[tblActor] ([ActorID], [ActorName], [ActorDOB], [ActorGender]) VALUES (284, N'Ron Perlman', CAST(0x000047BC00000000 AS DateTime), N'Male')
INSERT [dbo].[tblActor] ([ActorID], [ActorName], [ActorDOB], [ActorGender]) VALUES (285, N'Selma Blair', CAST(0x0000676700000000 AS DateTime), N'Female')
INSERT [dbo].[tblActor] ([ActorID], [ActorName], [ActorDOB], [ActorGender]) VALUES (286, N'Ben Stiller', CAST(0x00005E0A00000000 AS DateTime), N'Male')
INSERT [dbo].[tblActor] ([ActorID], [ActorName], [ActorDOB], [ActorGender]) VALUES (287, N'Juliette Lewis', CAST(0x000068D200000000 AS DateTime), N'Female')
INSERT [dbo].[tblActor] ([ActorID], [ActorName], [ActorDOB], [ActorGender]) VALUES (288, N'Fred Williamson', CAST(0x0000367600000000 AS DateTime), N'Male')
INSERT [dbo].[tblActor] ([ActorID], [ActorName], [ActorDOB], [ActorGender]) VALUES (289, N'Snoop Dogg', CAST(0x0000667000000000 AS DateTime), N'Male')
INSERT [dbo].[tblActor] ([ActorID], [ActorName], [ActorDOB], [ActorGender]) VALUES (290, N'Chris Penn', CAST(0x00005DD700000000 AS DateTime), N'Male')
INSERT [dbo].[tblActor] ([ActorID], [ActorName], [ActorDOB], [ActorGender]) VALUES (291, N'Gerard Butler', CAST(0x000063AE00000000 AS DateTime), N'Male')
INSERT [dbo].[tblActor] ([ActorID], [ActorName], [ActorDOB], [ActorGender]) VALUES (292, N'Dominic West', CAST(0x0000639100000000 AS DateTime), N'Male')
INSERT [dbo].[tblActor] ([ActorID], [ActorName], [ActorDOB], [ActorGender]) VALUES (293, N'David Wenham', CAST(0x00005DC400000000 AS DateTime), N'Male')
INSERT [dbo].[tblActor] ([ActorID], [ActorName], [ActorDOB], [ActorGender]) VALUES (294, N'Lena Headey', CAST(0x0000693A00000000 AS DateTime), N'Female')
INSERT [dbo].[tblActor] ([ActorID], [ActorName], [ActorDOB], [ActorGender]) VALUES (295, N'Malcolm McDowell', CAST(0x00003DFC00000000 AS DateTime), N'Male')
INSERT [dbo].[tblActor] ([ActorID], [ActorName], [ActorDOB], [ActorGender]) VALUES (296, N'James Doohan', CAST(0x00001CC600000000 AS DateTime), N'Male')
INSERT [dbo].[tblActor] ([ActorID], [ActorName], [ActorDOB], [ActorGender]) VALUES (297, N'Walter Koenig', CAST(0x0000345D00000000 AS DateTime), N'Male')
INSERT [dbo].[tblActor] ([ActorID], [ActorName], [ActorDOB], [ActorGender]) VALUES (298, N'William Shatner', CAST(0x00002C8A00000000 AS DateTime), N'Male')
INSERT [dbo].[tblActor] ([ActorID], [ActorName], [ActorDOB], [ActorGender]) VALUES (299, N'Leonard Nimoy', CAST(0x00002C8E00000000 AS DateTime), N'Male')
INSERT [dbo].[tblActor] ([ActorID], [ActorName], [ActorDOB], [ActorGender]) VALUES (300, N'DeForest Kelley', CAST(0x00001C9B00000000 AS DateTime), N'Male')
INSERT [dbo].[tblActor] ([ActorID], [ActorName], [ActorDOB], [ActorGender]) VALUES (301, N'George Takei', CAST(0x0000353700000000 AS DateTime), N'Male')
INSERT [dbo].[tblActor] ([ActorID], [ActorName], [ActorDOB], [ActorGender]) VALUES (302, N'Nichelle Nichols', CAST(0x00002F1100000000 AS DateTime), N'Female')
INSERT [dbo].[tblActor] ([ActorID], [ActorName], [ActorDOB], [ActorGender]) VALUES (303, N'Ricardo Montalban', CAST(0x00001DD100000000 AS DateTime), N'Male')
INSERT [dbo].[tblActor] ([ActorID], [ActorName], [ActorDOB], [ActorGender]) VALUES (305, N'Marlon Brando', CAST(0x0000229A00000000 AS DateTime), N'Male')
INSERT [dbo].[tblActor] ([ActorID], [ActorName], [ActorDOB], [ActorGender]) VALUES (306, N'Gene Hackman', CAST(0x00002AEA00000000 AS DateTime), N'Male')
GO
print 'Processed 300 total records'
INSERT [dbo].[tblActor] ([ActorID], [ActorName], [ActorDOB], [ActorGender]) VALUES (307, N'Christopher Reeve', CAST(0x00004B3C00000000 AS DateTime), N'Male')
INSERT [dbo].[tblActor] ([ActorID], [ActorName], [ActorDOB], [ActorGender]) VALUES (308, N'Margot Kidder', CAST(0x0000459D00000000 AS DateTime), N'Female')
INSERT [dbo].[tblActor] ([ActorID], [ActorName], [ActorDOB], [ActorGender]) VALUES (309, N'James Gandolfini', CAST(0x0000580C00000000 AS DateTime), N'Male')
INSERT [dbo].[tblActor] ([ActorID], [ActorName], [ActorDOB], [ActorGender]) VALUES (310, N'Val Kilmer', CAST(0x0000559900000000 AS DateTime), N'Male')
INSERT [dbo].[tblActor] ([ActorID], [ActorName], [ActorDOB], [ActorGender]) VALUES (311, N'Jim Caviezel', CAST(0x0000621100000000 AS DateTime), N'Male')
INSERT [dbo].[tblActor] ([ActorID], [ActorName], [ActorDOB], [ActorGender]) VALUES (312, N'Uma Thurman', CAST(0x0000645500000000 AS DateTime), N'Female')
INSERT [dbo].[tblActor] ([ActorID], [ActorName], [ActorDOB], [ActorGender]) VALUES (313, N'Lucy Liu', CAST(0x0000625400000000 AS DateTime), N'Female')
INSERT [dbo].[tblActor] ([ActorID], [ActorName], [ActorDOB], [ActorGender]) VALUES (314, N'Daryl Hannah', CAST(0x000056EB00000000 AS DateTime), N'Female')
INSERT [dbo].[tblActor] ([ActorID], [ActorName], [ActorDOB], [ActorGender]) VALUES (315, N'David Carradine', CAST(0x000034B200000000 AS DateTime), N'Male')
INSERT [dbo].[tblActor] ([ActorID], [ActorName], [ActorDOB], [ActorGender]) VALUES (316, N'Charles S. Dutton', CAST(0x000048E000000000 AS DateTime), N'Male')
INSERT [dbo].[tblActor] ([ActorID], [ActorName], [ActorDOB], [ActorGender]) VALUES (317, N'Pete Postlethwaite', CAST(0x000041CF00000000 AS DateTime), N'Male')
INSERT [dbo].[tblActor] ([ActorID], [ActorName], [ActorDOB], [ActorGender]) VALUES (318, N'Wesley Snipes', CAST(0x0000594800000000 AS DateTime), N'Male')
INSERT [dbo].[tblActor] ([ActorID], [ActorName], [ActorDOB], [ActorGender]) VALUES (319, N'Kris Kristofferson', CAST(0x0000340900000000 AS DateTime), N'Male')
INSERT [dbo].[tblActor] ([ActorID], [ActorName], [ActorDOB], [ActorGender]) VALUES (320, N'Donnie Yen', CAST(0x00005AB100000000 AS DateTime), N'Male')
INSERT [dbo].[tblActor] ([ActorID], [ActorName], [ActorDOB], [ActorGender]) VALUES (321, N'Ryan Phillippe', CAST(0x00006A9000000000 AS DateTime), N'Male')
INSERT [dbo].[tblActor] ([ActorID], [ActorName], [ActorDOB], [ActorGender]) VALUES (322, N'Robert De Niro', CAST(0x00003E3D00000000 AS DateTime), N'Male')
INSERT [dbo].[tblActor] ([ActorID], [ActorName], [ActorDOB], [ActorGender]) VALUES (323, N'John Rhys-Davies', CAST(0x00003F4300000000 AS DateTime), N'Male')
INSERT [dbo].[tblActor] ([ActorID], [ActorName], [ActorDOB], [ActorGender]) VALUES (324, N'Stephen Dorff', CAST(0x000068F800000000 AS DateTime), N'Male')
INSERT [dbo].[tblActor] ([ActorID], [ActorName], [ActorDOB], [ActorGender]) VALUES (325, N'James Earl Jones', CAST(0x00002C4A00000000 AS DateTime), N'Male')
INSERT [dbo].[tblActor] ([ActorID], [ActorName], [ActorDOB], [ActorGender]) VALUES (326, N'Julianne Moore', CAST(0x000056EB00000000 AS DateTime), N'Female')
INSERT [dbo].[tblActor] ([ActorID], [ActorName], [ActorDOB], [ActorGender]) VALUES (327, N'Joe Pantoliano', CAST(0x000049C100000000 AS DateTime), N'Male')
INSERT [dbo].[tblActor] ([ActorID], [ActorName], [ActorDOB], [ActorGender]) VALUES (328, N'Madeleine Stowe', CAST(0x000053A500000000 AS DateTime), N'Female')
INSERT [dbo].[tblActor] ([ActorID], [ActorName], [ActorDOB], [ActorGender]) VALUES (329, N'Russell Means', CAST(0x000038DD00000000 AS DateTime), N'Male')
INSERT [dbo].[tblActor] ([ActorID], [ActorName], [ActorDOB], [ActorGender]) VALUES (330, N'Wes Studi', CAST(0x0000446C00000000 AS DateTime), N'Male')
INSERT [dbo].[tblActor] ([ActorID], [ActorName], [ActorDOB], [ActorGender]) VALUES (331, N'Rudy Youngblood', CAST(0x0000760500000000 AS DateTime), N'Male')
INSERT [dbo].[tblActor] ([ActorID], [ActorName], [ActorDOB], [ActorGender]) VALUES (332, N'Dalia Hernandez', CAST(0x00007A2700000000 AS DateTime), N'Female')
INSERT [dbo].[tblActor] ([ActorID], [ActorName], [ActorDOB], [ActorGender]) VALUES (333, N'Rachel McAdams', CAST(0x00006D8600000000 AS DateTime), N'Female')
INSERT [dbo].[tblActor] ([ActorID], [ActorName], [ActorDOB], [ActorGender]) VALUES (334, N'Isla Fisher', CAST(0x00006C8F00000000 AS DateTime), N'Female')
INSERT [dbo].[tblActor] ([ActorID], [ActorName], [ActorDOB], [ActorGender]) VALUES (335, N'Jane Seymour', CAST(0x000048F000000000 AS DateTime), N'Female')
INSERT [dbo].[tblActor] ([ActorID], [ActorName], [ActorDOB], [ActorGender]) VALUES (336, N'Michael J. Fox', CAST(0x000057A700000000 AS DateTime), N'Male')
INSERT [dbo].[tblActor] ([ActorID], [ActorName], [ActorDOB], [ActorGender]) VALUES (337, N'Thomas F. Wilson', CAST(0x0000549500000000 AS DateTime), N'Male')
INSERT [dbo].[tblActor] ([ActorID], [ActorName], [ActorDOB], [ActorGender]) VALUES (338, N'Timothy Dalton', CAST(0x00003F1600000000 AS DateTime), N'Male')
INSERT [dbo].[tblActor] ([ActorID], [ActorName], [ActorDOB], [ActorGender]) VALUES (339, N'Benicio Del Toro', CAST(0x00005FC800000000 AS DateTime), N'Male')
INSERT [dbo].[tblActor] ([ActorID], [ActorName], [ActorDOB], [ActorGender]) VALUES (340, N'Robert Brown', CAST(0x00001EC100000000 AS DateTime), N'Male')
INSERT [dbo].[tblActor] ([ActorID], [ActorName], [ActorDOB], [ActorGender]) VALUES (341, N'David Hedison', CAST(0x0000271000000000 AS DateTime), N'Male')
/****** Object:  Table [dbo].[tblStudio]    Script Date: 07/06/2012 14:27:04 ******/
SET ANSI_NULLS ON
GO
SET QUOTED_IDENTIFIER ON
GO
CREATE TABLE [dbo].[tblStudio](
	[StudioID] [int] NOT NULL,
	[StudioName] [nvarchar](255) NULL,
 CONSTRAINT [PK_tblStudio] PRIMARY KEY CLUSTERED 
(
	[StudioID] ASC
)WITH (PAD_INDEX  = OFF, STATISTICS_NORECOMPUTE  = OFF, IGNORE_DUP_KEY = OFF, ALLOW_ROW_LOCKS  = ON, ALLOW_PAGE_LOCKS  = ON) ON [PRIMARY]
) ON [PRIMARY]
GO
INSERT [dbo].[tblStudio] ([StudioID], [StudioName]) VALUES (1, N'Universal Pictures')
INSERT [dbo].[tblStudio] ([StudioID], [StudioName]) VALUES (2, N'Paramount Pictures')
INSERT [dbo].[tblStudio] ([StudioID], [StudioName]) VALUES (3, N'Walt Disney Pictures')
INSERT [dbo].[tblStudio] ([StudioID], [StudioName]) VALUES (4, N'20th Century Fox')
INSERT [dbo].[tblStudio] ([StudioID], [StudioName]) VALUES (5, N'Columbia Pictures')
INSERT [dbo].[tblStudio] ([StudioID], [StudioName]) VALUES (6, N'Warner Bros. Pictures')
INSERT [dbo].[tblStudio] ([StudioID], [StudioName]) VALUES (7, N'Touchstone Pictures')
INSERT [dbo].[tblStudio] ([StudioID], [StudioName]) VALUES (8, N'Dreamworks')
INSERT [dbo].[tblStudio] ([StudioID], [StudioName]) VALUES (9, N'ImageMovers')
INSERT [dbo].[tblStudio] ([StudioID], [StudioName]) VALUES (10, N'Disney Pixar')
INSERT [dbo].[tblStudio] ([StudioID], [StudioName]) VALUES (11, N'MGM')
INSERT [dbo].[tblStudio] ([StudioID], [StudioName]) VALUES (12, N'Chris Lee Productions')
INSERT [dbo].[tblStudio] ([StudioID], [StudioName]) VALUES (13, N'Lucasfilm')
INSERT [dbo].[tblStudio] ([StudioID], [StudioName]) VALUES (14, N'New Line Cinema')
INSERT [dbo].[tblStudio] ([StudioID], [StudioName]) VALUES (15, N'Carolco Pictures')
INSERT [dbo].[tblStudio] ([StudioID], [StudioName]) VALUES (16, N'Miramax Films')
INSERT [dbo].[tblStudio] ([StudioID], [StudioName]) VALUES (17, N'Jerry Bruckheimer Films')
INSERT [dbo].[tblStudio] ([StudioID], [StudioName]) VALUES (18, N'Gaumont')
INSERT [dbo].[tblStudio] ([StudioID], [StudioName]) VALUES (19, N'Revolution Studios')
INSERT [dbo].[tblStudio] ([StudioID], [StudioName]) VALUES (20, N'Imagine Entertainment')
INSERT [dbo].[tblStudio] ([StudioID], [StudioName]) VALUES (21, N'Morgan Creek Productions')
INSERT [dbo].[tblStudio] ([StudioID], [StudioName]) VALUES (22, N'United Artists')
INSERT [dbo].[tblStudio] ([StudioID], [StudioName]) VALUES (23, N'Dimension Films')
INSERT [dbo].[tblStudio] ([StudioID], [StudioName]) VALUES (24, N'Braveworld Productions')
INSERT [dbo].[tblStudio] ([StudioID], [StudioName]) VALUES (25, N'Icon Productions')
INSERT [dbo].[tblStudio] ([StudioID], [StudioName]) VALUES (26, N'Carolina Bank')
INSERT [dbo].[tblStudio] ([StudioID], [StudioName]) VALUES (27, N'Tig Productions')
INSERT [dbo].[tblStudio] ([StudioID], [StudioName]) VALUES (28, N'Dune Entertainment')
INSERT [dbo].[tblStudio] ([StudioID], [StudioName]) VALUES (29, N'Beijing New Picture Film Co.')
INSERT [dbo].[tblStudio] ([StudioID], [StudioName]) VALUES (30, N'Big Talk Productions')
INSERT [dbo].[tblStudio] ([StudioID], [StudioName]) VALUES (31, N'Malpaso Company')
INSERT [dbo].[tblStudio] ([StudioID], [StudioName]) VALUES (32, N'British Film Council')
INSERT [dbo].[tblStudio] ([StudioID], [StudioName]) VALUES (33, N'Channel Four Films')
INSERT [dbo].[tblStudio] ([StudioID], [StudioName]) VALUES (34, N'Constantin Film')
INSERT [dbo].[tblStudio] ([StudioID], [StudioName]) VALUES (35, N'Bavaria Film')
INSERT [dbo].[tblStudio] ([StudioID], [StudioName]) VALUES (36, N'Bayerischer Rundfunk')
INSERT [dbo].[tblStudio] ([StudioID], [StudioName]) VALUES (37, N'RKO Radio Pictures')
INSERT [dbo].[tblStudio] ([StudioID], [StudioName]) VALUES (38, N'Toho Company')
INSERT [dbo].[tblStudio] ([StudioID], [StudioName]) VALUES (39, N'Kathbur Pictures')
INSERT [dbo].[tblStudio] ([StudioID], [StudioName]) VALUES (40, N'Avalon Studios')
/****** Object:  Table [dbo].[tblLanguage]    Script Date: 07/06/2012 14:27:04 ******/
SET ANSI_NULLS ON
GO
SET QUOTED_IDENTIFIER ON
GO
CREATE TABLE [dbo].[tblLanguage](
	[LanguageID] [int] NOT NULL,
	[LanguageName] [nvarchar](255) NULL,
 CONSTRAINT [PK_tblLanguage] PRIMARY KEY CLUSTERED 
(
	[LanguageID] ASC
)WITH (PAD_INDEX  = OFF, STATISTICS_NORECOMPUTE  = OFF, IGNORE_DUP_KEY = OFF, ALLOW_ROW_LOCKS  = ON, ALLOW_PAGE_LOCKS  = ON) ON [PRIMARY]
) ON [PRIMARY]
GO
INSERT [dbo].[tblLanguage] ([LanguageID], [LanguageName]) VALUES (1, N'English')
INSERT [dbo].[tblLanguage] ([LanguageID], [LanguageName]) VALUES (2, N'Cantonese')
INSERT [dbo].[tblLanguage] ([LanguageID], [LanguageName]) VALUES (3, N'French')
INSERT [dbo].[tblLanguage] ([LanguageID], [LanguageName]) VALUES (4, N'German')
INSERT [dbo].[tblLanguage] ([LanguageID], [LanguageName]) VALUES (5, N'Mandarin')
INSERT [dbo].[tblLanguage] ([LanguageID], [LanguageName]) VALUES (6, N'Japanese')
INSERT [dbo].[tblLanguage] ([LanguageID], [LanguageName]) VALUES (7, N'Aramaic')
INSERT [dbo].[tblLanguage] ([LanguageID], [LanguageName]) VALUES (8, N'Mayan')
INSERT [dbo].[tblLanguage] ([LanguageID], [LanguageName]) VALUES (9, N'Russian')
INSERT [dbo].[tblLanguage] ([LanguageID], [LanguageName]) VALUES (10, N'Spanish')
INSERT [dbo].[tblLanguage] ([LanguageID], [LanguageName]) VALUES (11, N'Owl Hoot')
/****** Object:  Table [dbo].[tblFilm]    Script Date: 07/06/2012 14:27:04 ******/
SET ANSI_NULLS ON
GO
SET QUOTED_IDENTIFIER ON
GO
CREATE TABLE [dbo].[tblFilm](
	[FilmID] [int] NOT NULL,
	[FilmName] [nvarchar](255) NULL,
	[FilmReleaseDate] [datetime] NULL,
	[FilmDirectorID] [int] NULL,
	[FilmLanguageID] [int] NULL,
	[FilmCountryID] [int] NULL,
	[FilmStudioID] [int] NULL,
	[FilmSynopsis] [nvarchar](max) NULL,
	[FilmRunTimeMinutes] [int] NULL,
	[FilmCertificateID] [bigint] NULL,
	[FilmBudgetDollars] [int] NULL,
	[FilmBoxOfficeDollars] [int] NULL,
	[FilmOscarNominations] [int] NULL,
	[FilmOscarWins] [int] NULL,
 CONSTRAINT [PK_tblFilm] PRIMARY KEY CLUSTERED 
(
	[FilmID] ASC
)WITH (PAD_INDEX  = OFF, STATISTICS_NORECOMPUTE  = OFF, IGNORE_DUP_KEY = OFF, ALLOW_ROW_LOCKS  = ON, ALLOW_PAGE_LOCKS  = ON) ON [PRIMARY]
) ON [PRIMARY]
GO
INSERT [dbo].[tblFilm] ([FilmID], [FilmName], [FilmReleaseDate], [FilmDirectorID], [FilmLanguageID], [FilmCountryID], [FilmStudioID], [FilmSynopsis], [FilmRunTimeMinutes], [FilmCertificateID], [FilmBudgetDollars], [FilmBoxOfficeDollars], [FilmOscarNominations], [FilmOscarWins]) VALUES (1, N'Jurassic Park', CAST(0x0000857400000000 AS DateTime), 4, 1, 241, 1, N'Scientists clone dinosaurs to populate a theme park which suffers a major security breakdown and releases the dinosaurs.', 127, 2, 63000000, 920100000, 3, 3)
INSERT [dbo].[tblFilm] ([FilmID], [FilmName], [FilmReleaseDate], [FilmDirectorID], [FilmLanguageID], [FilmCountryID], [FilmStudioID], [FilmSynopsis], [FilmRunTimeMinutes], [FilmCertificateID], [FilmBudgetDollars], [FilmBoxOfficeDollars], [FilmOscarNominations], [FilmOscarWins]) VALUES (2, N'Spider-Man', CAST(0x0000922B00000000 AS DateTime), 11, 1, 241, 5, N'When bitten by a genetically modified spider, a nerdy, shy, and awkward high school student gains spider-like abilities that he eventually must use to fight evil as a superhero after tragedy befalls his family.', 121, 4, 139000000, 821606375, 2, 0)
INSERT [dbo].[tblFilm] ([FilmID], [FilmName], [FilmReleaseDate], [FilmDirectorID], [FilmLanguageID], [FilmCountryID], [FilmStudioID], [FilmSynopsis], [FilmRunTimeMinutes], [FilmCertificateID], [FilmBudgetDollars], [FilmBoxOfficeDollars], [FilmOscarNominations], [FilmOscarWins]) VALUES (3, N'King Kong', CAST(0x0000972B00000000 AS DateTime), 12, 1, 241, 1, N'In 1933 New York, an overly ambitious movie producer coerces his cast and hired ship crew to travel to mysterious Skull Island, where they encounter Kong, a giant ape who is immediately smitten with leading lady Ann Darrow.', 187, 4, 207000000, 550316796, 4, 3)
INSERT [dbo].[tblFilm] ([FilmID], [FilmName], [FilmReleaseDate], [FilmDirectorID], [FilmLanguageID], [FilmCountryID], [FilmStudioID], [FilmSynopsis], [FilmRunTimeMinutes], [FilmCertificateID], [FilmBudgetDollars], [FilmBoxOfficeDollars], [FilmOscarNominations], [FilmOscarWins]) VALUES (5, N'Superman Returns', CAST(0x0000980000000000 AS DateTime), 14, 1, 241, 6, N'After a long visit to the lost remains of the planet Krypton, the Man of Steel returns to earth to become the peoples savior once again and reclaim the love of Lois Lane.', 154, 4, 204000000, 391120000, 1, 0)
INSERT [dbo].[tblFilm] ([FilmID], [FilmName], [FilmReleaseDate], [FilmDirectorID], [FilmLanguageID], [FilmCountryID], [FilmStudioID], [FilmSynopsis], [FilmRunTimeMinutes], [FilmCertificateID], [FilmBudgetDollars], [FilmBoxOfficeDollars], [FilmOscarNominations], [FilmOscarWins]) VALUES (6, N'Titanic', CAST(0x00008BE800000000 AS DateTime), 15, 1, 241, 4, N'Fictional romantic tale of a rich girl and poor boy who meet on the ill-fated voyage of the ''unsinkable'' ship.', 194, 3, 200000000, 1835400000, 14, 11)
INSERT [dbo].[tblFilm] ([FilmID], [FilmName], [FilmReleaseDate], [FilmDirectorID], [FilmLanguageID], [FilmCountryID], [FilmStudioID], [FilmSynopsis], [FilmRunTimeMinutes], [FilmCertificateID], [FilmBudgetDollars], [FilmBoxOfficeDollars], [FilmOscarNominations], [FilmOscarWins]) VALUES (7, N'Evan Almighty', CAST(0x0000997F00000000 AS DateTime), 16, 1, 241, 1, N'God (Freeman) contacts Congressman Evan Baxter (Carell) and tells him to build an ark in preparation for a great flood.', 95, 2, 175000000, 173219280, 0, 0)
INSERT [dbo].[tblFilm] ([FilmID], [FilmName], [FilmReleaseDate], [FilmDirectorID], [FilmLanguageID], [FilmCountryID], [FilmStudioID], [FilmSynopsis], [FilmRunTimeMinutes], [FilmCertificateID], [FilmBudgetDollars], [FilmBoxOfficeDollars], [FilmOscarNominations], [FilmOscarWins]) VALUES (8, N'Waterworld', CAST(0x0000886800000000 AS DateTime), 17, 1, 241, 1, N'In a future where the polar ice caps have melted and most of Earth is underwater, a mutated mariner fights starvation and outlaw "smokers," and reluctantly helps a woman and a young girl find dry land.', 136, 3, 175000000, 264246220, 1, 0)
INSERT [dbo].[tblFilm] ([FilmID], [FilmName], [FilmReleaseDate], [FilmDirectorID], [FilmLanguageID], [FilmCountryID], [FilmStudioID], [FilmSynopsis], [FilmRunTimeMinutes], [FilmCertificateID], [FilmBudgetDollars], [FilmBoxOfficeDollars], [FilmOscarNominations], [FilmOscarWins]) VALUES (9, N'Pearl Harbor', CAST(0x000090B100000000 AS DateTime), 18, 1, 241, 7, N'Pearl Harbor follows the story of two best friends, Rafe and Danny, and their love lives as they go off to join the war.', 183, 3, 151500000, 450500000, 4, 1)
INSERT [dbo].[tblFilm] ([FilmID], [FilmName], [FilmReleaseDate], [FilmDirectorID], [FilmLanguageID], [FilmCountryID], [FilmStudioID], [FilmSynopsis], [FilmRunTimeMinutes], [FilmCertificateID], [FilmBudgetDollars], [FilmBoxOfficeDollars], [FilmOscarNominations], [FilmOscarWins]) VALUES (10, N'Transformers', CAST(0x0000997800000000 AS DateTime), 18, 1, 241, 8, N'A war re-erupts on Earth between two robotic clans, the heroic Autobots and the evil Decepticons, leaving the fate of mankind hanging in the balance.', 144, 4, 151000000, 707675744, 3, 0)
INSERT [dbo].[tblFilm] ([FilmID], [FilmName], [FilmReleaseDate], [FilmDirectorID], [FilmLanguageID], [FilmCountryID], [FilmStudioID], [FilmSynopsis], [FilmRunTimeMinutes], [FilmCertificateID], [FilmBudgetDollars], [FilmBoxOfficeDollars], [FilmOscarNominations], [FilmOscarWins]) VALUES (11, N'Harry Potter and the Order of the Phoenix', CAST(0x0000996900000000 AS DateTime), 19, 1, 240, 6, N'With their warning about Lord Voldemort''s return scoffed at, Harry and Dumbledore are targeted by the Wizard authorities as an authoritarian bureaucrat slowly seizes power at Hogwarts.', 138, 4, 150000000, 938454486, 0, 0)
INSERT [dbo].[tblFilm] ([FilmID], [FilmName], [FilmReleaseDate], [FilmDirectorID], [FilmLanguageID], [FilmCountryID], [FilmStudioID], [FilmSynopsis], [FilmRunTimeMinutes], [FilmCertificateID], [FilmBudgetDollars], [FilmBoxOfficeDollars], [FilmOscarNominations], [FilmOscarWins]) VALUES (12, N'Beowulf', CAST(0x000099E800000000 AS DateTime), 20, 1, 241, 2, N'The warrior Beowulf must fight and defeat the monster Grendel who is terrorizing towns, and later, Grendel''s mother, who begins killing out of revenge.', 113, 4, 150000000, 194995215, 0, 0)
INSERT [dbo].[tblFilm] ([FilmID], [FilmName], [FilmReleaseDate], [FilmDirectorID], [FilmLanguageID], [FilmCountryID], [FilmStudioID], [FilmSynopsis], [FilmRunTimeMinutes], [FilmCertificateID], [FilmBudgetDollars], [FilmBoxOfficeDollars], [FilmOscarNominations], [FilmOscarWins]) VALUES (13, N'Bee Movie', CAST(0x00009A0400000000 AS DateTime), 21, 1, 241, 8, N'Barry B. Benson, a bee who has just graduated from college, is disillusioned at his lone career choice: making honey. On a special trip outside the hive, Barry''s life is saved by Vanessa, a florist in New York City. As their relationship blossoms, he discovers humans actually eat honey, and subsequently decides to sue us.', 90, 1, 150000000, 286758211, 0, 0)
INSERT [dbo].[tblFilm] ([FilmID], [FilmName], [FilmReleaseDate], [FilmDirectorID], [FilmLanguageID], [FilmCountryID], [FilmStudioID], [FilmSynopsis], [FilmRunTimeMinutes], [FilmCertificateID], [FilmBudgetDollars], [FilmBoxOfficeDollars], [FilmOscarNominations], [FilmOscarWins]) VALUES (14, N'Pirates of the Caribbean: At World''s End', CAST(0x0000993800000000 AS DateTime), 22, 1, 241, 3, N'Captain Barbossa, Will Turner and Elizabeth Swann must sail off the edge of the map, navigate treachery and betrayal, and make their final alliances for one last decisive battle.', 168, 4, 150000000, 952404152, 2, 0)
INSERT [dbo].[tblFilm] ([FilmID], [FilmName], [FilmReleaseDate], [FilmDirectorID], [FilmLanguageID], [FilmCountryID], [FilmStudioID], [FilmSynopsis], [FilmRunTimeMinutes], [FilmCertificateID], [FilmBudgetDollars], [FilmBoxOfficeDollars], [FilmOscarNominations], [FilmOscarWins]) VALUES (15, N'I am Legend', CAST(0x00009A1000000000 AS DateTime), 23, 1, 241, 6, N'Years after a plague kills most of humanity and transforms the rest into monsters, the sole survivor in New York City struggles valiantly to find a cure.', 101, 5, 150000000, 583527323, 0, 0)
INSERT [dbo].[tblFilm] ([FilmID], [FilmName], [FilmReleaseDate], [FilmDirectorID], [FilmLanguageID], [FilmCountryID], [FilmStudioID], [FilmSynopsis], [FilmRunTimeMinutes], [FilmCertificateID], [FilmBudgetDollars], [FilmBoxOfficeDollars], [FilmOscarNominations], [FilmOscarWins]) VALUES (16, N'Ratatouille', CAST(0x000099C500000000 AS DateTime), 24, 1, 241, 10, N'Remy is a young rat in the French countryside who arrives in Paris, only to find out that his cooking idol is dead. When he makes an unusual alliance with a restaurant''s new garbage boy, the culinary and personal adventures begin despite Remy''s family''s skepticism and the rat-hating world of humans.', 106, 1, 150000000, 617245654, 5, 1)
INSERT [dbo].[tblFilm] ([FilmID], [FilmName], [FilmReleaseDate], [FilmDirectorID], [FilmLanguageID], [FilmCountryID], [FilmStudioID], [FilmSynopsis], [FilmRunTimeMinutes], [FilmCertificateID], [FilmBudgetDollars], [FilmBoxOfficeDollars], [FilmOscarNominations], [FilmOscarWins]) VALUES (17, N'Troy', CAST(0x000094EE00000000 AS DateTime), 25, 1, 241, 6, N'An adaptation of Homer''s great epic, the film follows the assault on Troy by the united Greek forces and chronicles the fates of the men involved.', 163, 5, 150000000, 497298577, 1, 0)
INSERT [dbo].[tblFilm] ([FilmID], [FilmName], [FilmReleaseDate], [FilmDirectorID], [FilmLanguageID], [FilmCountryID], [FilmStudioID], [FilmSynopsis], [FilmRunTimeMinutes], [FilmCertificateID], [FilmBudgetDollars], [FilmBoxOfficeDollars], [FilmOscarNominations], [FilmOscarWins]) VALUES (18, N'Harry Potter and the Goblet of Fire', CAST(0x0000971000000000 AS DateTime), 26, 1, 241, 6, N'Harry finds himself selected as an underaged competitor in a dangerous multi-wizardary school competition.', 157, 4, 150000000, 896013036, 1, 0)
INSERT [dbo].[tblFilm] ([FilmID], [FilmName], [FilmReleaseDate], [FilmDirectorID], [FilmLanguageID], [FilmCountryID], [FilmStudioID], [FilmSynopsis], [FilmRunTimeMinutes], [FilmCertificateID], [FilmBudgetDollars], [FilmBoxOfficeDollars], [FilmOscarNominations], [FilmOscarWins]) VALUES (19, N'Batman Begins', CAST(0x0000967500000000 AS DateTime), 27, 1, 241, 6, N'The story of how Bruce Wayne became what he was destined to be: Batman.', 140, 4, 150000000, 371824647, 1, 0)
INSERT [dbo].[tblFilm] ([FilmID], [FilmName], [FilmReleaseDate], [FilmDirectorID], [FilmLanguageID], [FilmCountryID], [FilmStudioID], [FilmSynopsis], [FilmRunTimeMinutes], [FilmCertificateID], [FilmBudgetDollars], [FilmBoxOfficeDollars], [FilmOscarNominations], [FilmOscarWins]) VALUES (20, N'Charlie and the Chocolate Factory', CAST(0x000096A000000000 AS DateTime), 28, 1, 241, 6, N'A young boy wins a tour through the most magnificent chocolate factory in the world, led by the world''s most unusual candy maker.', 115, 2, 150000000, 473459076, 1, 0)
INSERT [dbo].[tblFilm] ([FilmID], [FilmName], [FilmReleaseDate], [FilmDirectorID], [FilmLanguageID], [FilmCountryID], [FilmStudioID], [FilmSynopsis], [FilmRunTimeMinutes], [FilmCertificateID], [FilmBudgetDollars], [FilmBoxOfficeDollars], [FilmOscarNominations], [FilmOscarWins]) VALUES (21, N'Pirates of the Caribbean: Dead Man''s Chest', CAST(0x000097F600000000 AS DateTime), 22, 1, 241, 3, N'Jack Sparrow races to recover the heart of Davy Jones to avoid enslaving his soul to Jones'' service, as other friends and foes seek the heart for their own agenda as well.', 150, 4, 150000000, 1065659812, 4, 1)
INSERT [dbo].[tblFilm] ([FilmID], [FilmName], [FilmReleaseDate], [FilmDirectorID], [FilmLanguageID], [FilmCountryID], [FilmStudioID], [FilmSynopsis], [FilmRunTimeMinutes], [FilmCertificateID], [FilmBudgetDollars], [FilmBoxOfficeDollars], [FilmOscarNominations], [FilmOscarWins]) VALUES (22, N'Die Another Day', CAST(0x000092CA00000000 AS DateTime), 29, 1, 240, 11, N'James Bond is sent to investigate the connection between a North Korean terrorist and a diamond mogul who is funding the development of an international space weapon.', 133, 4, 142000000, 431942139, 0, 0)
INSERT [dbo].[tblFilm] ([FilmID], [FilmName], [FilmReleaseDate], [FilmDirectorID], [FilmLanguageID], [FilmCountryID], [FilmStudioID], [FilmSynopsis], [FilmRunTimeMinutes], [FilmCertificateID], [FilmBudgetDollars], [FilmBoxOfficeDollars], [FilmOscarNominations], [FilmOscarWins]) VALUES (23, N'Lethal Weapon 4', CAST(0x00008CD600000000 AS DateTime), 30, 1, 241, 6, N'With personal crises and age weighing in on them, LAPD officers Riggs and Murtaugh must contend with a deadly Chinese crimelord trying to get his brother out of prison.', 127, 5, 140000000, 285400000, 0, 0)
INSERT [dbo].[tblFilm] ([FilmID], [FilmName], [FilmReleaseDate], [FilmDirectorID], [FilmLanguageID], [FilmCountryID], [FilmStudioID], [FilmSynopsis], [FilmRunTimeMinutes], [FilmCertificateID], [FilmBudgetDollars], [FilmBoxOfficeDollars], [FilmOscarNominations], [FilmOscarWins]) VALUES (24, N'Armageddon', CAST(0x00008CAC00000000 AS DateTime), 18, 1, 241, 7, N'When an asteroid the size of Texas is headed for Earth the world''s best deep core drilling team is sent to nuke the rock from the inside.', 150, 3, 140000000, 554600000, 4, 0)
INSERT [dbo].[tblFilm] ([FilmID], [FilmName], [FilmReleaseDate], [FilmDirectorID], [FilmLanguageID], [FilmCountryID], [FilmStudioID], [FilmSynopsis], [FilmRunTimeMinutes], [FilmCertificateID], [FilmBudgetDollars], [FilmBoxOfficeDollars], [FilmOscarNominations], [FilmOscarWins]) VALUES (25, N'Men in Black 2', CAST(0x0000925C00000000 AS DateTime), 31, 1, 241, 5, N'Agent J needs help so he is sent to find Agent K and restore his memory.', 88, 2, 140000000, 441818803, 0, 0)
INSERT [dbo].[tblFilm] ([FilmID], [FilmName], [FilmReleaseDate], [FilmDirectorID], [FilmLanguageID], [FilmCountryID], [FilmStudioID], [FilmSynopsis], [FilmRunTimeMinutes], [FilmCertificateID], [FilmBudgetDollars], [FilmBoxOfficeDollars], [FilmOscarNominations], [FilmOscarWins]) VALUES (26, N'Spider-Man 3', CAST(0x0000992400000000 AS DateTime), 11, 1, 241, 5, N'A strange black entity from another world bonds with Peter Parker and causes inner turmoil as he contends with new villains, temptations, and revenge.', 139, 4, 258000000, 891930303, 0, 0)
INSERT [dbo].[tblFilm] ([FilmID], [FilmName], [FilmReleaseDate], [FilmDirectorID], [FilmLanguageID], [FilmCountryID], [FilmStudioID], [FilmSynopsis], [FilmRunTimeMinutes], [FilmCertificateID], [FilmBudgetDollars], [FilmBoxOfficeDollars], [FilmOscarNominations], [FilmOscarWins]) VALUES (27, N'Spider-Man 2', CAST(0x0000952600000000 AS DateTime), 11, 1, 241, 5, N'Peter Parker is beset with troubles in his failing personal life as he battles a brilliant scientist named Doctor Otto Octavius, who becomes Doctor Octopus (aka Doc Ock), after an accident causes him to bond psychically with mechanical tentacles that do his bidding.', 127, 4, 200000000, 784024485, 3, 1)
INSERT [dbo].[tblFilm] ([FilmID], [FilmName], [FilmReleaseDate], [FilmDirectorID], [FilmLanguageID], [FilmCountryID], [FilmStudioID], [FilmSynopsis], [FilmRunTimeMinutes], [FilmCertificateID], [FilmBudgetDollars], [FilmBoxOfficeDollars], [FilmOscarNominations], [FilmOscarWins]) VALUES (28, N'Stealth', CAST(0x000096A700000000 AS DateTime), 32, 1, 241, 5, N'Deeply ensconced in a top-secret military program, three pilots struggle to bring an artificial intelligence program under control ... before it initiates the next world war.', 121, 4, 138000000, 76416746, 0, 0)
INSERT [dbo].[tblFilm] ([FilmID], [FilmName], [FilmReleaseDate], [FilmDirectorID], [FilmLanguageID], [FilmCountryID], [FilmStudioID], [FilmSynopsis], [FilmRunTimeMinutes], [FilmCertificateID], [FilmBudgetDollars], [FilmBoxOfficeDollars], [FilmOscarNominations], [FilmOscarWins]) VALUES (29, N'Final Fantasy: The Spirits Within', CAST(0x000090F000000000 AS DateTime), 33, 1, 118, 12, N'A female scientist makes a last stand on Earth with the help of a ragtag team of soldiers against an invasion of alien phantoms.', 106, 7, 137000000, 85131830, 0, 0)
INSERT [dbo].[tblFilm] ([FilmID], [FilmName], [FilmReleaseDate], [FilmDirectorID], [FilmLanguageID], [FilmCountryID], [FilmStudioID], [FilmSynopsis], [FilmRunTimeMinutes], [FilmCertificateID], [FilmBudgetDollars], [FilmBoxOfficeDollars], [FilmOscarNominations], [FilmOscarWins]) VALUES (30, N'Miami Vice', CAST(0x0000981300000000 AS DateTime), 34, 1, 241, 1, N'Based on the 1980''s TV action/drama, this update focuses on vice detectives Crockett and Tubbs as their respective personal and professional lives become dangerously intertwined.', 134, 7, 135000000, 163818556, 0, 0)
INSERT [dbo].[tblFilm] ([FilmID], [FilmName], [FilmReleaseDate], [FilmDirectorID], [FilmLanguageID], [FilmCountryID], [FilmStudioID], [FilmSynopsis], [FilmRunTimeMinutes], [FilmCertificateID], [FilmBudgetDollars], [FilmBoxOfficeDollars], [FilmOscarNominations], [FilmOscarWins]) VALUES (31, N'The World Is Not Enough', CAST(0x00008E8800000000 AS DateTime), 35, 1, 240, 11, N'James Bond uncovers a nuclear plot when he protects an oil heiress from her former kidnapper, an international terrorist who can''t feel pain.', 128, 3, 135000000, 361730660, 0, 0)
INSERT [dbo].[tblFilm] ([FilmID], [FilmName], [FilmReleaseDate], [FilmDirectorID], [FilmLanguageID], [FilmCountryID], [FilmStudioID], [FilmSynopsis], [FilmRunTimeMinutes], [FilmCertificateID], [FilmBudgetDollars], [FilmBoxOfficeDollars], [FilmOscarNominations], [FilmOscarWins]) VALUES (32, N'Master and Commander: The Far Side of the World', CAST(0x0000943F00000000 AS DateTime), 36, 1, 241, 4, N'During the Napoleonic Wars, a brash British captain pushes his ship and crew to their limits in pursuit of a formidable French war vessel around South America.', 138, 4, 135000000, 209486484, 10, 2)
INSERT [dbo].[tblFilm] ([FilmID], [FilmName], [FilmReleaseDate], [FilmDirectorID], [FilmLanguageID], [FilmCountryID], [FilmStudioID], [FilmSynopsis], [FilmRunTimeMinutes], [FilmCertificateID], [FilmBudgetDollars], [FilmBoxOfficeDollars], [FilmOscarNominations], [FilmOscarWins]) VALUES (33, N'War of the Worlds', CAST(0x0000968400000000 AS DateTime), 4, 1, 241, 2, N'As Earth is invaded by alien tripod fighting machines, one family fights for survival.', 116, 4, 132000000, 591745532, 3, 0)
INSERT [dbo].[tblFilm] ([FilmID], [FilmName], [FilmReleaseDate], [FilmDirectorID], [FilmLanguageID], [FilmCountryID], [FilmStudioID], [FilmSynopsis], [FilmRunTimeMinutes], [FilmCertificateID], [FilmBudgetDollars], [FilmBoxOfficeDollars], [FilmOscarNominations], [FilmOscarWins]) VALUES (34, N'The Bourne Ultimatum', CAST(0x0000998D00000000 AS DateTime), 37, 1, 241, 1, N'Bourne dodges new, superior assassins as he searches for his unknown past while a government agent tries to track him down.', 115, 4, 130000000, 442748521, 3, 3)
INSERT [dbo].[tblFilm] ([FilmID], [FilmName], [FilmReleaseDate], [FilmDirectorID], [FilmLanguageID], [FilmCountryID], [FilmStudioID], [FilmSynopsis], [FilmRunTimeMinutes], [FilmCertificateID], [FilmBudgetDollars], [FilmBoxOfficeDollars], [FilmOscarNominations], [FilmOscarWins]) VALUES (35, N'Harry Potter and the Prisoner of Azkaban', CAST(0x000094F800000000 AS DateTime), 38, 1, 240, 6, N'It''s Harry''s third year at Hogwarts; not only does he have a new "Defense Against the Dark Arts" teacher, but there is also trouble brewing. Convicted murderer Sirius Black has escaped the Wizards'' Prison and is coming after Harry.', 141, 2, 130000000, 795538952, 2, 0)
INSERT [dbo].[tblFilm] ([FilmID], [FilmName], [FilmReleaseDate], [FilmDirectorID], [FilmLanguageID], [FilmCountryID], [FilmStudioID], [FilmSynopsis], [FilmRunTimeMinutes], [FilmCertificateID], [FilmBudgetDollars], [FilmBoxOfficeDollars], [FilmOscarNominations], [FilmOscarWins]) VALUES (36, N'The Matrix Reloaded', CAST(0x0000938000000000 AS DateTime), 39, 1, 241, 6, N'Neo and the rebel leaders estimate that they have 72 hours until 250,000 probes discover Zion and destroy it and its inhabitants. During this, Neo must decide how he can save Trinity from a dark fate in his dreams.', 138, 5, 127000000, 738576929, 0, 0)
INSERT [dbo].[tblFilm] ([FilmID], [FilmName], [FilmReleaseDate], [FilmDirectorID], [FilmLanguageID], [FilmCountryID], [FilmStudioID], [FilmSynopsis], [FilmRunTimeMinutes], [FilmCertificateID], [FilmBudgetDollars], [FilmBoxOfficeDollars], [FilmOscarNominations], [FilmOscarWins]) VALUES (37, N'The Da Vinci Code', CAST(0x000097C600000000 AS DateTime), 40, 1, 241, 5, N'A murder inside the Louvre and clues in Da Vinci paintings lead to the discovery of a religious mystery protected by a secret society for two thousand years -- which could shake the foundations of Christianity.', 149, 4, 125000000, 757536138, 0, 0)
INSERT [dbo].[tblFilm] ([FilmID], [FilmName], [FilmReleaseDate], [FilmDirectorID], [FilmLanguageID], [FilmCountryID], [FilmStudioID], [FilmSynopsis], [FilmRunTimeMinutes], [FilmCertificateID], [FilmBudgetDollars], [FilmBoxOfficeDollars], [FilmOscarNominations], [FilmOscarWins]) VALUES (38, N'Harry Potter and the Philosopher''s Stone', CAST(0x0000915900000000 AS DateTime), 41, 1, 240, 6, N'Rescued from the outrageous neglect of his aunt and uncle, a young boy with a great destiny proves his worth while attending Hogwarts School of Witchcraft and Wizardry.', 152, 2, 125000000, 976457891, 3, 0)
INSERT [dbo].[tblFilm] ([FilmID], [FilmName], [FilmReleaseDate], [FilmDirectorID], [FilmLanguageID], [FilmCountryID], [FilmStudioID], [FilmSynopsis], [FilmRunTimeMinutes], [FilmCertificateID], [FilmBudgetDollars], [FilmBoxOfficeDollars], [FilmOscarNominations], [FilmOscarWins]) VALUES (39, N'The Day After Tomorrow', CAST(0x000094F400000000 AS DateTime), 42, 1, 241, 4, N'A climatologist tries to figure out a way to save the world from abrupt global warming. He must get to his young son in New York, which is being taken over by a new ice age.', 124, 4, 125000000, 542740799, 0, 0)
INSERT [dbo].[tblFilm] ([FilmID], [FilmName], [FilmReleaseDate], [FilmDirectorID], [FilmLanguageID], [FilmCountryID], [FilmStudioID], [FilmSynopsis], [FilmRunTimeMinutes], [FilmCertificateID], [FilmBudgetDollars], [FilmBoxOfficeDollars], [FilmOscarNominations], [FilmOscarWins]) VALUES (40, N'Pirates of the Caribbean: Curse of the Black Pearl', CAST(0x000093CF00000000 AS DateTime), 22, 1, 241, 3, N'Blacksmith Will Turner teams up with eccentric pirate "Captain" Jack Sparrow to save his love, the governor''s daughter, from Jack''s former pirate allies, who are now undead.', 143, 3, 125000000, 655011224, 5, 0)
INSERT [dbo].[tblFilm] ([FilmID], [FilmName], [FilmReleaseDate], [FilmDirectorID], [FilmLanguageID], [FilmCountryID], [FilmStudioID], [FilmSynopsis], [FilmRunTimeMinutes], [FilmCertificateID], [FilmBudgetDollars], [FilmBoxOfficeDollars], [FilmOscarNominations], [FilmOscarWins]) VALUES (41, N'The Last Samurai', CAST(0x0000946900000000 AS DateTime), 43, 1, 241, 6, N'An American military advisor embraces the Samurai culture he was hired to destroy after he is captured in battle.', 154, 5, 120000000, 456810575, 4, 0)
INSERT [dbo].[tblFilm] ([FilmID], [FilmName], [FilmReleaseDate], [FilmDirectorID], [FilmLanguageID], [FilmCountryID], [FilmStudioID], [FilmSynopsis], [FilmRunTimeMinutes], [FilmCertificateID], [FilmBudgetDollars], [FilmBoxOfficeDollars], [FilmOscarNominations], [FilmOscarWins]) VALUES (42, N'The Perfect Storm', CAST(0x00008F7D00000000 AS DateTime), 25, 1, 241, 6, N'An unusually intense storm pattern catches some commercial fishermen unaware and puts them in mortal danger.', 130, 3, 120000000, 328711434, 2, 0)
INSERT [dbo].[tblFilm] ([FilmID], [FilmName], [FilmReleaseDate], [FilmDirectorID], [FilmLanguageID], [FilmCountryID], [FilmStudioID], [FilmSynopsis], [FilmRunTimeMinutes], [FilmCertificateID], [FilmBudgetDollars], [FilmBoxOfficeDollars], [FilmOscarNominations], [FilmOscarWins]) VALUES (43, N'Mission: Impossible III', CAST(0x000097B700000000 AS DateTime), 44, 1, 241, 2, N'Ethan Hunt comes face to face with a dangerous and sadistic arms dealer while trying to keep his identity secret in order to protect his girlfriend.', 126, 4, 150000000, 397501348, 0, 0)
INSERT [dbo].[tblFilm] ([FilmID], [FilmName], [FilmReleaseDate], [FilmDirectorID], [FilmLanguageID], [FilmCountryID], [FilmStudioID], [FilmSynopsis], [FilmRunTimeMinutes], [FilmCertificateID], [FilmBudgetDollars], [FilmBoxOfficeDollars], [FilmOscarNominations], [FilmOscarWins]) VALUES (44, N'Mission: Impossible II', CAST(0x00008F6800000000 AS DateTime), 45, 1, 241, 2, N'A secret agent is sent to Sydney, to find and destroy a genetically modified disease called "Chimera"', 123, 5, 120000000, 546209889, 0, 0)
INSERT [dbo].[tblFilm] ([FilmID], [FilmName], [FilmReleaseDate], [FilmDirectorID], [FilmLanguageID], [FilmCountryID], [FilmStudioID], [FilmSynopsis], [FilmRunTimeMinutes], [FilmCertificateID], [FilmBudgetDollars], [FilmBoxOfficeDollars], [FilmOscarNominations], [FilmOscarWins]) VALUES (45, N'Windtalkers', CAST(0x0000927800000000 AS DateTime), 45, 1, 241, 11, N'Two U.S. Marines in WWII are assigned to protect Navajo Marines who use their native language as an unbreakable radio cypher.', 134, 5, 115000000, 77628265, 0, 0)
INSERT [dbo].[tblFilm] ([FilmID], [FilmName], [FilmReleaseDate], [FilmDirectorID], [FilmLanguageID], [FilmCountryID], [FilmStudioID], [FilmSynopsis], [FilmRunTimeMinutes], [FilmCertificateID], [FilmBudgetDollars], [FilmBoxOfficeDollars], [FilmOscarNominations], [FilmOscarWins]) VALUES (46, N'Star Wars: Episode II - Attack of the Clones', CAST(0x0000920E00000000 AS DateTime), 7, 1, 241, 13, N'Anakin Skywalker shares a forbidden romance with Padmé Amidala while his teacher, Obi-Wan Kenobi, makes an investigation of a separatist assassination attempt on Padmé which leads to the discovery of a secret Republican clone army.', 142, 2, 115000000, 656695615, 1, 0)
INSERT [dbo].[tblFilm] ([FilmID], [FilmName], [FilmReleaseDate], [FilmDirectorID], [FilmLanguageID], [FilmCountryID], [FilmStudioID], [FilmSynopsis], [FilmRunTimeMinutes], [FilmCertificateID], [FilmBudgetDollars], [FilmBoxOfficeDollars], [FilmOscarNominations], [FilmOscarWins]) VALUES (47, N'Monsters, Inc.', CAST(0x000091AD00000000 AS DateTime), 46, 1, 241, 10, N'Monsters generate their city''s power by scaring children, but they are terribly afraid themselves of being contaminated by children, so when one enters Monstropolis, top scarer Sulley find his world disrupted.', 92, 1, 115000000, 525370172, 3, 1)
INSERT [dbo].[tblFilm] ([FilmID], [FilmName], [FilmReleaseDate], [FilmDirectorID], [FilmLanguageID], [FilmCountryID], [FilmStudioID], [FilmSynopsis], [FilmRunTimeMinutes], [FilmCertificateID], [FilmBudgetDollars], [FilmBoxOfficeDollars], [FilmOscarNominations], [FilmOscarWins]) VALUES (48, N'Star Wars: Episode I - The Phantom Menace', CAST(0x00008E0300000000 AS DateTime), 7, 1, 241, 13, N'The evil Trade Federation, led by Nute Gunray (Carson) is planning to take over the peaceful world of Naboo.', 133, 1, 115000000, 924288297, 3, 0)
INSERT [dbo].[tblFilm] ([FilmID], [FilmName], [FilmReleaseDate], [FilmDirectorID], [FilmLanguageID], [FilmCountryID], [FilmStudioID], [FilmSynopsis], [FilmRunTimeMinutes], [FilmCertificateID], [FilmBudgetDollars], [FilmBoxOfficeDollars], [FilmOscarNominations], [FilmOscarWins]) VALUES (49, N'Star Wars: Episode III - Revenge of the Sith', CAST(0x0000965900000000 AS DateTime), 7, 1, 241, 13, N'After three years of fighting in the Clone Wars, Anakin Skywalker concludes his journey towards the Dark Side of the Force, putting his friendship with Obi Wan Kenobi and his marriage at risk.', 140, 4, 115000000, 848470577, 1, 0)
INSERT [dbo].[tblFilm] ([FilmID], [FilmName], [FilmReleaseDate], [FilmDirectorID], [FilmLanguageID], [FilmCountryID], [FilmStudioID], [FilmSynopsis], [FilmRunTimeMinutes], [FilmCertificateID], [FilmBudgetDollars], [FilmBoxOfficeDollars], [FilmOscarNominations], [FilmOscarWins]) VALUES (50, N'The Matrix Revolutions', CAST(0x0000942800000000 AS DateTime), 39, 1, 241, 6, N'The human city of Zion defends itself against the massive invasion of the machines as Neo fights to end the war at another front while also opposing the rogue Agent Smith.', 129, 5, 110000000, 424259759, 0, 0)
INSERT [dbo].[tblFilm] ([FilmID], [FilmName], [FilmReleaseDate], [FilmDirectorID], [FilmLanguageID], [FilmCountryID], [FilmStudioID], [FilmSynopsis], [FilmRunTimeMinutes], [FilmCertificateID], [FilmBudgetDollars], [FilmBoxOfficeDollars], [FilmOscarNominations], [FilmOscarWins]) VALUES (51, N'Tomorrow Never Dies', CAST(0x00008BBE00000000 AS DateTime), 47, 1, 240, 11, N'James Bond heads to stop a media mogul''s plan to induce war between China and the UK in order to obtain exclusive global media coverage.', 119, 3, 110000000, 339504276, 0, 0)
INSERT [dbo].[tblFilm] ([FilmID], [FilmName], [FilmReleaseDate], [FilmDirectorID], [FilmLanguageID], [FilmCountryID], [FilmStudioID], [FilmSynopsis], [FilmRunTimeMinutes], [FilmCertificateID], [FilmBudgetDollars], [FilmBoxOfficeDollars], [FilmOscarNominations], [FilmOscarWins]) VALUES (52, N'Ocean''s Eleven', CAST(0x000091B400000000 AS DateTime), 48, 1, 241, 6, N'Danny Ocean and his ten accomplices plan to rob three Las Vegas casinos simultaneously.', 116, 3, 110000000, 450728529, 0, 0)
INSERT [dbo].[tblFilm] ([FilmID], [FilmName], [FilmReleaseDate], [FilmDirectorID], [FilmLanguageID], [FilmCountryID], [FilmStudioID], [FilmSynopsis], [FilmRunTimeMinutes], [FilmCertificateID], [FilmBudgetDollars], [FilmBoxOfficeDollars], [FilmOscarNominations], [FilmOscarWins]) VALUES (53, N'Live Free or Die Hard', CAST(0x0000996100000000 AS DateTime), 49, 1, 241, 4, N'John McClane takes on an Internet-based terrorist organization who is systematically shutting down the United States.', 130, 5, 110000000, 383277179, 0, 0)
INSERT [dbo].[tblFilm] ([FilmID], [FilmName], [FilmReleaseDate], [FilmDirectorID], [FilmLanguageID], [FilmCountryID], [FilmStudioID], [FilmSynopsis], [FilmRunTimeMinutes], [FilmCertificateID], [FilmBudgetDollars], [FilmBoxOfficeDollars], [FilmOscarNominations], [FilmOscarWins]) VALUES (54, N'Around the World in 80 Days', CAST(0x0000951F00000000 AS DateTime), 50, 1, 241, 3, N'A bet pits a British inventor, a Chinese thief, and a French artist on a worldwide adventure that they can circle the globe in 80 days.', 120, 2, 110000000, 72004159, 0, 0)
INSERT [dbo].[tblFilm] ([FilmID], [FilmName], [FilmReleaseDate], [FilmDirectorID], [FilmLanguageID], [FilmCountryID], [FilmStudioID], [FilmSynopsis], [FilmRunTimeMinutes], [FilmCertificateID], [FilmBudgetDollars], [FilmBoxOfficeDollars], [FilmOscarNominations], [FilmOscarWins]) VALUES (55, N'Kingdom of Heaven', CAST(0x0000964C00000000 AS DateTime), 51, 1, 241, 4, N'Balian of Ibelin travels to Jerusalem during the crusades of the 12th century, and there he finds himself as the defender of the city and its people.', 145, 5, 110000000, 211398413, 0, 0)
INSERT [dbo].[tblFilm] ([FilmID], [FilmName], [FilmReleaseDate], [FilmDirectorID], [FilmLanguageID], [FilmCountryID], [FilmStudioID], [FilmSynopsis], [FilmRunTimeMinutes], [FilmCertificateID], [FilmBudgetDollars], [FilmBoxOfficeDollars], [FilmOscarNominations], [FilmOscarWins]) VALUES (56, N'Mr. and Mrs. Smith', CAST(0x0000966F00000000 AS DateTime), 52, 1, 241, 4, N'A bored married couple is surprised to learn that they are both assassins hired by competing agencies to kill each other.', 120, 5, 110000000, 468336279, 0, 0)
INSERT [dbo].[tblFilm] ([FilmID], [FilmName], [FilmReleaseDate], [FilmDirectorID], [FilmLanguageID], [FilmCountryID], [FilmStudioID], [FilmSynopsis], [FilmRunTimeMinutes], [FilmCertificateID], [FilmBudgetDollars], [FilmBoxOfficeDollars], [FilmOscarNominations], [FilmOscarWins]) VALUES (57, N'The Aviator', CAST(0x000095D400000000 AS DateTime), 9, 1, 241, 6, N'A biopic depicting the early years of legendary director and aviator Howard Hughes'' career, from the late 1920s to the mid-1940s.', 170, 4, 110000000, 214608827, 11, 5)
INSERT [dbo].[tblFilm] ([FilmID], [FilmName], [FilmReleaseDate], [FilmDirectorID], [FilmLanguageID], [FilmCountryID], [FilmStudioID], [FilmSynopsis], [FilmRunTimeMinutes], [FilmCertificateID], [FilmBudgetDollars], [FilmBoxOfficeDollars], [FilmOscarNominations], [FilmOscarWins]) VALUES (58, N'Ali', CAST(0x000091BB00000000 AS DateTime), 34, 1, 241, 5, N'A biography of sports legend, Muhammad Ali, from his early days to his days in the ring', 157, 5, 109000000, 85300000, 0, 0)
INSERT [dbo].[tblFilm] ([FilmID], [FilmName], [FilmReleaseDate], [FilmDirectorID], [FilmLanguageID], [FilmCountryID], [FilmStudioID], [FilmSynopsis], [FilmRunTimeMinutes], [FilmCertificateID], [FilmBudgetDollars], [FilmBoxOfficeDollars], [FilmOscarNominations], [FilmOscarWins]) VALUES (59, N'The Lord of the Rings: Fellowship of the Ring', CAST(0x0000917A00000000 AS DateTime), 12, 1, 167, 14, N'In a small village in the Shire a young Hobbit named Frodo has been entrusted with an ancient Ring. Now he must embark on an Epic quest to the Cracks of Doom in order to destroy it.', 178, 2, 109000000, 868621686, 13, 4)
INSERT [dbo].[tblFilm] ([FilmID], [FilmName], [FilmReleaseDate], [FilmDirectorID], [FilmLanguageID], [FilmCountryID], [FilmStudioID], [FilmSynopsis], [FilmRunTimeMinutes], [FilmCertificateID], [FilmBudgetDollars], [FilmBoxOfficeDollars], [FilmOscarNominations], [FilmOscarWins]) VALUES (60, N'I, Robot', CAST(0x0000953B00000000 AS DateTime), 53, 1, 241, 4, N'In the year 2035 a techno-phobic cop investigates a crime that may have been perpetrated by a robot, which leads to a larger threat to humanity.', 115, 4, 105000000, 348801023, 1, 0)
INSERT [dbo].[tblFilm] ([FilmID], [FilmName], [FilmReleaseDate], [FilmDirectorID], [FilmLanguageID], [FilmCountryID], [FilmStudioID], [FilmSynopsis], [FilmRunTimeMinutes], [FilmCertificateID], [FilmBudgetDollars], [FilmBoxOfficeDollars], [FilmOscarNominations], [FilmOscarWins]) VALUES (61, N'Casino Royale', CAST(0x0000987B00000000 AS DateTime), 54, 1, 240, 11, N'In his first mission, James Bond must stop Le Chiffre, a banker to the world''s terrorist organizations, from winning a high-stakes poker tournament at Casino Royale in Montenegro.', 144, 4, 102000000, 594165000, 0, 0)
INSERT [dbo].[tblFilm] ([FilmID], [FilmName], [FilmReleaseDate], [FilmDirectorID], [FilmLanguageID], [FilmCountryID], [FilmStudioID], [FilmSynopsis], [FilmRunTimeMinutes], [FilmCertificateID], [FilmBudgetDollars], [FilmBoxOfficeDollars], [FilmOscarNominations], [FilmOscarWins]) VALUES (62, N'Minority Report', CAST(0x0000923F00000000 AS DateTime), 4, 1, 241, 8, N'In the future, criminals are caught before the crimes they commit, but one of the officers in the special unit is accused of one such crime and sets out to prove his innocence.', 145, 3, 102000000, 358814112, 1, 0)
INSERT [dbo].[tblFilm] ([FilmID], [FilmName], [FilmReleaseDate], [FilmDirectorID], [FilmLanguageID], [FilmCountryID], [FilmStudioID], [FilmSynopsis], [FilmRunTimeMinutes], [FilmCertificateID], [FilmBudgetDollars], [FilmBoxOfficeDollars], [FilmOscarNominations], [FilmOscarWins]) VALUES (63, N'Terminator 2: Judgement Day', CAST(0x000082B800000000 AS DateTime), 15, 1, 241, 15, N'The cyborg who once tried to kill Sarah Connor must now protect her teenager son, John Connor, from an even more powerful and advanced cyborg.', 137, 5, 100000000, 516816151, 4, 6)
INSERT [dbo].[tblFilm] ([FilmID], [FilmName], [FilmReleaseDate], [FilmDirectorID], [FilmLanguageID], [FilmCountryID], [FilmStudioID], [FilmSynopsis], [FilmRunTimeMinutes], [FilmCertificateID], [FilmBudgetDollars], [FilmBoxOfficeDollars], [FilmOscarNominations], [FilmOscarWins]) VALUES (64, N'Catwoman', CAST(0x0000954200000000 AS DateTime), 55, 1, 241, 6, N'A shy woman, endowed with the speed, reflexes, and senses of a cat, walks a thin line between criminal and hero, even as a detective doggedly pursues her, fascinated by both of her personas.', 104, 4, 100000000, 73887903, 0, 0)
INSERT [dbo].[tblFilm] ([FilmID], [FilmName], [FilmReleaseDate], [FilmDirectorID], [FilmLanguageID], [FilmCountryID], [FilmStudioID], [FilmSynopsis], [FilmRunTimeMinutes], [FilmCertificateID], [FilmBudgetDollars], [FilmBoxOfficeDollars], [FilmOscarNominations], [FilmOscarWins]) VALUES (65, N'Harry Potter and the Chamber of Secrets', CAST(0x000092C500000000 AS DateTime), 41, 1, 240, 6, N'Harry ignores warnings not to return to Hogwarts, only to find the school plagued by a series of mysterious attacks and a strange voice haunting him.', 161, 2, 100000000, 878987880, 0, 0)
INSERT [dbo].[tblFilm] ([FilmID], [FilmName], [FilmReleaseDate], [FilmDirectorID], [FilmLanguageID], [FilmCountryID], [FilmStudioID], [FilmSynopsis], [FilmRunTimeMinutes], [FilmCertificateID], [FilmBudgetDollars], [FilmBoxOfficeDollars], [FilmOscarNominations], [FilmOscarWins]) VALUES (66, N'American Gangster', CAST(0x000099E800000000 AS DateTime), 51, 1, 241, 1, N'In 1970s America, a detective works to bring down the drug empire of Frank Lucas, a heroin kingpin from Manhattan, who is smuggling the drug into the country from the Far East.', 157, 6, 100000000, 264132214, 2, 0)
INSERT [dbo].[tblFilm] ([FilmID], [FilmName], [FilmReleaseDate], [FilmDirectorID], [FilmLanguageID], [FilmCountryID], [FilmStudioID], [FilmSynopsis], [FilmRunTimeMinutes], [FilmCertificateID], [FilmBudgetDollars], [FilmBoxOfficeDollars], [FilmOscarNominations], [FilmOscarWins]) VALUES (67, N'Blood Diamond', CAST(0x000098C200000000 AS DateTime), 43, 1, 241, 6, N'A fisherman, a smuggler, and a syndicate of businessmen match wits over the possession of a priceless diamond.', 143, 5, 100000000, 171377916, 5, 0)
INSERT [dbo].[tblFilm] ([FilmID], [FilmName], [FilmReleaseDate], [FilmDirectorID], [FilmLanguageID], [FilmCountryID], [FilmStudioID], [FilmSynopsis], [FilmRunTimeMinutes], [FilmCertificateID], [FilmBudgetDollars], [FilmBoxOfficeDollars], [FilmOscarNominations], [FilmOscarWins]) VALUES (68, N'Gladiator', CAST(0x00008F3000000000 AS DateTime), 51, 1, 241, 8, N'When a Roman general is betrayed and his family murdered by a corrupt prince, he comes to Rome as a gladiator to seek revenge.', 155, 5, 103000000, 457683805, 12, 5)
INSERT [dbo].[tblFilm] ([FilmID], [FilmName], [FilmReleaseDate], [FilmDirectorID], [FilmLanguageID], [FilmCountryID], [FilmStudioID], [FilmSynopsis], [FilmRunTimeMinutes], [FilmCertificateID], [FilmBudgetDollars], [FilmBoxOfficeDollars], [FilmOscarNominations], [FilmOscarWins]) VALUES (69, N'True Lies', CAST(0x000086FC00000000 AS DateTime), 15, 1, 241, 4, N'When a secret agent learns of his wife''s extra-marital affair, he pursues her and uses his intelligence resources in a job he kept secret from her.', 141, 5, 100000000, 365300000, 1, 0)
INSERT [dbo].[tblFilm] ([FilmID], [FilmName], [FilmReleaseDate], [FilmDirectorID], [FilmLanguageID], [FilmCountryID], [FilmStudioID], [FilmSynopsis], [FilmRunTimeMinutes], [FilmCertificateID], [FilmBudgetDollars], [FilmBoxOfficeDollars], [FilmOscarNominations], [FilmOscarWins]) VALUES (70, N'Gangs of New York', CAST(0x000092FC00000000 AS DateTime), 9, 1, 241, 16, N'In 1863, Amsterdam Vallon returns to the Five Points area of New York City seeking revenge against Bill the Butcher, his father''s killer.', 167, 6, 97000000, 190400000, 10, 0)
INSERT [dbo].[tblFilm] ([FilmID], [FilmName], [FilmReleaseDate], [FilmDirectorID], [FilmLanguageID], [FilmCountryID], [FilmStudioID], [FilmSynopsis], [FilmRunTimeMinutes], [FilmCertificateID], [FilmBudgetDollars], [FilmBoxOfficeDollars], [FilmOscarNominations], [FilmOscarWins]) VALUES (71, N'Black Hawk Down', CAST(0x0000919800000000 AS DateTime), 51, 1, 241, 17, N'123 elite U.S. soldiers drop into Somalia to capture two top lieutenants of a renegade warlord and find themselves in a desperate battle with a large force of heavily-armed Somalis.', 144, 5, 95000000, 173638745, 4, 2)
INSERT [dbo].[tblFilm] ([FilmID], [FilmName], [FilmReleaseDate], [FilmDirectorID], [FilmLanguageID], [FilmCountryID], [FilmStudioID], [FilmSynopsis], [FilmRunTimeMinutes], [FilmCertificateID], [FilmBudgetDollars], [FilmBoxOfficeDollars], [FilmOscarNominations], [FilmOscarWins]) VALUES (72, N'The Fifth Element', CAST(0x00008B0100000000 AS DateTime), 56, 1, 79, 18, N'In the colorful future, a cab driver unwittingly becomes the central figure in the search for a legendary cosmic weapon to keep Evil and Mr Zorg at bay.', 126, 2, 95000000, 263900000, 1, 0)
INSERT [dbo].[tblFilm] ([FilmID], [FilmName], [FilmReleaseDate], [FilmDirectorID], [FilmLanguageID], [FilmCountryID], [FilmStudioID], [FilmSynopsis], [FilmRunTimeMinutes], [FilmCertificateID], [FilmBudgetDollars], [FilmBoxOfficeDollars], [FilmOscarNominations], [FilmOscarWins]) VALUES (73, N'The Lord of the Rings: Return of the King', CAST(0x0000945200000000 AS DateTime), 12, 1, 167, 14, N'The former Fellowship of the Ring prepare for the final battle for Middle Earth, while Frodo & Sam approach Mount Doom to destroy the One Ring.', 201, 4, 94000000, 1133027325, 11, 11)
INSERT [dbo].[tblFilm] ([FilmID], [FilmName], [FilmReleaseDate], [FilmDirectorID], [FilmLanguageID], [FilmCountryID], [FilmStudioID], [FilmSynopsis], [FilmRunTimeMinutes], [FilmCertificateID], [FilmBudgetDollars], [FilmBoxOfficeDollars], [FilmOscarNominations], [FilmOscarWins]) VALUES (74, N'The Lord of the Rings: The Two Towers', CAST(0x000092E600000000 AS DateTime), 12, 1, 167, 14, N'Frodo and Sam continue on to Mordor in their mission to destroy the One Ring. Whilst their former companions make new allies and launch an assault on Isengard.', 179, 4, 94000000, 926284377, 6, 2)
INSERT [dbo].[tblFilm] ([FilmID], [FilmName], [FilmReleaseDate], [FilmDirectorID], [FilmLanguageID], [FilmCountryID], [FilmStudioID], [FilmSynopsis], [FilmRunTimeMinutes], [FilmCertificateID], [FilmBudgetDollars], [FilmBoxOfficeDollars], [FilmOscarNominations], [FilmOscarWins]) VALUES (75, N'Rush Hour 3', CAST(0x0000998600000000 AS DateTime), 57, 1, 241, 14, N'After an attempted assassination on Ambassador Han, Lee and Carter head to Paris to protect a French woman with knowledge of the Triads'' secret leaders.', 91, 4, 180000000, 252980850, 0, 0)
INSERT [dbo].[tblFilm] ([FilmID], [FilmName], [FilmReleaseDate], [FilmDirectorID], [FilmLanguageID], [FilmCountryID], [FilmStudioID], [FilmSynopsis], [FilmRunTimeMinutes], [FilmCertificateID], [FilmBudgetDollars], [FilmBoxOfficeDollars], [FilmOscarNominations], [FilmOscarWins]) VALUES (76, N'Rush Hour 2', CAST(0x000090F000000000 AS DateTime), 57, 1, 241, 14, N'Carter and Lee head to Hong Kong for vacation, but become embroiled in a counterfeit money scam.', 90, 3, 90000000, 347425832, 0, 0)
INSERT [dbo].[tblFilm] ([FilmID], [FilmName], [FilmReleaseDate], [FilmDirectorID], [FilmLanguageID], [FilmCountryID], [FilmStudioID], [FilmSynopsis], [FilmRunTimeMinutes], [FilmCertificateID], [FilmBudgetDollars], [FilmBoxOfficeDollars], [FilmOscarNominations], [FilmOscarWins]) VALUES (77, N'Men in Black', CAST(0x00008B3900000000 AS DateTime), 31, 1, 241, 5, N'Two men who keep an eye on aliens in New York City must try to save the world after the aliens threaten to blow it up.', 98, 2, 90000000, 589390539, 3, 1)
INSERT [dbo].[tblFilm] ([FilmID], [FilmName], [FilmReleaseDate], [FilmDirectorID], [FilmLanguageID], [FilmCountryID], [FilmStudioID], [FilmSynopsis], [FilmRunTimeMinutes], [FilmCertificateID], [FilmBudgetDollars], [FilmBoxOfficeDollars], [FilmOscarNominations], [FilmOscarWins]) VALUES (78, N'The Departed', CAST(0x0000985200000000 AS DateTime), 9, 1, 241, 6, N'Two men from opposite sides of the law are undercover within the Massachusetts State Police and the Irish mafia, but violence and bloodshed boil when discoveries are made, and the moles are dispatched to find out their enemy''s identities.', 151, 6, 90000000, 290539042, 5, 4)
INSERT [dbo].[tblFilm] ([FilmID], [FilmName], [FilmReleaseDate], [FilmDirectorID], [FilmLanguageID], [FilmCountryID], [FilmStudioID], [FilmSynopsis], [FilmRunTimeMinutes], [FilmCertificateID], [FilmBudgetDollars], [FilmBoxOfficeDollars], [FilmOscarNominations], [FilmOscarWins]) VALUES (79, N'Die Hard: With A Vengeance', CAST(0x0000886F00000000 AS DateTime), 58, 1, 241, 4, N'John McClane and a store owner must play a bomber''s deadly game as they race around New York while trying to stop him.', 131, 5, 90000000, 365012499, 0, 0)
INSERT [dbo].[tblFilm] ([FilmID], [FilmName], [FilmReleaseDate], [FilmDirectorID], [FilmLanguageID], [FilmCountryID], [FilmStudioID], [FilmSynopsis], [FilmRunTimeMinutes], [FilmCertificateID], [FilmBudgetDollars], [FilmBoxOfficeDollars], [FilmOscarNominations], [FilmOscarWins]) VALUES (80, N'Cinderella Man', CAST(0x000096CA00000000 AS DateTime), 40, 1, 241, 1, N'The story of James Braddock, a supposedly washed up boxer who came back to become a champion and an inspiration in the 1930s.', 144, 4, 88000000, 108539911, 3, 0)
INSERT [dbo].[tblFilm] ([FilmID], [FilmName], [FilmReleaseDate], [FilmDirectorID], [FilmLanguageID], [FilmCountryID], [FilmStudioID], [FilmSynopsis], [FilmRunTimeMinutes], [FilmCertificateID], [FilmBudgetDollars], [FilmBoxOfficeDollars], [FilmOscarNominations], [FilmOscarWins]) VALUES (81, N'The Bourne Supremacy', CAST(0x0000954200000000 AS DateTime), 37, 1, 241, 1, N'When Jason Bourne is framed for a botched CIA operation he is forced to take up his former life as a trained assassin to survive.', 108, 4, 85000000, 288587450, 0, 0)
INSERT [dbo].[tblFilm] ([FilmID], [FilmName], [FilmReleaseDate], [FilmDirectorID], [FilmLanguageID], [FilmCountryID], [FilmStudioID], [FilmSynopsis], [FilmRunTimeMinutes], [FilmCertificateID], [FilmBudgetDollars], [FilmBoxOfficeDollars], [FilmOscarNominations], [FilmOscarWins]) VALUES (82, N'Last Action Hero', CAST(0x0000858200000000 AS DateTime), 58, 1, 241, 5, N'A young movie fan gets thrown into the movie world of his favourite action film character.', 130, 5, 85000000, 137298489, 0, 0)
INSERT [dbo].[tblFilm] ([FilmID], [FilmName], [FilmReleaseDate], [FilmDirectorID], [FilmLanguageID], [FilmCountryID], [FilmStudioID], [FilmSynopsis], [FilmRunTimeMinutes], [FilmCertificateID], [FilmBudgetDollars], [FilmBoxOfficeDollars], [FilmOscarNominations], [FilmOscarWins]) VALUES (83, N'Cast Away', CAST(0x0000902500000000 AS DateTime), 20, 1, 241, 8, N'A FedEx executive must transform himself physically and emotionally to survive a crash landing on a deserted island.', 143, 3, 85000000, 427230516, 2, 0)
INSERT [dbo].[tblFilm] ([FilmID], [FilmName], [FilmReleaseDate], [FilmDirectorID], [FilmLanguageID], [FilmCountryID], [FilmStudioID], [FilmSynopsis], [FilmRunTimeMinutes], [FilmCertificateID], [FilmBudgetDollars], [FilmBoxOfficeDollars], [FilmOscarNominations], [FilmOscarWins]) VALUES (84, N'Ocean''s Twelve', CAST(0x000095F100000000 AS DateTime), 48, 1, 241, 6, N'Daniel Ocean recruits one more team member so he can pull off three major European heists in this sequel to Ocean''s 11.', 125, 4, 85000000, 363531634, 0, 0)
INSERT [dbo].[tblFilm] ([FilmID], [FilmName], [FilmReleaseDate], [FilmDirectorID], [FilmLanguageID], [FilmCountryID], [FilmStudioID], [FilmSynopsis], [FilmRunTimeMinutes], [FilmCertificateID], [FilmBudgetDollars], [FilmBoxOfficeDollars], [FilmOscarNominations], [FilmOscarWins]) VALUES (85, N'Click', CAST(0x0000984B00000000 AS DateTime), 50, 1, 241, 5, N'A workaholic architect finds a universal remote that allows him to fast-forward and rewind to different parts of his life. Complications arise when the remote starts to overrule his choices.', 107, 4, 82500000, 237555633, 1, 0)
INSERT [dbo].[tblFilm] ([FilmID], [FilmName], [FilmReleaseDate], [FilmDirectorID], [FilmLanguageID], [FilmCountryID], [FilmStudioID], [FilmSynopsis], [FilmRunTimeMinutes], [FilmCertificateID], [FilmBudgetDollars], [FilmBoxOfficeDollars], [FilmOscarNominations], [FilmOscarWins]) VALUES (86, N'Bruce Almighty', CAST(0x000093A500000000 AS DateTime), 16, 1, 241, 1, N'A guy who complains about God too often is given almighty powers to teach him how difficult it is to run the world.', 101, 4, 81000000, 485004995, 0, 0)
INSERT [dbo].[tblFilm] ([FilmID], [FilmName], [FilmReleaseDate], [FilmDirectorID], [FilmLanguageID], [FilmCountryID], [FilmStudioID], [FilmSynopsis], [FilmRunTimeMinutes], [FilmCertificateID], [FilmBudgetDollars], [FilmBoxOfficeDollars], [FilmOscarNominations], [FilmOscarWins]) VALUES (87, N'Mission: Impossible', CAST(0x000089B100000000 AS DateTime), 59, 1, 241, 2, N'An American agent, under false suspicion of disloyalty, must discover and expose the real spy without the help of his organization.', 110, 2, 80000000, 456481886, 0, 0)
INSERT [dbo].[tblFilm] ([FilmID], [FilmName], [FilmReleaseDate], [FilmDirectorID], [FilmLanguageID], [FilmCountryID], [FilmStudioID], [FilmSynopsis], [FilmRunTimeMinutes], [FilmCertificateID], [FilmBudgetDollars], [FilmBoxOfficeDollars], [FilmOscarNominations], [FilmOscarWins]) VALUES (88, N'Deep Impact', CAST(0x00008C5800000000 AS DateTime), 60, 1, 241, 2, N'Unless a comet can be destroyed before colliding with Earth, only those allowed into shelters will survive. Which people will survive?', 120, 3, 80000000, 349464664, 0, 0)
INSERT [dbo].[tblFilm] ([FilmID], [FilmName], [FilmReleaseDate], [FilmDirectorID], [FilmLanguageID], [FilmCountryID], [FilmStudioID], [FilmSynopsis], [FilmRunTimeMinutes], [FilmCertificateID], [FilmBudgetDollars], [FilmBoxOfficeDollars], [FilmOscarNominations], [FilmOscarWins]) VALUES (89, N'Road to Perdition', CAST(0x0000929400000000 AS DateTime), 61, 1, 241, 8, N'Bonds of loyalty are put to the test when a hitman''s son witnesses what his father does for a living.', 117, 5, 80000000, 181054514, 6, 1)
INSERT [dbo].[tblFilm] ([FilmID], [FilmName], [FilmReleaseDate], [FilmDirectorID], [FilmLanguageID], [FilmCountryID], [FilmStudioID], [FilmSynopsis], [FilmRunTimeMinutes], [FilmCertificateID], [FilmBudgetDollars], [FilmBoxOfficeDollars], [FilmOscarNominations], [FilmOscarWins]) VALUES (90, N'A Beautiful Mind', CAST(0x000091BB00000000 AS DateTime), 40, 1, 241, 1, N'After a brilliant but asocial mathematician accepts secret work in cryptography, his life takes a turn to the nightmarish.', 135, 3, 78000000, 316708996, 8, 4)
INSERT [dbo].[tblFilm] ([FilmID], [FilmName], [FilmReleaseDate], [FilmDirectorID], [FilmLanguageID], [FilmCountryID], [FilmStudioID], [FilmSynopsis], [FilmRunTimeMinutes], [FilmCertificateID], [FilmBudgetDollars], [FilmBoxOfficeDollars], [FilmOscarNominations], [FilmOscarWins]) VALUES (91, N'Children of Men', CAST(0x0000984400000000 AS DateTime), 38, 1, 241, 1, N'In 2027, in a chaotic world in which humans can no longer procreate, a former activist agrees to help transport a miraculously pregnant woman to a sanctuary at sea, where her child''s birth may help scientists save the future of humankind.', 109, 5, 76000000, 69450202, 3, 0)
INSERT [dbo].[tblFilm] ([FilmID], [FilmName], [FilmReleaseDate], [FilmDirectorID], [FilmLanguageID], [FilmCountryID], [FilmStudioID], [FilmSynopsis], [FilmRunTimeMinutes], [FilmCertificateID], [FilmBudgetDollars], [FilmBoxOfficeDollars], [FilmOscarNominations], [FilmOscarWins]) VALUES (92, N'Munich', CAST(0x0000975600000000 AS DateTime), 4, 1, 241, 8, N'Based on the true story of the Black September aftermath, about the five men chosen to eliminate the ones responsible for that fateful day.', 164, 5, 75000000, 130279090, 5, 0)
INSERT [dbo].[tblFilm] ([FilmID], [FilmName], [FilmReleaseDate], [FilmDirectorID], [FilmLanguageID], [FilmCountryID], [FilmStudioID], [FilmSynopsis], [FilmRunTimeMinutes], [FilmCertificateID], [FilmBudgetDollars], [FilmBoxOfficeDollars], [FilmOscarNominations], [FilmOscarWins]) VALUES (93, N'Independence Day', CAST(0x000089D400000000 AS DateTime), 42, 1, 241, 4, N'The aliens are coming and their goal is to invade and destroy. Fighting superior technology, Man''s best weapon is the will to survive.', 145, 3, 75000000, 816969255, 2, 1)
INSERT [dbo].[tblFilm] ([FilmID], [FilmName], [FilmReleaseDate], [FilmDirectorID], [FilmLanguageID], [FilmCountryID], [FilmStudioID], [FilmSynopsis], [FilmRunTimeMinutes], [FilmCertificateID], [FilmBudgetDollars], [FilmBoxOfficeDollars], [FilmOscarNominations], [FilmOscarWins]) VALUES (94, N'X-Men', CAST(0x00008F9200000000 AS DateTime), 14, 1, 241, 4, N'Two mutants come to a private academy for mutants whose resident superhero team must oppose a powerful mutant terrorist organization.', 104, 3, 75000000, 295999717, 0, 0)
INSERT [dbo].[tblFilm] ([FilmID], [FilmName], [FilmReleaseDate], [FilmDirectorID], [FilmLanguageID], [FilmCountryID], [FilmStudioID], [FilmSynopsis], [FilmRunTimeMinutes], [FilmCertificateID], [FilmBudgetDollars], [FilmBoxOfficeDollars], [FilmOscarNominations], [FilmOscarWins]) VALUES (95, N'X2', CAST(0x0000936C00000000 AS DateTime), 14, 1, 241, 4, N'The X-Men band together to find a mutant assassin who has made an attempt on the President''s life, while the Mutant Academy is attacked by military forces.', 133, 4, 125000000, 406400513, 0, 0)
INSERT [dbo].[tblFilm] ([FilmID], [FilmName], [FilmReleaseDate], [FilmDirectorID], [FilmLanguageID], [FilmCountryID], [FilmStudioID], [FilmSynopsis], [FilmRunTimeMinutes], [FilmCertificateID], [FilmBudgetDollars], [FilmBoxOfficeDollars], [FilmOscarNominations], [FilmOscarWins]) VALUES (96, N'The Rock', CAST(0x000089A300000000 AS DateTime), 18, 1, 241, 17, N'A group of U.S. marines, under command of a renegade general, take over Alcatraz and threat San Francisco Bay with biological weapons. A chemical weapons specialist and the only man to have ever escaped from the Rock are the only ones who can prevent chaos.', 136, 5, 75000000, 336069511, 1, 0)
INSERT [dbo].[tblFilm] ([FilmID], [FilmName], [FilmReleaseDate], [FilmDirectorID], [FilmLanguageID], [FilmCountryID], [FilmStudioID], [FilmSynopsis], [FilmRunTimeMinutes], [FilmCertificateID], [FilmBudgetDollars], [FilmBoxOfficeDollars], [FilmOscarNominations], [FilmOscarWins]) VALUES (97, N'Constantine', CAST(0x0000961B00000000 AS DateTime), 23, 1, 241, 6, N'Based on the DC/Vertigo comic book Hellblazer and written by Kevin Brodbin, Mark Bomback and Frank Capello, Constantine tells the story of irreverent supernatural detective John Constantine (Keanu Reeves), who has literally been to hell and back.', 121, 5, 75000000, 229976178, 0, 0)
INSERT [dbo].[tblFilm] ([FilmID], [FilmName], [FilmReleaseDate], [FilmDirectorID], [FilmLanguageID], [FilmCountryID], [FilmStudioID], [FilmSynopsis], [FilmRunTimeMinutes], [FilmCertificateID], [FilmBudgetDollars], [FilmBoxOfficeDollars], [FilmOscarNominations], [FilmOscarWins]) VALUES (98, N'Unbreakable', CAST(0x0000901700000000 AS DateTime), 62, 1, 241, 7, N'A suspense thriller with supernatural overtones that revolves around a man who learns something extraordinary about himself after a devastating accident.', 106, 3, 73243106, 248099143, 0, 0)
INSERT [dbo].[tblFilm] ([FilmID], [FilmName], [FilmReleaseDate], [FilmDirectorID], [FilmLanguageID], [FilmCountryID], [FilmStudioID], [FilmSynopsis], [FilmRunTimeMinutes], [FilmCertificateID], [FilmBudgetDollars], [FilmBoxOfficeDollars], [FilmOscarNominations], [FilmOscarWins]) VALUES (99, N'Talladega Nights: The Ballad of Ricky Bobby', CAST(0x0000983D00000000 AS DateTime), 63, 1, 241, 5, N'#1 NASCAR driver Ricky Bobby (Ferrell) stays atop the heap thanks to a pact with his best friend and teammate, Cal Naughton, Jr. (Reilly). But when a French Formula One driver (Cohen), makes his way up the ladder, Ricky Bobby''s talent and devotion are put to the test.', 108, 4, 73000000, 163213377, 0, 0)
INSERT [dbo].[tblFilm] ([FilmID], [FilmName], [FilmReleaseDate], [FilmDirectorID], [FilmLanguageID], [FilmCountryID], [FilmStudioID], [FilmSynopsis], [FilmRunTimeMinutes], [FilmCertificateID], [FilmBudgetDollars], [FilmBoxOfficeDollars], [FilmOscarNominations], [FilmOscarWins]) VALUES (100, N'The Simpsons Movie', CAST(0x0000997600000000 AS DateTime), 64, 1, 241, 4, N'After Homer accidentally pollutes the town''s water supply, Springfield is encased in a gigantic dome by the EPA and the Simpsons family are declared fugitives.', 87, 2, 72500000, 526758418, 0, 0)
INSERT [dbo].[tblFilm] ([FilmID], [FilmName], [FilmReleaseDate], [FilmDirectorID], [FilmLanguageID], [FilmCountryID], [FilmStudioID], [FilmSynopsis], [FilmRunTimeMinutes], [FilmCertificateID], [FilmBudgetDollars], [FilmBoxOfficeDollars], [FilmOscarNominations], [FilmOscarWins]) VALUES (101, N'Braveheart', CAST(0x0000888400000000 AS DateTime), 65, 1, 241, 2, N'William Wallace, a commoner, unites the 13th Century Scots in their battle to overthrow English rule.', 177, 5, 72000000, 209000000, 10, 5)
INSERT [dbo].[tblFilm] ([FilmID], [FilmName], [FilmReleaseDate], [FilmDirectorID], [FilmLanguageID], [FilmCountryID], [FilmStudioID], [FilmSynopsis], [FilmRunTimeMinutes], [FilmCertificateID], [FilmBudgetDollars], [FilmBoxOfficeDollars], [FilmOscarNominations], [FilmOscarWins]) VALUES (102, N'Jarhead', CAST(0x0000974800000000 AS DateTime), 61, 1, 241, 1, N'Based on former Marine Anthony Swofford''s best-selling 2003 book about his pre-Desert Storm experiences in Saudi Arabia and about his experiences fighting in Kuwait.', 125, 5, 72000000, 96780312, 0, 0)
GO
print 'Processed 100 total records'
INSERT [dbo].[tblFilm] ([FilmID], [FilmName], [FilmReleaseDate], [FilmDirectorID], [FilmLanguageID], [FilmCountryID], [FilmStudioID], [FilmSynopsis], [FilmRunTimeMinutes], [FilmCertificateID], [FilmBudgetDollars], [FilmBoxOfficeDollars], [FilmOscarNominations], [FilmOscarWins]) VALUES (103, N'The Village', CAST(0x0000954900000000 AS DateTime), 62, 1, 241, 7, N'The population of a small, isolated countryside village believe that their alliance with the mythical creatures that inhabit the forest around them is coming to an end.', 108, 4, 71682975, 260197520, 1, 0)
INSERT [dbo].[tblFilm] ([FilmID], [FilmName], [FilmReleaseDate], [FilmDirectorID], [FilmLanguageID], [FilmCountryID], [FilmStudioID], [FilmSynopsis], [FilmRunTimeMinutes], [FilmCertificateID], [FilmBudgetDollars], [FilmBoxOfficeDollars], [FilmOscarNominations], [FilmOscarWins]) VALUES (104, N'Shrek the Third', CAST(0x0000995C00000000 AS DateTime), 66, 1, 241, 8, N'When his new father-in-law, King Harold falls ill, Shrek is looked at as the heir to the land of Far, Far Away. Not one to give up his beloved swamp, Shrek recruits his friends Donkey and Puss in Boots to install the rebellious Artie as the new king. Princess Fiona, however, rallies a band of royal girlfriends to fend off a coup d''etat by the jilted Prince Charming.', 92, 1, 160000000, 798957081, 0, 0)
INSERT [dbo].[tblFilm] ([FilmID], [FilmName], [FilmReleaseDate], [FilmDirectorID], [FilmLanguageID], [FilmCountryID], [FilmStudioID], [FilmSynopsis], [FilmRunTimeMinutes], [FilmCertificateID], [FilmBudgetDollars], [FilmBoxOfficeDollars], [FilmOscarNominations], [FilmOscarWins]) VALUES (105, N'Shrek 2', CAST(0x0000951800000000 AS DateTime), 67, 1, 241, 8, N'Princess Fiona''s parents invite her and Shrek to dinner to celebrate her marriage. If only they knew the newlyweds were both ogres.', 93, 1, 70000000, 915278586, 2, 0)
INSERT [dbo].[tblFilm] ([FilmID], [FilmName], [FilmReleaseDate], [FilmDirectorID], [FilmLanguageID], [FilmCountryID], [FilmStudioID], [FilmSynopsis], [FilmRunTimeMinutes], [FilmCertificateID], [FilmBudgetDollars], [FilmBoxOfficeDollars], [FilmOscarNominations], [FilmOscarWins]) VALUES (106, N'The Abyss', CAST(0x0000801800000000 AS DateTime), 15, 1, 241, 4, N'A civilian diving team are enlisted to search for a lost nuclear submarine and face danger while encountering an alien aquatic species.', 138, 5, 70000000, 54243125, 4, 1)
INSERT [dbo].[tblFilm] ([FilmID], [FilmName], [FilmReleaseDate], [FilmDirectorID], [FilmLanguageID], [FilmCountryID], [FilmStudioID], [FilmSynopsis], [FilmRunTimeMinutes], [FilmCertificateID], [FilmBudgetDollars], [FilmBoxOfficeDollars], [FilmOscarNominations], [FilmOscarWins]) VALUES (107, N'Star Trek: Insurrection', CAST(0x00008D3F00000000 AS DateTime), 68, 1, 241, 2, N'When the crew of the Enterprise learn of a Federation plot against the inhabitants of a unique planet, Capt. Picard begins an open rebellion.', 103, 2, 70000000, 117800000, 0, 0)
INSERT [dbo].[tblFilm] ([FilmID], [FilmName], [FilmReleaseDate], [FilmDirectorID], [FilmLanguageID], [FilmCountryID], [FilmStudioID], [FilmSynopsis], [FilmRunTimeMinutes], [FilmCertificateID], [FilmBudgetDollars], [FilmBoxOfficeDollars], [FilmOscarNominations], [FilmOscarWins]) VALUES (108, N'Who Framed Roger Rabbit?', CAST(0x00007EDD00000000 AS DateTime), 20, 1, 241, 7, N'A toon hating detective is a cartoon rabbit''s only hope to prove his innocence when he is accused of murder.', 104, 2, 70000000, 351500000, 0, 0)
INSERT [dbo].[tblFilm] ([FilmID], [FilmName], [FilmReleaseDate], [FilmDirectorID], [FilmLanguageID], [FilmCountryID], [FilmStudioID], [FilmSynopsis], [FilmRunTimeMinutes], [FilmCertificateID], [FilmBudgetDollars], [FilmBoxOfficeDollars], [FilmOscarNominations], [FilmOscarWins]) VALUES (109, N'Sleepy Hollow', CAST(0x00008EB200000000 AS DateTime), 28, 1, 241, 2, N'Ichabod Crane is sent to Sleepy Hollow to investigate the decapitations of 3 people with the culprit being the legendary apparition, the Headless Horseman.', 105, 5, 70000000, 207068340, 3, 1)
INSERT [dbo].[tblFilm] ([FilmID], [FilmName], [FilmReleaseDate], [FilmDirectorID], [FilmLanguageID], [FilmCountryID], [FilmStudioID], [FilmSynopsis], [FilmRunTimeMinutes], [FilmCertificateID], [FilmBudgetDollars], [FilmBoxOfficeDollars], [FilmOscarNominations], [FilmOscarWins]) VALUES (110, N'xXx', CAST(0x000092A800000000 AS DateTime), 32, 1, 241, 19, N'Xander Cage is an extreme sports athelete recruited by the government on a special mission.', 124, 5, 70000000, 267200000, 0, 0)
INSERT [dbo].[tblFilm] ([FilmID], [FilmName], [FilmReleaseDate], [FilmDirectorID], [FilmLanguageID], [FilmCountryID], [FilmStudioID], [FilmSynopsis], [FilmRunTimeMinutes], [FilmCertificateID], [FilmBudgetDollars], [FilmBoxOfficeDollars], [FilmOscarNominations], [FilmOscarWins]) VALUES (111, N'Die Hard 2', CAST(0x0000814C00000000 AS DateTime), 69, 1, 241, 4, N'John McClane is forced to battle mercenaries who seize control of an airport''s communications and threaten to cause plane crashes if their demands are not met.', 124, 5, 70000000, 237523878, 0, 0)
INSERT [dbo].[tblFilm] ([FilmID], [FilmName], [FilmReleaseDate], [FilmDirectorID], [FilmLanguageID], [FilmCountryID], [FilmStudioID], [FilmSynopsis], [FilmRunTimeMinutes], [FilmCertificateID], [FilmBudgetDollars], [FilmBoxOfficeDollars], [FilmOscarNominations], [FilmOscarWins]) VALUES (112, N'The Long Kiss Goodnight', CAST(0x00008A4400000000 AS DateTime), 69, 1, 241, 14, N'A women suffering from amnesia begins to recover her memories after trouble from her past finds her again.', 120, 6, 65000000, NULL, 0, 0)
INSERT [dbo].[tblFilm] ([FilmID], [FilmName], [FilmReleaseDate], [FilmDirectorID], [FilmLanguageID], [FilmCountryID], [FilmStudioID], [FilmSynopsis], [FilmRunTimeMinutes], [FilmCertificateID], [FilmBudgetDollars], [FilmBoxOfficeDollars], [FilmOscarNominations], [FilmOscarWins]) VALUES (113, N'Apollo 13', CAST(0x0000889200000000 AS DateTime), 40, 1, 241, 1, N'True story of the moon-bound mission that developed severe trouble and the men that rescued it with skill and dedication.', 140, 2, 65000000, 334100000, 9, 2)
INSERT [dbo].[tblFilm] ([FilmID], [FilmName], [FilmReleaseDate], [FilmDirectorID], [FilmLanguageID], [FilmCountryID], [FilmStudioID], [FilmSynopsis], [FilmRunTimeMinutes], [FilmCertificateID], [FilmBudgetDollars], [FilmBoxOfficeDollars], [FilmOscarNominations], [FilmOscarWins]) VALUES (114, N'Saving Private Ryan', CAST(0x00008CCF00000000 AS DateTime), 4, 1, 241, 8, N'Based on a World War II drama. US soldiers try to save their comrade, paratrooper Private Ryan, who''s stationed behind enemy lines.', 170, 5, 65000000, 481635085, 11, 5)
INSERT [dbo].[tblFilm] ([FilmID], [FilmName], [FilmReleaseDate], [FilmDirectorID], [FilmLanguageID], [FilmCountryID], [FilmStudioID], [FilmSynopsis], [FilmRunTimeMinutes], [FilmCertificateID], [FilmBudgetDollars], [FilmBoxOfficeDollars], [FilmOscarNominations], [FilmOscarWins]) VALUES (115, N'Fight Club', CAST(0x00008E7A00000000 AS DateTime), 70, 1, 241, 4, N'An office employee and a soap salesman build a global organization to help vent male aggression.', 139, 6, 65000000, NULL, 1, 0)
INSERT [dbo].[tblFilm] ([FilmID], [FilmName], [FilmReleaseDate], [FilmDirectorID], [FilmLanguageID], [FilmCountryID], [FilmStudioID], [FilmSynopsis], [FilmRunTimeMinutes], [FilmCertificateID], [FilmBudgetDollars], [FilmBoxOfficeDollars], [FilmOscarNominations], [FilmOscarWins]) VALUES (116, N'The Matrix', CAST(0x00008DE000000000 AS DateTime), 39, 1, 241, 6, N'A computer hacker learns from mysterious rebels about the true nature of his reality and his role in the war against the controllers of it.', 136, 5, 65000000, 456500000, 4, 4)
INSERT [dbo].[tblFilm] ([FilmID], [FilmName], [FilmReleaseDate], [FilmDirectorID], [FilmLanguageID], [FilmCountryID], [FilmStudioID], [FilmSynopsis], [FilmRunTimeMinutes], [FilmCertificateID], [FilmBudgetDollars], [FilmBoxOfficeDollars], [FilmOscarNominations], [FilmOscarWins]) VALUES (117, N'Total Recall', CAST(0x0000813700000000 AS DateTime), 72, 1, 241, 15, N'When a man goes for virtual vacation memories of the planet Mars, an unexpected and harrowing series of events forces him to go to the planet for real, or does he?', 113, 6, 65000000, 261400000, 2, 0)
INSERT [dbo].[tblFilm] ([FilmID], [FilmName], [FilmReleaseDate], [FilmDirectorID], [FilmLanguageID], [FilmCountryID], [FilmStudioID], [FilmSynopsis], [FilmRunTimeMinutes], [FilmCertificateID], [FilmBudgetDollars], [FilmBoxOfficeDollars], [FilmOscarNominations], [FilmOscarWins]) VALUES (118, N'Cliffhanger', CAST(0x0000855F00000000 AS DateTime), 69, 1, 241, 15, N'A botched mid-air heist results in suitcases full of cash being searched for by various groups throughout the Rocky Mountains.', 113, 5, 65000000, 255000000, 0, 0)
INSERT [dbo].[tblFilm] ([FilmID], [FilmName], [FilmReleaseDate], [FilmDirectorID], [FilmLanguageID], [FilmCountryID], [FilmStudioID], [FilmSynopsis], [FilmRunTimeMinutes], [FilmCertificateID], [FilmBudgetDollars], [FilmBoxOfficeDollars], [FilmOscarNominations], [FilmOscarWins]) VALUES (119, N'Clear and Present Danger', CAST(0x000086F300000000 AS DateTime), 73, 1, 241, 2, N'CIA Analyst Jack Ryan is drawn into an illegal war fought by the US government against a Colombian drug cartel.', 141, 3, 62000000, 207500000, 2, 0)
INSERT [dbo].[tblFilm] ([FilmID], [FilmName], [FilmReleaseDate], [FilmDirectorID], [FilmLanguageID], [FilmCountryID], [FilmStudioID], [FilmSynopsis], [FilmRunTimeMinutes], [FilmCertificateID], [FilmBudgetDollars], [FilmBoxOfficeDollars], [FilmOscarNominations], [FilmOscarWins]) VALUES (120, N'GoldenEye', CAST(0x000088D100000000 AS DateTime), 54, 1, 240, 11, N'James Bond teams up with the lone survivor of a destroyed Russian research center to stop the hijacking of a nuclear space weapon by a fellow agent believed to be dead.', 130, 3, 60000000, 356429941, 0, 0)
INSERT [dbo].[tblFilm] ([FilmID], [FilmName], [FilmReleaseDate], [FilmDirectorID], [FilmLanguageID], [FilmCountryID], [FilmStudioID], [FilmSynopsis], [FilmRunTimeMinutes], [FilmCertificateID], [FilmBudgetDollars], [FilmBoxOfficeDollars], [FilmOscarNominations], [FilmOscarWins]) VALUES (121, N'The Black Dahlia', CAST(0x0000983D00000000 AS DateTime), 59, 1, 241, 1, N'Two policemen see their personal and professional lives fall apart in the wake of the "Black Dahlia" murder investigation.', 121, 5, 60000000, 46672813, 1, 0)
INSERT [dbo].[tblFilm] ([FilmID], [FilmName], [FilmReleaseDate], [FilmDirectorID], [FilmLanguageID], [FilmCountryID], [FilmStudioID], [FilmSynopsis], [FilmRunTimeMinutes], [FilmCertificateID], [FilmBudgetDollars], [FilmBoxOfficeDollars], [FilmOscarNominations], [FilmOscarWins]) VALUES (122, N'The Truman Show', CAST(0x00008CEB00000000 AS DateTime), 36, 1, 241, 2, N'An insurance salesman/adjuster discovers his entire life is actually a TV show.', 103, 2, 60000000, 248400000, 3, 0)
INSERT [dbo].[tblFilm] ([FilmID], [FilmName], [FilmReleaseDate], [FilmDirectorID], [FilmLanguageID], [FilmCountryID], [FilmStudioID], [FilmSynopsis], [FilmRunTimeMinutes], [FilmCertificateID], [FilmBudgetDollars], [FilmBoxOfficeDollars], [FilmOscarNominations], [FilmOscarWins]) VALUES (123, N'Event Horizon', CAST(0x00008B4E00000000 AS DateTime), 74, 1, 241, 2, N'A rescue crew investigates a spaceship that disappeared into a black hole and has now returned...with someone or something new on-board.', 96, 6, 60000000, 26673242, 0, 0)
INSERT [dbo].[tblFilm] ([FilmID], [FilmName], [FilmReleaseDate], [FilmDirectorID], [FilmLanguageID], [FilmCountryID], [FilmStudioID], [FilmSynopsis], [FilmRunTimeMinutes], [FilmCertificateID], [FilmBudgetDollars], [FilmBoxOfficeDollars], [FilmOscarNominations], [FilmOscarWins]) VALUES (124, N'The Bourne Identity', CAST(0x0000927F00000000 AS DateTime), 52, 1, 241, 1, N'A man is picked up by a fishing boat, bullet-riddled and without memory, then races to elude assassins and recover from amnesia.', 119, 4, 60000000, 213300000, 0, 0)
INSERT [dbo].[tblFilm] ([FilmID], [FilmName], [FilmReleaseDate], [FilmDirectorID], [FilmLanguageID], [FilmCountryID], [FilmStudioID], [FilmSynopsis], [FilmRunTimeMinutes], [FilmCertificateID], [FilmBudgetDollars], [FilmBoxOfficeDollars], [FilmOscarNominations], [FilmOscarWins]) VALUES (125, N'Hellboy', CAST(0x0000955600000000 AS DateTime), 71, 1, 241, 19, N'A demon, raised from infancy after being conjured by and rescued from the Nazis, grows up to become a defender against the forces of darkness.', 122, 4, 60000000, 98703901, 0, 0)
INSERT [dbo].[tblFilm] ([FilmID], [FilmName], [FilmReleaseDate], [FilmDirectorID], [FilmLanguageID], [FilmCountryID], [FilmStudioID], [FilmSynopsis], [FilmRunTimeMinutes], [FilmCertificateID], [FilmBudgetDollars], [FilmBoxOfficeDollars], [FilmOscarNominations], [FilmOscarWins]) VALUES (126, N'Starsky & Hutch', CAST(0x000094AF00000000 AS DateTime), 75, 1, 241, 6, N'Two streetwise cops (Stiller and Wilson) bust criminals in their red-and-white Ford Torino with the help of police snitch called Huggy Bear (Snoop Dogg).', 101, 5, 60000000, 170200225, 0, 0)
INSERT [dbo].[tblFilm] ([FilmID], [FilmName], [FilmReleaseDate], [FilmDirectorID], [FilmLanguageID], [FilmCountryID], [FilmStudioID], [FilmSynopsis], [FilmRunTimeMinutes], [FilmCertificateID], [FilmBudgetDollars], [FilmBoxOfficeDollars], [FilmOscarNominations], [FilmOscarWins]) VALUES (127, N'Intolerable Cruelty', CAST(0x0000941C00000000 AS DateTime), 5, 1, 241, 20, N'A revenge-seeking gold digger marries a womanizing Beverly Hills lawyer with the intention of making a killing in the divorce.', 100, 4, 60000000, 121327628, 0, 0)
INSERT [dbo].[tblFilm] ([FilmID], [FilmName], [FilmReleaseDate], [FilmDirectorID], [FilmLanguageID], [FilmCountryID], [FilmStudioID], [FilmSynopsis], [FilmRunTimeMinutes], [FilmCertificateID], [FilmBudgetDollars], [FilmBoxOfficeDollars], [FilmOscarNominations], [FilmOscarWins]) VALUES (128, N'300', CAST(0x000098FA00000000 AS DateTime), 76, 1, 241, 6, N'King Leonidas and a force of 300 men fight the Persians at Thermopylae in 480 B.C.', 117, 5, 60000000, 456068181, 0, 0)
INSERT [dbo].[tblFilm] ([FilmID], [FilmName], [FilmReleaseDate], [FilmDirectorID], [FilmLanguageID], [FilmCountryID], [FilmStudioID], [FilmSynopsis], [FilmRunTimeMinutes], [FilmCertificateID], [FilmBudgetDollars], [FilmBoxOfficeDollars], [FilmOscarNominations], [FilmOscarWins]) VALUES (129, N'Star Trek: Nemesis', CAST(0x000092F600000000 AS DateTime), 77, 1, 241, 2, N'After the Enterprise is diverted to the Romulan planet of Romulus, supposedly because they want to negotiate a truce, the Federation soon find out the Romulans are planning an attack on Earth.', 116, 4, 60000000, 67312826, 0, 0)
INSERT [dbo].[tblFilm] ([FilmID], [FilmName], [FilmReleaseDate], [FilmDirectorID], [FilmLanguageID], [FilmCountryID], [FilmStudioID], [FilmSynopsis], [FilmRunTimeMinutes], [FilmCertificateID], [FilmBudgetDollars], [FilmBoxOfficeDollars], [FilmOscarNominations], [FilmOscarWins]) VALUES (130, N'Superman', CAST(0x000070AB00000000 AS DateTime), 30, 1, 241, 6, N'An alien orphan is sent from his dying planet to Earth, where he grows up to become his adoptive home''s first and greatest super-hero.', 143, 2, 55000000, 300200000, 3, 0)
INSERT [dbo].[tblFilm] ([FilmID], [FilmName], [FilmReleaseDate], [FilmDirectorID], [FilmLanguageID], [FilmCountryID], [FilmStudioID], [FilmSynopsis], [FilmRunTimeMinutes], [FilmCertificateID], [FilmBudgetDollars], [FilmBoxOfficeDollars], [FilmOscarNominations], [FilmOscarWins]) VALUES (131, N'Crimson Tide', CAST(0x000088BC00000000 AS DateTime), 78, 1, 241, 17, N'On a US nuclear missile sub, a young first officer stages a mutiny to prevent his trigger happy captain from launching his missiles before confirming his orders to do so.', 116, 5, 55000000, 159387195, 3, 0)
INSERT [dbo].[tblFilm] ([FilmID], [FilmName], [FilmReleaseDate], [FilmDirectorID], [FilmLanguageID], [FilmCountryID], [FilmStudioID], [FilmSynopsis], [FilmRunTimeMinutes], [FilmCertificateID], [FilmBudgetDollars], [FilmBoxOfficeDollars], [FilmOscarNominations], [FilmOscarWins]) VALUES (132, N'Deja Vu', CAST(0x0000989800000000 AS DateTime), 78, 1, 241, 7, N'An ATF agent travels back in time to save a woman from being murdered, falling in love with her during the process.', 126, 4, 80000000, 181038616, 0, 0)
INSERT [dbo].[tblFilm] ([FilmID], [FilmName], [FilmReleaseDate], [FilmDirectorID], [FilmLanguageID], [FilmCountryID], [FilmStudioID], [FilmSynopsis], [FilmRunTimeMinutes], [FilmCertificateID], [FilmBudgetDollars], [FilmBoxOfficeDollars], [FilmOscarNominations], [FilmOscarWins]) VALUES (133, N'Man On Fire', CAST(0x0000957A00000000 AS DateTime), 78, 1, 241, 4, N'In Mexico City, a former assassin swears vengeance on those who committed an unspeakable act against the family he was hired to protect.', 146, 6, 60000000, 118706816, 0, 0)
INSERT [dbo].[tblFilm] ([FilmID], [FilmName], [FilmReleaseDate], [FilmDirectorID], [FilmLanguageID], [FilmCountryID], [FilmStudioID], [FilmSynopsis], [FilmRunTimeMinutes], [FilmCertificateID], [FilmBudgetDollars], [FilmBoxOfficeDollars], [FilmOscarNominations], [FilmOscarWins]) VALUES (134, N'Enemy of the State', CAST(0x00008D3900000000 AS DateTime), 78, 1, 241, 7, N'A lawyer becomes a target by a corrupt politician and his NSA goons when he accidentally receives key evidence to a serious politically motivated crime.', 132, 5, 85000000, 250300000, 0, 0)
INSERT [dbo].[tblFilm] ([FilmID], [FilmName], [FilmReleaseDate], [FilmDirectorID], [FilmLanguageID], [FilmCountryID], [FilmStudioID], [FilmSynopsis], [FilmRunTimeMinutes], [FilmCertificateID], [FilmBudgetDollars], [FilmBoxOfficeDollars], [FilmOscarNominations], [FilmOscarWins]) VALUES (135, N'Kill Bill: Vol. 1', CAST(0x0000941500000000 AS DateTime), 79, 1, 241, 16, N'The Bride wakes up after a long coma. The baby that she carried before entering the coma is gone. The only thing on her mind is to have revenge on the assassination team that betrayed her - a team she was once part of.', 111, 6, 55000000, 180098138, 0, 0)
INSERT [dbo].[tblFilm] ([FilmID], [FilmName], [FilmReleaseDate], [FilmDirectorID], [FilmLanguageID], [FilmCountryID], [FilmStudioID], [FilmSynopsis], [FilmRunTimeMinutes], [FilmCertificateID], [FilmBudgetDollars], [FilmBoxOfficeDollars], [FilmOscarNominations], [FilmOscarWins]) VALUES (136, N'Alien 3', CAST(0x0000842B00000000 AS DateTime), 70, 1, 241, 4, N'Ripley continues to be stalked by a savage alien, after her escape pod crashes on a prison planet.', 114, 6, 55000000, 158500000, 1, 0)
INSERT [dbo].[tblFilm] ([FilmID], [FilmName], [FilmReleaseDate], [FilmDirectorID], [FilmLanguageID], [FilmCountryID], [FilmStudioID], [FilmSynopsis], [FilmRunTimeMinutes], [FilmCertificateID], [FilmBudgetDollars], [FilmBoxOfficeDollars], [FilmOscarNominations], [FilmOscarWins]) VALUES (137, N'Shanghai Noon', CAST(0x00008F9900000000 AS DateTime), 80, 1, 241, 7, N'Jackie Chan plays a Chinese man who travels to the Wild West to rescue a kidnapped princess. After teaming up with a train robber, the unlikely duo takes on a Chinese traitor and his corrupt boss.', 110, 3, 55000000, 71189835, 0, 0)
INSERT [dbo].[tblFilm] ([FilmID], [FilmName], [FilmReleaseDate], [FilmDirectorID], [FilmLanguageID], [FilmCountryID], [FilmStudioID], [FilmSynopsis], [FilmRunTimeMinutes], [FilmCertificateID], [FilmBudgetDollars], [FilmBoxOfficeDollars], [FilmOscarNominations], [FilmOscarWins]) VALUES (138, N'Kill Bill: Vol. 2', CAST(0x000094D200000000 AS DateTime), 79, 1, 241, 16, N'The murderous Bride continues her vengeance quest against her ex-boss, Bill, and his two remaining associates; his younger brother Budd, and Bill''s latest flame Elle.', 136, 6, 55000000, 150907920, 0, 0)
INSERT [dbo].[tblFilm] ([FilmID], [FilmName], [FilmReleaseDate], [FilmDirectorID], [FilmLanguageID], [FilmCountryID], [FilmStudioID], [FilmSynopsis], [FilmRunTimeMinutes], [FilmCertificateID], [FilmBudgetDollars], [FilmBoxOfficeDollars], [FilmOscarNominations], [FilmOscarWins]) VALUES (139, N'Blade II', CAST(0x000091DE00000000 AS DateTime), 71, 1, 241, 14, N'Blade forms an uneasy alliance with the vampire council in order to combat the Reaper vampires who feed on vampires.', 117, 6, 54000000, 154306865, 0, 0)
INSERT [dbo].[tblFilm] ([FilmID], [FilmName], [FilmReleaseDate], [FilmDirectorID], [FilmLanguageID], [FilmCountryID], [FilmStudioID], [FilmSynopsis], [FilmRunTimeMinutes], [FilmCertificateID], [FilmBudgetDollars], [FilmBoxOfficeDollars], [FilmOscarNominations], [FilmOscarWins]) VALUES (140, N'Flags of our Fathers', CAST(0x0000989F00000000 AS DateTime), 10, 1, 241, 8, N'The life stories of the six men who raised the flag at The Battle of Iwo Jima, a turning point in WWII.', 132, 5, 53000000, 61902376, 2, 0)
INSERT [dbo].[tblFilm] ([FilmID], [FilmName], [FilmReleaseDate], [FilmDirectorID], [FilmLanguageID], [FilmCountryID], [FilmStudioID], [FilmSynopsis], [FilmRunTimeMinutes], [FilmCertificateID], [FilmBudgetDollars], [FilmBoxOfficeDollars], [FilmOscarNominations], [FilmOscarWins]) VALUES (141, N'Casino', CAST(0x0000892C00000000 AS DateTime), 9, 1, 241, 1, N'Greed, deception, money, power, and murder occur between two mobster best friends and a trophy wife over a gambling empire.', 178, 6, 52000000, 110400000, 1, 0)
INSERT [dbo].[tblFilm] ([FilmID], [FilmName], [FilmReleaseDate], [FilmDirectorID], [FilmLanguageID], [FilmCountryID], [FilmStudioID], [FilmSynopsis], [FilmRunTimeMinutes], [FilmCertificateID], [FilmBudgetDollars], [FilmBoxOfficeDollars], [FilmOscarNominations], [FilmOscarWins]) VALUES (142, N'Robin Hood: Prince of Thieves', CAST(0x0000829C00000000 AS DateTime), 17, 1, 241, 6, N'When Robin and his Moorish companion come to England and the tyranny of the Sheriff of Nottingham, he decides to fight back as an outlaw.', 143, 2, 50000000, 390500000, 1, 0)
INSERT [dbo].[tblFilm] ([FilmID], [FilmName], [FilmReleaseDate], [FilmDirectorID], [FilmLanguageID], [FilmCountryID], [FilmStudioID], [FilmSynopsis], [FilmRunTimeMinutes], [FilmCertificateID], [FilmBudgetDollars], [FilmBoxOfficeDollars], [FilmOscarNominations], [FilmOscarWins]) VALUES (143, N'Shrek', CAST(0x000090CD00000000 AS DateTime), 67, 1, 241, 8, N'An ogre, in order to regain his swamp, travels along with an annoying donkey in order to bring a princess to a scheming lord, wishing himself King.', 90, 1, 50000000, 479467267, 2, 1)
INSERT [dbo].[tblFilm] ([FilmID], [FilmName], [FilmReleaseDate], [FilmDirectorID], [FilmLanguageID], [FilmCountryID], [FilmStudioID], [FilmSynopsis], [FilmRunTimeMinutes], [FilmCertificateID], [FilmBudgetDollars], [FilmBoxOfficeDollars], [FilmOscarNominations], [FilmOscarWins]) VALUES (144, N'Shanghai Knights', CAST(0x0000935100000000 AS DateTime), 81, 1, 241, 7, N'When a Chinese rebel murders Chon''s estranged father and escapes to England, Chon and Roy make their way to London with revenge on their minds.', 114, 4, 50000000, NULL, 0, 0)
INSERT [dbo].[tblFilm] ([FilmID], [FilmName], [FilmReleaseDate], [FilmDirectorID], [FilmLanguageID], [FilmCountryID], [FilmStudioID], [FilmSynopsis], [FilmRunTimeMinutes], [FilmCertificateID], [FilmBudgetDollars], [FilmBoxOfficeDollars], [FilmOscarNominations], [FilmOscarWins]) VALUES (145, N'Indiana Jones and the Last Crusade', CAST(0x00007FAF00000000 AS DateTime), 4, 1, 241, 13, N'When Dr. Henry Jones Sr. suddenly goes missing while pursuing the Holy Grail, eminent archaeologist Indiana Jones must follow in his father''s footsteps and stop the Nazis.', 127, 2, 48000000, 474171806, 3, 1)
INSERT [dbo].[tblFilm] ([FilmID], [FilmName], [FilmReleaseDate], [FilmDirectorID], [FilmLanguageID], [FilmCountryID], [FilmStudioID], [FilmSynopsis], [FilmRunTimeMinutes], [FilmCertificateID], [FilmBudgetDollars], [FilmBoxOfficeDollars], [FilmOscarNominations], [FilmOscarWins]) VALUES (146, N'Star Trek: First Contact', CAST(0x00008A5200000000 AS DateTime), 68, 1, 241, 2, N'Capt. Picard and his crew pursue the Borg back in time to stop them from preventing Earth from initiating first contact with alien life.', 111, 3, 46000000, 150000000, 1, 0)
INSERT [dbo].[tblFilm] ([FilmID], [FilmName], [FilmReleaseDate], [FilmDirectorID], [FilmLanguageID], [FilmCountryID], [FilmStudioID], [FilmSynopsis], [FilmRunTimeMinutes], [FilmCertificateID], [FilmBudgetDollars], [FilmBoxOfficeDollars], [FilmOscarNominations], [FilmOscarWins]) VALUES (147, N'Blade', CAST(0x00008D0E00000000 AS DateTime), 82, 1, 241, 14, N'A half-vampire, half-mortal man becomes a protector of the mortal race, while slaying evil vampires.', 120, 6, 45000000, 131237688, 0, 0)
INSERT [dbo].[tblFilm] ([FilmID], [FilmName], [FilmReleaseDate], [FilmDirectorID], [FilmLanguageID], [FilmCountryID], [FilmStudioID], [FilmSynopsis], [FilmRunTimeMinutes], [FilmCertificateID], [FilmBudgetDollars], [FilmBoxOfficeDollars], [FilmOscarNominations], [FilmOscarWins]) VALUES (148, N'Patriot Games', CAST(0x0000844E00000000 AS DateTime), 73, 1, 241, 2, N'When CIA Analyst Jack Ryan interferes with an IRA assassination, a renegade faction targets him and his family for revenge.', 117, 5, 45000000, 178100000, 0, 0)
INSERT [dbo].[tblFilm] ([FilmID], [FilmName], [FilmReleaseDate], [FilmDirectorID], [FilmLanguageID], [FilmCountryID], [FilmStudioID], [FilmSynopsis], [FilmRunTimeMinutes], [FilmCertificateID], [FilmBudgetDollars], [FilmBoxOfficeDollars], [FilmOscarNominations], [FilmOscarWins]) VALUES (149, N'The Fugitive', CAST(0x000085BA00000000 AS DateTime), 83, 1, 241, 6, N'Dr. Richard Kimble, unjustly accused of killing his wife, must find the real one-armed killer while avoiding Marshal Sam Gerard.', 130, 3, 44000000, 368900000, 7, 1)
INSERT [dbo].[tblFilm] ([FilmID], [FilmName], [FilmReleaseDate], [FilmDirectorID], [FilmLanguageID], [FilmCountryID], [FilmStudioID], [FilmSynopsis], [FilmRunTimeMinutes], [FilmCertificateID], [FilmBudgetDollars], [FilmBoxOfficeDollars], [FilmOscarNominations], [FilmOscarWins]) VALUES (150, N'The Prestige', CAST(0x0000987500000000 AS DateTime), 27, 1, 241, 7, N'Robert and Alfred are rival magicians. When Alfred performs the ultimate magic trick, Robert tries desperately to find out the secret to the trick.', 130, 4, 40000000, 107896006, 2, 0)
INSERT [dbo].[tblFilm] ([FilmID], [FilmName], [FilmReleaseDate], [FilmDirectorID], [FilmLanguageID], [FilmCountryID], [FilmStudioID], [FilmSynopsis], [FilmRunTimeMinutes], [FilmCertificateID], [FilmBudgetDollars], [FilmBoxOfficeDollars], [FilmOscarNominations], [FilmOscarWins]) VALUES (151, N'The Last of the Mohicans', CAST(0x0000847800000000 AS DateTime), 34, 1, 241, 21, N'Three trappers protect a British Colonel''s daughters in the midst of the French and Indian War.', 112, 3, 40000000, NULL, 1, 1)
INSERT [dbo].[tblFilm] ([FilmID], [FilmName], [FilmReleaseDate], [FilmDirectorID], [FilmLanguageID], [FilmCountryID], [FilmStudioID], [FilmSynopsis], [FilmRunTimeMinutes], [FilmCertificateID], [FilmBudgetDollars], [FilmBoxOfficeDollars], [FilmOscarNominations], [FilmOscarWins]) VALUES (152, N'Apocalypto', CAST(0x000098AD00000000 AS DateTime), 65, 8, 241, 7, N'As the Mayan kingdom faces its decline, the rulers insist the key to prosperity is to build more temples and offer human sacrifices. Jaguar Paw, a young man captured for sacrifice, flees to avoid his fate.', 139, 6, 40000000, 117784857, 3, 0)
INSERT [dbo].[tblFilm] ([FilmID], [FilmName], [FilmReleaseDate], [FilmDirectorID], [FilmLanguageID], [FilmCountryID], [FilmStudioID], [FilmSynopsis], [FilmRunTimeMinutes], [FilmCertificateID], [FilmBudgetDollars], [FilmBoxOfficeDollars], [FilmOscarNominations], [FilmOscarWins]) VALUES (153, N'Wedding Crashers', CAST(0x0000969100000000 AS DateTime), 81, 1, 241, 14, N'John Beckwith and Jeremy Grey, a pair of committed womanizers who sneak into weddings to take advantage of the romantic tinge in the air, find themselves at odds with one another when John meets and falls for Claire Cleary.', 119, 5, 40000000, 283218368, 0, 0)
INSERT [dbo].[tblFilm] ([FilmID], [FilmName], [FilmReleaseDate], [FilmDirectorID], [FilmLanguageID], [FilmCountryID], [FilmStudioID], [FilmSynopsis], [FilmRunTimeMinutes], [FilmCertificateID], [FilmBudgetDollars], [FilmBoxOfficeDollars], [FilmOscarNominations], [FilmOscarWins]) VALUES (154, N'Back to the Future Part III', CAST(0x0000812700000000 AS DateTime), 20, 1, 241, 1, N'Doctor Emmet Brown was living in peace in 1885 until he was killed by Buford "Mad Dog" Tannen. Marty McFly travels back in time to save his friend.', 118, 2, 40000000, 243700000, 0, 0)
INSERT [dbo].[tblFilm] ([FilmID], [FilmName], [FilmReleaseDate], [FilmDirectorID], [FilmLanguageID], [FilmCountryID], [FilmStudioID], [FilmSynopsis], [FilmRunTimeMinutes], [FilmCertificateID], [FilmBudgetDollars], [FilmBoxOfficeDollars], [FilmOscarNominations], [FilmOscarWins]) VALUES (155, N'Back to the Future Part II', CAST(0x0000804200000000 AS DateTime), 20, 1, 241, 1, N'After visiting 2015, Marty must repeat his visit to 1955 to prevent disastrous changes to 1985... without interfering with his first trip.', 108, 2, 40000000, 332000000, 1, 0)
INSERT [dbo].[tblFilm] ([FilmID], [FilmName], [FilmReleaseDate], [FilmDirectorID], [FilmLanguageID], [FilmCountryID], [FilmStudioID], [FilmSynopsis], [FilmRunTimeMinutes], [FilmCertificateID], [FilmBudgetDollars], [FilmBoxOfficeDollars], [FilmOscarNominations], [FilmOscarWins]) VALUES (156, N'Licence to Kill', CAST(0x00007FBD00000000 AS DateTime), 84, 1, 240, 22, N'James Bond leaves Her Majesty''s Secret Service to stop an evil drug lord and avenge his best friend, Felix Leiter.', 133, 7, 42000000, 156167015, 0, 0)
INSERT [dbo].[tblFilm] ([FilmID], [FilmName], [FilmReleaseDate], [FilmDirectorID], [FilmLanguageID], [FilmCountryID], [FilmStudioID], [FilmSynopsis], [FilmRunTimeMinutes], [FilmCertificateID], [FilmBudgetDollars], [FilmBoxOfficeDollars], [FilmOscarNominations], [FilmOscarWins]) VALUES (157, N'The Living Daylights', CAST(0x00007CD400000000 AS DateTime), 84, 1, 240, 22, N'James Bond is living on the edge to stop an evil arms dealer from starting another world war. Bond crosses all seven continents in order to stop the evil Whitaker and General Koskov.', 130, 7, 40000000, 191200000, 0, 0)
INSERT [dbo].[tblFilm] ([FilmID], [FilmName], [FilmReleaseDate], [FilmDirectorID], [FilmLanguageID], [FilmCountryID], [FilmStudioID], [FilmSynopsis], [FilmRunTimeMinutes], [FilmCertificateID], [FilmBudgetDollars], [FilmBoxOfficeDollars], [FilmOscarNominations], [FilmOscarWins]) VALUES (158, N'Sin City', CAST(0x0000966800000000 AS DateTime), 85, 1, 241, 23, N'A film that explores the dark and miserable town Basin City and tells the story of three different people, all caught up in the violent corruption of the city.', 124, 7, 40000000, 159098862, 0, 0)
INSERT [dbo].[tblFilm] ([FilmID], [FilmName], [FilmReleaseDate], [FilmDirectorID], [FilmLanguageID], [FilmCountryID], [FilmStudioID], [FilmSynopsis], [FilmRunTimeMinutes], [FilmCertificateID], [FilmBudgetDollars], [FilmBoxOfficeDollars], [FilmOscarNominations], [FilmOscarWins]) VALUES (159, N'Serenity', CAST(0x000096E600000000 AS DateTime), 86, 1, 241, 1, N'In the future, when a passenger with a deadly secret. Six rebels on the run. An assassin in pursuit.', 119, 7, 39000000, 38514517, 0, 0)
INSERT [dbo].[tblFilm] ([FilmID], [FilmName], [FilmReleaseDate], [FilmDirectorID], [FilmLanguageID], [FilmCountryID], [FilmStudioID], [FilmSynopsis], [FilmRunTimeMinutes], [FilmCertificateID], [FilmBudgetDollars], [FilmBoxOfficeDollars], [FilmOscarNominations], [FilmOscarWins]) VALUES (160, N'Star Trek: Generations', CAST(0x0000875E00000000 AS DateTime), 87, 1, 241, 2, N'Capt. Picard, with the help of supposedly dead Capt. Kirk, must stop a madman willing to murder on a planetary scale in order to enter a space matrix.', 118, 2, 38000000, 120000000, 0, 0)
INSERT [dbo].[tblFilm] ([FilmID], [FilmName], [FilmReleaseDate], [FilmDirectorID], [FilmLanguageID], [FilmCountryID], [FilmStudioID], [FilmSynopsis], [FilmRunTimeMinutes], [FilmCertificateID], [FilmBudgetDollars], [FilmBoxOfficeDollars], [FilmOscarNominations], [FilmOscarWins]) VALUES (161, N'Never Say Never Again', CAST(0x000077C700000000 AS DateTime), 88, 1, 241, 6, N'A SPECTRE agent has stolen two American nuclear warheads, and James Bond must find their targets before they are detonated.', 134, 7, 36000000, 160000000, 0, 0)
INSERT [dbo].[tblFilm] ([FilmID], [FilmName], [FilmReleaseDate], [FilmDirectorID], [FilmLanguageID], [FilmCountryID], [FilmStudioID], [FilmSynopsis], [FilmRunTimeMinutes], [FilmCertificateID], [FilmBudgetDollars], [FilmBoxOfficeDollars], [FilmOscarNominations], [FilmOscarWins]) VALUES (162, N'Star Trek: The Motion Picture', CAST(0x0000721700000000 AS DateTime), 89, 1, 241, 2, N'When a destructive space entity is spotted approaching Earth, Admiral Kirk resumes command of the Starship Enterprise in order to intercept, examine, and hopefully stop it.', 132, 1, 35000000, 139000000, 3, 0)
INSERT [dbo].[tblFilm] ([FilmID], [FilmName], [FilmReleaseDate], [FilmDirectorID], [FilmLanguageID], [FilmCountryID], [FilmStudioID], [FilmSynopsis], [FilmRunTimeMinutes], [FilmCertificateID], [FilmBudgetDollars], [FilmBoxOfficeDollars], [FilmOscarNominations], [FilmOscarWins]) VALUES (163, N'Rush Hour', CAST(0x00008D2300000000 AS DateTime), 57, 1, 241, 14, N'Two cops team up to get back a kidnapped daughter.', 97, 7, 35000000, 245300000, 0, 0)
INSERT [dbo].[tblFilm] ([FilmID], [FilmName], [FilmReleaseDate], [FilmDirectorID], [FilmLanguageID], [FilmCountryID], [FilmStudioID], [FilmSynopsis], [FilmRunTimeMinutes], [FilmCertificateID], [FilmBudgetDollars], [FilmBoxOfficeDollars], [FilmOscarNominations], [FilmOscarWins]) VALUES (164, N'Lethal Weapon 3', CAST(0x0000842400000000 AS DateTime), 30, 1, 241, 6, N'Martin Riggs finally meets his match in the form of Lorna Cole, a beautiful but tough policewoman.', 118, 7, 35000000, 319700000, 0, 0)
INSERT [dbo].[tblFilm] ([FilmID], [FilmName], [FilmReleaseDate], [FilmDirectorID], [FilmLanguageID], [FilmCountryID], [FilmStudioID], [FilmSynopsis], [FilmRunTimeMinutes], [FilmCertificateID], [FilmBudgetDollars], [FilmBoxOfficeDollars], [FilmOscarNominations], [FilmOscarWins]) VALUES (165, N'Star Wars: Episode IV - Return of the Jedi', CAST(0x000076FB00000000 AS DateTime), 90, 1, 241, 13, N'After rescuing Han Solo from the palace of Jabba the Hutt, the Rebels attempt to destroy the Second Death Star, while Luke Skywalker tries to bring his father back to the Light Side of the Force.', 134, 7, 32500000, 572700000, 4, 0)
INSERT [dbo].[tblFilm] ([FilmID], [FilmName], [FilmReleaseDate], [FilmDirectorID], [FilmLanguageID], [FilmCountryID], [FilmStudioID], [FilmSynopsis], [FilmRunTimeMinutes], [FilmCertificateID], [FilmBudgetDollars], [FilmBoxOfficeDollars], [FilmOscarNominations], [FilmOscarWins]) VALUES (166, N'A History of Violence', CAST(0x000096DF00000000 AS DateTime), 91, 1, 241, 14, N'A mild-mannered man becomes a local hero through an act of violence, which sets off repercussions that will shake his family to its very core.', 96, 7, 32000000, 59993782, 2, 0)
INSERT [dbo].[tblFilm] ([FilmID], [FilmName], [FilmReleaseDate], [FilmDirectorID], [FilmLanguageID], [FilmCountryID], [FilmStudioID], [FilmSynopsis], [FilmRunTimeMinutes], [FilmCertificateID], [FilmBudgetDollars], [FilmBoxOfficeDollars], [FilmOscarNominations], [FilmOscarWins]) VALUES (167, N'Moonraker', CAST(0x0000716900000000 AS DateTime), 92, 1, 240, 22, N'James Bond investigates the mid-air theft of a space shuttle and discovers a plot to commit global genocide.', 126, 7, 31000000, 210300000, 1, 0)
INSERT [dbo].[tblFilm] ([FilmID], [FilmName], [FilmReleaseDate], [FilmDirectorID], [FilmLanguageID], [FilmCountryID], [FilmStudioID], [FilmSynopsis], [FilmRunTimeMinutes], [FilmCertificateID], [FilmBudgetDollars], [FilmBoxOfficeDollars], [FilmOscarNominations], [FilmOscarWins]) VALUES (168, N'Get Shorty', CAST(0x0000894100000000 AS DateTime), 31, 1, 241, 11, N'A mobster travels to Hollywood to collect a debt and discovers that the movie business is much the same as his current job.', 105, 7, 30250000, 115021008, 0, 0)
INSERT [dbo].[tblFilm] ([FilmID], [FilmName], [FilmReleaseDate], [FilmDirectorID], [FilmLanguageID], [FilmCountryID], [FilmStudioID], [FilmSynopsis], [FilmRunTimeMinutes], [FilmCertificateID], [FilmBudgetDollars], [FilmBoxOfficeDollars], [FilmOscarNominations], [FilmOscarWins]) VALUES (169, N'The Assassination of Jesse James by the Coward Robert Ford', CAST(0x000099F600000000 AS DateTime), 93, 1, 241, 6, N'Robert Ford, who''s idolized Jesse James since childhood, tries hard to join the reforming gang of the Missouri outlaw, but gradually becomes resentful of the bandit leader.', 160, 7, 30000000, 11128555, 2, 0)
INSERT [dbo].[tblFilm] ([FilmID], [FilmName], [FilmReleaseDate], [FilmDirectorID], [FilmLanguageID], [FilmCountryID], [FilmStudioID], [FilmSynopsis], [FilmRunTimeMinutes], [FilmCertificateID], [FilmBudgetDollars], [FilmBoxOfficeDollars], [FilmOscarNominations], [FilmOscarWins]) VALUES (170, N'Million Dollar Baby', CAST(0x000095DC00000000 AS DateTime), 10, 1, 241, 6, N'A hardened trainer/manager works with a determined woman in her attempt to establish herself as a boxer.', 132, 7, 30000000, 216763646, 7, 4)
INSERT [dbo].[tblFilm] ([FilmID], [FilmName], [FilmReleaseDate], [FilmDirectorID], [FilmLanguageID], [FilmCountryID], [FilmStudioID], [FilmSynopsis], [FilmRunTimeMinutes], [FilmCertificateID], [FilmBudgetDollars], [FilmBoxOfficeDollars], [FilmOscarNominations], [FilmOscarWins]) VALUES (171, N'Se7en', CAST(0x000088FB00000000 AS DateTime), 70, 1, 241, 14, N'Police drama about two cops, one new and one about to retire, after a serial killer using the seven deadly sins as his MO.', 127, 7, 30000000, 328125643, 1, 0)
INSERT [dbo].[tblFilm] ([FilmID], [FilmName], [FilmReleaseDate], [FilmDirectorID], [FilmLanguageID], [FilmCountryID], [FilmStudioID], [FilmSynopsis], [FilmRunTimeMinutes], [FilmCertificateID], [FilmBudgetDollars], [FilmBoxOfficeDollars], [FilmOscarNominations], [FilmOscarWins]) VALUES (172, N'The Hunt For Red October', CAST(0x000080D500000000 AS DateTime), 58, 1, 241, 2, N'In 1984, the USSR''s best submarine captain in their newest sub violates orders and heads for the USA. Is he trying to defect, or to start a war?', 134, 7, 30000000, 200500000, 3, 1)
INSERT [dbo].[tblFilm] ([FilmID], [FilmName], [FilmReleaseDate], [FilmDirectorID], [FilmLanguageID], [FilmCountryID], [FilmStudioID], [FilmSynopsis], [FilmRunTimeMinutes], [FilmCertificateID], [FilmBudgetDollars], [FilmBoxOfficeDollars], [FilmOscarNominations], [FilmOscarWins]) VALUES (173, N'Ghost Busters', CAST(0x0000792D00000000 AS DateTime), 94, 1, 241, 5, N'Three unemployed parapsychology professors set up shop as a unique ghost removal service.', 105, 7, 30000000, 291632124, 0, 0)
INSERT [dbo].[tblFilm] ([FilmID], [FilmName], [FilmReleaseDate], [FilmDirectorID], [FilmLanguageID], [FilmCountryID], [FilmStudioID], [FilmSynopsis], [FilmRunTimeMinutes], [FilmCertificateID], [FilmBudgetDollars], [FilmBoxOfficeDollars], [FilmOscarNominations], [FilmOscarWins]) VALUES (174, N'Star Trek V: The Final Frontier', CAST(0x0000801F00000000 AS DateTime), 95, 1, 241, 2, N'Capt. Kirk and his crew must deal with Mr. Spock''s half brother who hijacks the Enterprise for an obsessive search for God.', 107, 7, 30000000, 70200000, 0, 0)
INSERT [dbo].[tblFilm] ([FilmID], [FilmName], [FilmReleaseDate], [FilmDirectorID], [FilmLanguageID], [FilmCountryID], [FilmStudioID], [FilmSynopsis], [FilmRunTimeMinutes], [FilmCertificateID], [FilmBudgetDollars], [FilmBoxOfficeDollars], [FilmOscarNominations], [FilmOscarWins]) VALUES (175, N'Indiana Jones and the Temple of Doom', CAST(0x0000787E00000000 AS DateTime), 4, 1, 241, 13, N'After arriving in India, Indiana Jones is asked by a desperate village to find a mystical stone. He agrees, and stumbles upon a secret cult plotting a terrible plan in the catacombs of an ancient palace.', 118, 7, 28000000, 333080271, 2, 1)
INSERT [dbo].[tblFilm] ([FilmID], [FilmName], [FilmReleaseDate], [FilmDirectorID], [FilmLanguageID], [FilmCountryID], [FilmStudioID], [FilmSynopsis], [FilmRunTimeMinutes], [FilmCertificateID], [FilmBudgetDollars], [FilmBoxOfficeDollars], [FilmOscarNominations], [FilmOscarWins]) VALUES (176, N'Blade Runner', CAST(0x000075F900000000 AS DateTime), 51, 1, 241, 6, N'Deckard, a blade runner, has to track down and terminate 4 replicants who hijacked a ship in space and have returned to earth seeking their maker.', 117, 7, 28000000, 33139618, 2, 0)
INSERT [dbo].[tblFilm] ([FilmID], [FilmName], [FilmReleaseDate], [FilmDirectorID], [FilmLanguageID], [FilmCountryID], [FilmStudioID], [FilmSynopsis], [FilmRunTimeMinutes], [FilmCertificateID], [FilmBudgetDollars], [FilmBoxOfficeDollars], [FilmOscarNominations], [FilmOscarWins]) VALUES (177, N'Die Hard', CAST(0x00007F1C00000000 AS DateTime), 58, 1, 241, 4, N'New York cop John McClane gives terrorists a dose of their own medicine as they hold hostages in an LA office building.', 131, 7, 28000000, 137350242, 4, 0)
INSERT [dbo].[tblFilm] ([FilmID], [FilmName], [FilmReleaseDate], [FilmDirectorID], [FilmLanguageID], [FilmCountryID], [FilmStudioID], [FilmSynopsis], [FilmRunTimeMinutes], [FilmCertificateID], [FilmBudgetDollars], [FilmBoxOfficeDollars], [FilmOscarNominations], [FilmOscarWins]) VALUES (178, N'For Your Eyes Only', CAST(0x0000744100000000 AS DateTime), 84, 1, 240, 22, N'Agent 007 is assigned to hunt for a lost British encryption device and prevent it from falling into enemy hands.', 127, 7, 28000000, 195300000, 1, 0)
INSERT [dbo].[tblFilm] ([FilmID], [FilmName], [FilmReleaseDate], [FilmDirectorID], [FilmLanguageID], [FilmCountryID], [FilmStudioID], [FilmSynopsis], [FilmRunTimeMinutes], [FilmCertificateID], [FilmBudgetDollars], [FilmBoxOfficeDollars], [FilmOscarNominations], [FilmOscarWins]) VALUES (179, N'Octopussy', CAST(0x0000770B00000000 AS DateTime), 84, 1, 241, 11, N'A fake Fabergé egg and a fellow agent''s death leads James Bond to uncovering an international jewel smuggling operation, headed by the mysterious Octopussy, being used to disguise a nuclear attack on NATO forces.', 131, 7, 27500000, 187500000, 0, 0)
INSERT [dbo].[tblFilm] ([FilmID], [FilmName], [FilmReleaseDate], [FilmDirectorID], [FilmLanguageID], [FilmCountryID], [FilmStudioID], [FilmSynopsis], [FilmRunTimeMinutes], [FilmCertificateID], [FilmBudgetDollars], [FilmBoxOfficeDollars], [FilmOscarNominations], [FilmOscarWins]) VALUES (180, N'Star Trek VI: The Undiscovered Country', CAST(0x0000836E00000000 AS DateTime), 96, 1, 241, 2, N'The crews of the Enterprise and the Excelsior must stop a plot to prevent a peace treaty between the Klingon Empire and the Federation.', 113, 2, 27000000, 96900000, 0, 0)
INSERT [dbo].[tblFilm] ([FilmID], [FilmName], [FilmReleaseDate], [FilmDirectorID], [FilmLanguageID], [FilmCountryID], [FilmStudioID], [FilmSynopsis], [FilmRunTimeMinutes], [FilmCertificateID], [FilmBudgetDollars], [FilmBoxOfficeDollars], [FilmOscarNominations], [FilmOscarWins]) VALUES (181, N'The Running Man', CAST(0x00007EB300000000 AS DateTime), 97, 1, 241, 24, N'A wrongly-convicted man must try to survive a public execution gauntlet staged as a TV game show.', 101, 7, 27000000, 38122000, 0, 0)
INSERT [dbo].[tblFilm] ([FilmID], [FilmName], [FilmReleaseDate], [FilmDirectorID], [FilmLanguageID], [FilmCountryID], [FilmStudioID], [FilmSynopsis], [FilmRunTimeMinutes], [FilmCertificateID], [FilmBudgetDollars], [FilmBoxOfficeDollars], [FilmOscarNominations], [FilmOscarWins]) VALUES (182, N'Open Range', CAST(0x000094AF00000000 AS DateTime), 98, 1, 241, 7, N'A former gunslinger is forced to take up arms again when he and his cattle crew are threatened by a corrupt lawman.', 139, 7, 26000000, 68293719, 0, 0)
INSERT [dbo].[tblFilm] ([FilmID], [FilmName], [FilmReleaseDate], [FilmDirectorID], [FilmLanguageID], [FilmCountryID], [FilmStudioID], [FilmSynopsis], [FilmRunTimeMinutes], [FilmCertificateID], [FilmBudgetDollars], [FilmBoxOfficeDollars], [FilmOscarNominations], [FilmOscarWins]) VALUES (183, N'Kindergarten Cop', CAST(0x000081F400000000 AS DateTime), 94, 1, 241, 1, N'A tough cop is given his most difficult assignment: masquerade as a a kindergarten teacher in order to find a drug dealer.', 111, 7, 26000000, 202000000, 0, 0)
INSERT [dbo].[tblFilm] ([FilmID], [FilmName], [FilmReleaseDate], [FilmDirectorID], [FilmLanguageID], [FilmCountryID], [FilmStudioID], [FilmSynopsis], [FilmRunTimeMinutes], [FilmCertificateID], [FilmBudgetDollars], [FilmBoxOfficeDollars], [FilmOscarNominations], [FilmOscarWins]) VALUES (184, N'O Brother, Where Art Thou?', CAST(0x00008FAE00000000 AS DateTime), 5, 1, 241, 7, N'Homer''s epic poem "The Odyssey", set in the deep south during the 1930''s. In it, three escaped convicts search for hidden treasure while a relentless lawman pursues them.', 107, 7, 26000000, 74506619, 2, 0)
INSERT [dbo].[tblFilm] ([FilmID], [FilmName], [FilmReleaseDate], [FilmDirectorID], [FilmLanguageID], [FilmCountryID], [FilmStudioID], [FilmSynopsis], [FilmRunTimeMinutes], [FilmCertificateID], [FilmBudgetDollars], [FilmBoxOfficeDollars], [FilmOscarNominations], [FilmOscarWins]) VALUES (185, N'Goodfellas', CAST(0x0000816D00000000 AS DateTime), 9, 1, 241, 6, N'Henry Hill and his friends work their way up through the mob hierarchy.', 145, 7, 25000000, 46743809, 6, 1)
INSERT [dbo].[tblFilm] ([FilmID], [FilmName], [FilmReleaseDate], [FilmDirectorID], [FilmLanguageID], [FilmCountryID], [FilmStudioID], [FilmSynopsis], [FilmRunTimeMinutes], [FilmCertificateID], [FilmBudgetDollars], [FilmBoxOfficeDollars], [FilmOscarNominations], [FilmOscarWins]) VALUES (186, N'The Passion of the Christ', CAST(0x000094B600000000 AS DateTime), 65, 7, 241, 25, N'A film detailing the final hours and crucifixion of Jesus Christ.', 127, 7, 25000000, 611899420, 3, 0)
INSERT [dbo].[tblFilm] ([FilmID], [FilmName], [FilmReleaseDate], [FilmDirectorID], [FilmLanguageID], [FilmCountryID], [FilmStudioID], [FilmSynopsis], [FilmRunTimeMinutes], [FilmCertificateID], [FilmBudgetDollars], [FilmBoxOfficeDollars], [FilmOscarNominations], [FilmOscarWins]) VALUES (187, N'The Untouchables', CAST(0x00007D2400000000 AS DateTime), 59, 1, 241, 2, N'Federal Agent Elliot Ness sets out to take out Al Capone; because of rampant corruption, he assembles a small, hand-picked team.', 119, 7, 25000000, 76270454, 4, 1)
INSERT [dbo].[tblFilm] ([FilmID], [FilmName], [FilmReleaseDate], [FilmDirectorID], [FilmLanguageID], [FilmCountryID], [FilmStudioID], [FilmSynopsis], [FilmRunTimeMinutes], [FilmCertificateID], [FilmBudgetDollars], [FilmBoxOfficeDollars], [FilmOscarNominations], [FilmOscarWins]) VALUES (188, N'Schindler''s List', CAST(0x0000864D00000000 AS DateTime), 4, 1, 241, 1, N'Oskar Schindler uses Jews to start a factory in Poland during the war. He witnesses the horrors endured by the Jews, and starts to save them.', 195, 7, 25000000, 321200000, 12, 7)
INSERT [dbo].[tblFilm] ([FilmID], [FilmName], [FilmReleaseDate], [FilmDirectorID], [FilmLanguageID], [FilmCountryID], [FilmStudioID], [FilmSynopsis], [FilmRunTimeMinutes], [FilmCertificateID], [FilmBudgetDollars], [FilmBoxOfficeDollars], [FilmOscarNominations], [FilmOscarWins]) VALUES (189, N'Anchorman: The Legend of Ron Burgundy', CAST(0x0000955E00000000 AS DateTime), 63, 1, 241, 8, N'Ron Burgundy is San Diego''s top rated newsman in the male dominated broadcasting of the 1970''s, but that''s all about to change when a new female employee with ambition to burn arrives in his office.', 94, 7, 25000000, 89366354, 0, 0)
INSERT [dbo].[tblFilm] ([FilmID], [FilmName], [FilmReleaseDate], [FilmDirectorID], [FilmLanguageID], [FilmCountryID], [FilmStudioID], [FilmSynopsis], [FilmRunTimeMinutes], [FilmCertificateID], [FilmBudgetDollars], [FilmBoxOfficeDollars], [FilmOscarNominations], [FilmOscarWins]) VALUES (190, N'Scarface', CAST(0x000077C100000000 AS DateTime), 59, 1, 241, 1, N'In 1980 Miami, a determined Cuban immigrant takes over a drug empire while succumbing to greed.', 170, 7, 25000000, 44942821, 0, 0)
INSERT [dbo].[tblFilm] ([FilmID], [FilmName], [FilmReleaseDate], [FilmDirectorID], [FilmLanguageID], [FilmCountryID], [FilmStudioID], [FilmSynopsis], [FilmRunTimeMinutes], [FilmCertificateID], [FilmBudgetDollars], [FilmBoxOfficeDollars], [FilmOscarNominations], [FilmOscarWins]) VALUES (191, N'Star Trek IV: The Voyage Home', CAST(0x00007C8300000000 AS DateTime), 99, 1, 241, 2, N'To save Earth from an alien probe, Kirk and his crew go back in time to retrieve the only beings who can communicate with it, humpback whales.', 119, 2, 24000000, 133000000, 0, 0)
INSERT [dbo].[tblFilm] ([FilmID], [FilmName], [FilmReleaseDate], [FilmDirectorID], [FilmLanguageID], [FilmCountryID], [FilmStudioID], [FilmSynopsis], [FilmRunTimeMinutes], [FilmCertificateID], [FilmBudgetDollars], [FilmBoxOfficeDollars], [FilmOscarNominations], [FilmOscarWins]) VALUES (192, N'King Kong', CAST(0x00006DCD00000000 AS DateTime), 100, 1, 241, 2, N'A petroleum exploration expedition comes to an isolated island and encounters a colossal giant gorilla.', 134, 7, 23000000, 80014445, 2, 0)
INSERT [dbo].[tblFilm] ([FilmID], [FilmName], [FilmReleaseDate], [FilmDirectorID], [FilmLanguageID], [FilmCountryID], [FilmStudioID], [FilmSynopsis], [FilmRunTimeMinutes], [FilmCertificateID], [FilmBudgetDollars], [FilmBoxOfficeDollars], [FilmOscarNominations], [FilmOscarWins]) VALUES (193, N'Star Wars: Episode V - The Empire Strikes Back', CAST(0x000072B000000000 AS DateTime), 88, 1, 241, 13, N'While Luke takes advanced Jedi training from Yoda, his friends are relentlessly pursued by Darth Vader as part of his plan to capture Luke.', 124, 7, 23000000, 534200000, 3, 1)
INSERT [dbo].[tblFilm] ([FilmID], [FilmName], [FilmReleaseDate], [FilmDirectorID], [FilmLanguageID], [FilmCountryID], [FilmStudioID], [FilmSynopsis], [FilmRunTimeMinutes], [FilmCertificateID], [FilmBudgetDollars], [FilmBoxOfficeDollars], [FilmOscarNominations], [FilmOscarWins]) VALUES (194, N'Gandhi', CAST(0x0000765300000000 AS DateTime), 101, 1, 240, 26, N'Biography of Mahatma Gandhi, the lawyer who became the famed leader of the Indian revolts against the British through his philosophy of non-violent protest.', 188, 7, 22000000, 52767889, 11, 8)
INSERT [dbo].[tblFilm] ([FilmID], [FilmName], [FilmReleaseDate], [FilmDirectorID], [FilmLanguageID], [FilmCountryID], [FilmStudioID], [FilmSynopsis], [FilmRunTimeMinutes], [FilmCertificateID], [FilmBudgetDollars], [FilmBoxOfficeDollars], [FilmOscarNominations], [FilmOscarWins]) VALUES (195, N'Equilibrium', CAST(0x0000933C00000000 AS DateTime), 102, 1, 241, 23, N'In a Fascist future where all forms of feeling are illegal, a man in charge of enforcing the law rises to overthrow the system.', 107, 7, 20000000, 5345869, 0, 0)
INSERT [dbo].[tblFilm] ([FilmID], [FilmName], [FilmReleaseDate], [FilmDirectorID], [FilmLanguageID], [FilmCountryID], [FilmStudioID], [FilmSynopsis], [FilmRunTimeMinutes], [FilmCertificateID], [FilmBudgetDollars], [FilmBoxOfficeDollars], [FilmOscarNominations], [FilmOscarWins]) VALUES (196, N'From Dusk Till Dawn', CAST(0x0000898E00000000 AS DateTime), 103, 1, 241, 23, N'Two criminals and their hostages unknowingly seek temporary refuge in an establishment populated by vampires, with chaotic results.', 108, 7, 20000000, 25728961, 0, 0)
INSERT [dbo].[tblFilm] ([FilmID], [FilmName], [FilmReleaseDate], [FilmDirectorID], [FilmLanguageID], [FilmCountryID], [FilmStudioID], [FilmSynopsis], [FilmRunTimeMinutes], [FilmCertificateID], [FilmBudgetDollars], [FilmBoxOfficeDollars], [FilmOscarNominations], [FilmOscarWins]) VALUES (197, N'Raiders of the Lost Ark', CAST(0x0000746300000000 AS DateTime), 4, 1, 241, 13, N'Archeologist and adventurer Indiana Jones is hired by the US government to find the Ark of the Covenant, before the Nazis.', 115, 7, 20000000, 386800358, 8, 4)
INSERT [dbo].[tblFilm] ([FilmID], [FilmName], [FilmReleaseDate], [FilmDirectorID], [FilmLanguageID], [FilmCountryID], [FilmStudioID], [FilmSynopsis], [FilmRunTimeMinutes], [FilmCertificateID], [FilmBudgetDollars], [FilmBoxOfficeDollars], [FilmOscarNominations], [FilmOscarWins]) VALUES (199, N'Back to the Future', CAST(0x00007A9700000000 AS DateTime), 20, 1, 241, 1, N'In 1985, Doc Brown invented time travel, in 1955, Marty McFly accidentally prevented his parents from meeting, putting his own existence at stake.', 117, 7, 19000000, 381109762, 4, 1)
INSERT [dbo].[tblFilm] ([FilmID], [FilmName], [FilmReleaseDate], [FilmDirectorID], [FilmLanguageID], [FilmCountryID], [FilmStudioID], [FilmSynopsis], [FilmRunTimeMinutes], [FilmCertificateID], [FilmBudgetDollars], [FilmBoxOfficeDollars], [FilmOscarNominations], [FilmOscarWins]) VALUES (200, N'Dances With Wolves', CAST(0x000081FB00000000 AS DateTime), 98, 1, 241, 27, N'Lt. John Dunbar, exiled to a remote western Civil War outpost, befriends wolves and Indians, making him an intolerable aberration in the military.', 180, 7, 19000000, 424200000, 12, 7)
INSERT [dbo].[tblFilm] ([FilmID], [FilmName], [FilmReleaseDate], [FilmDirectorID], [FilmLanguageID], [FilmCountryID], [FilmStudioID], [FilmSynopsis], [FilmRunTimeMinutes], [FilmCertificateID], [FilmBudgetDollars], [FilmBoxOfficeDollars], [FilmOscarNominations], [FilmOscarWins]) VALUES (201, N'Star Trek III: The Search For Spock', CAST(0x000078A800000000 AS DateTime), 99, 1, 241, 2, N'Admiral Kirk and his bridge crew risk their careers stealing the decommissioned Enterprise to return to the restricted Genesis planet to recover Spock''s body.', 105, 2, 18000000, 87000000, 0, 0)
INSERT [dbo].[tblFilm] ([FilmID], [FilmName], [FilmReleaseDate], [FilmDirectorID], [FilmLanguageID], [FilmCountryID], [FilmStudioID], [FilmSynopsis], [FilmRunTimeMinutes], [FilmCertificateID], [FilmBudgetDollars], [FilmBoxOfficeDollars], [FilmOscarNominations], [FilmOscarWins]) VALUES (202, N'Borat: Cultural Learnings of America for Make Benefit Glorious Nation of Kazakhstan', CAST(0x0000986D00000000 AS DateTime), 104, 1, 241, 28, N'Kazakh TV talking head Borat is dispatched to the United States to report on the greatest country in the world. With a documentary crew in tow, Borat becomes more interested in locating and marrying Pamela Anderson.', 84, 7, 18000000, 261509089, 1, 0)
INSERT [dbo].[tblFilm] ([FilmID], [FilmName], [FilmReleaseDate], [FilmDirectorID], [FilmLanguageID], [FilmCountryID], [FilmStudioID], [FilmSynopsis], [FilmRunTimeMinutes], [FilmCertificateID], [FilmBudgetDollars], [FilmBoxOfficeDollars], [FilmOscarNominations], [FilmOscarWins]) VALUES (203, N'Raging Bull', CAST(0x000073F400000000 AS DateTime), 9, 1, 241, 22, N'An emotionally self-destructive boxer''s journey through life, as the violence and temper that leads him to the top in the ring, destroys his life outside it.', 129, 7, 18000000, 23380203, 8, 2)
INSERT [dbo].[tblFilm] ([FilmID], [FilmName], [FilmReleaseDate], [FilmDirectorID], [FilmLanguageID], [FilmCountryID], [FilmStudioID], [FilmSynopsis], [FilmRunTimeMinutes], [FilmCertificateID], [FilmBudgetDollars], [FilmBoxOfficeDollars], [FilmOscarNominations], [FilmOscarWins]) VALUES (204, N'Aliens', CAST(0x00007BA300000000 AS DateTime), 15, 1, 241, 4, N'The planet from Alien (1979) has been colonized, but contact is lost. This time, the rescue team has impressive firepower, enough?', 137, 7, 17000000, 183316455, 7, 2)
GO
print 'Processed 200 total records'
INSERT [dbo].[tblFilm] ([FilmID], [FilmName], [FilmReleaseDate], [FilmDirectorID], [FilmLanguageID], [FilmCountryID], [FilmStudioID], [FilmSynopsis], [FilmRunTimeMinutes], [FilmCertificateID], [FilmBudgetDollars], [FilmBoxOfficeDollars], [FilmOscarNominations], [FilmOscarWins]) VALUES (205, N'Hero', CAST(0x0000956C00000000 AS DateTime), 105, 5, 48, 29, N'A series of Rashomon-like flashback accounts shape the story of how one man defeated three assassins who sought to murder the most powerful warlord in pre-unified China.', 99, 7, 17000000, 177352140, 1, 0)
INSERT [dbo].[tblFilm] ([FilmID], [FilmName], [FilmReleaseDate], [FilmDirectorID], [FilmLanguageID], [FilmCountryID], [FilmStudioID], [FilmSynopsis], [FilmRunTimeMinutes], [FilmCertificateID], [FilmBudgetDollars], [FilmBoxOfficeDollars], [FilmOscarNominations], [FilmOscarWins]) VALUES (206, N'Hot Fuzz', CAST(0x000098D500000000 AS DateTime), 106, 1, 240, 30, N'Jealous colleagues conspire to get a top London cop transferred to a small town and paired with a witless new partner. On the beat, the pair stumble upon a series of suspicious accidents and events.', 121, 7, 16000000, 79192988, 0, 0)
INSERT [dbo].[tblFilm] ([FilmID], [FilmName], [FilmReleaseDate], [FilmDirectorID], [FilmLanguageID], [FilmCountryID], [FilmStudioID], [FilmSynopsis], [FilmRunTimeMinutes], [FilmCertificateID], [FilmBudgetDollars], [FilmBoxOfficeDollars], [FilmOscarNominations], [FilmOscarWins]) VALUES (207, N'Leon', CAST(0x000087AB00000000 AS DateTime), 56, 1, 79, 18, N'Professional assassin Leon reluctantly takes care of 12-year-old Mathilda, a neighbor whose parents are killed, and teaches her his trade.', 110, 7, 16000000, 45284974, 0, 0)
INSERT [dbo].[tblFilm] ([FilmID], [FilmName], [FilmReleaseDate], [FilmDirectorID], [FilmLanguageID], [FilmCountryID], [FilmStudioID], [FilmSynopsis], [FilmRunTimeMinutes], [FilmCertificateID], [FilmBudgetDollars], [FilmBoxOfficeDollars], [FilmOscarNominations], [FilmOscarWins]) VALUES (208, N'High Plains Drifter', CAST(0x0000691000000000 AS DateTime), 10, 1, 241, 31, N'A gunfighting stranger comes to the small settlement of Lago and is hired to bring the townsfolk together in an attempt to hold off three outlaws who are on their way.', 105, 7, 15700000, 15700000, 0, 0)
INSERT [dbo].[tblFilm] ([FilmID], [FilmName], [FilmReleaseDate], [FilmDirectorID], [FilmLanguageID], [FilmCountryID], [FilmStudioID], [FilmSynopsis], [FilmRunTimeMinutes], [FilmCertificateID], [FilmBudgetDollars], [FilmBoxOfficeDollars], [FilmOscarNominations], [FilmOscarWins]) VALUES (209, N'Collateral', CAST(0x0000956500000000 AS DateTime), 34, 1, 241, 2, N'A cab driver finds himself the hostage of an engaging contract killer as he makes his rounds from hit to hit during one night in LA. He must find a way to save both himself and one last victim.', 120, 7, 60000000, 217670152, 2, 0)
INSERT [dbo].[tblFilm] ([FilmID], [FilmName], [FilmReleaseDate], [FilmDirectorID], [FilmLanguageID], [FilmCountryID], [FilmStudioID], [FilmSynopsis], [FilmRunTimeMinutes], [FilmCertificateID], [FilmBudgetDollars], [FilmBoxOfficeDollars], [FilmOscarNominations], [FilmOscarWins]) VALUES (210, N'American Beauty', CAST(0x00008ECE00000000 AS DateTime), 61, 1, 241, 8, N'Lester Burnham, a depressed suburban father in a mid-life crisis, decides to turn his hectic life around after developing an infatuation for his daughter''s attractive friend.', 122, 7, 15000000, 356258047, 8, 5)
INSERT [dbo].[tblFilm] ([FilmID], [FilmName], [FilmReleaseDate], [FilmDirectorID], [FilmLanguageID], [FilmCountryID], [FilmStudioID], [FilmSynopsis], [FilmRunTimeMinutes], [FilmCertificateID], [FilmBudgetDollars], [FilmBoxOfficeDollars], [FilmOscarNominations], [FilmOscarWins]) VALUES (211, N'Lethal Weapon', CAST(0x00007D0F00000000 AS DateTime), 30, 1, 241, 6, N'A veteran cop, Murtough, is partnered with a young homicidal cop, Riggs. Both having one thing in common, hating working in pairs. Now they must learn to work with one and other to stop a gang of drug smugglers.', 110, 7, 15000000, 120192350, 1, 0)
INSERT [dbo].[tblFilm] ([FilmID], [FilmName], [FilmReleaseDate], [FilmDirectorID], [FilmLanguageID], [FilmCountryID], [FilmStudioID], [FilmSynopsis], [FilmRunTimeMinutes], [FilmCertificateID], [FilmBudgetDollars], [FilmBoxOfficeDollars], [FilmOscarNominations], [FilmOscarWins]) VALUES (212, N'Lethal Weapon 2', CAST(0x00007FFC00000000 AS DateTime), 30, 1, 241, 6, N'Riggs and Murtaugh are on the trail of South African diplomats who are using their immunity to engage in criminal activities.', 114, 7, 25000000, 140292000, 0, 0)
INSERT [dbo].[tblFilm] ([FilmID], [FilmName], [FilmReleaseDate], [FilmDirectorID], [FilmLanguageID], [FilmCountryID], [FilmStudioID], [FilmSynopsis], [FilmRunTimeMinutes], [FilmCertificateID], [FilmBudgetDollars], [FilmBoxOfficeDollars], [FilmOscarNominations], [FilmOscarWins]) VALUES (213, N'Crouching Tiger, Hidden Dragon', CAST(0x0000901E00000000 AS DateTime), 8, 5, 48, 5, N'Two warriors in pursuit of a stolen sword and a notorious fugitive are led to an impetuous, physically-skilled, teenage nobleman''s daughter, who is at a crossroads in her life.', 120, 7, 15000000, 213200000, 10, 4)
INSERT [dbo].[tblFilm] ([FilmID], [FilmName], [FilmReleaseDate], [FilmDirectorID], [FilmLanguageID], [FilmCountryID], [FilmStudioID], [FilmSynopsis], [FilmRunTimeMinutes], [FilmCertificateID], [FilmBudgetDollars], [FilmBoxOfficeDollars], [FilmOscarNominations], [FilmOscarWins]) VALUES (214, N'Brokeback Mountain', CAST(0x0000974800000000 AS DateTime), 8, 1, 241, 2, N'Based on the ''E. Annie Proulx'' story about a forbidden and secretive relationship between two cowboys and their lives over the years.', 134, 7, 13900000, 180343761, 8, 3)
INSERT [dbo].[tblFilm] ([FilmID], [FilmName], [FilmReleaseDate], [FilmDirectorID], [FilmLanguageID], [FilmCountryID], [FilmStudioID], [FilmSynopsis], [FilmRunTimeMinutes], [FilmCertificateID], [FilmBudgetDollars], [FilmBoxOfficeDollars], [FilmOscarNominations], [FilmOscarWins]) VALUES (215, N'Hulk', CAST(0x000093BA00000000 AS DateTime), 8, 1, 241, 1, N'A geneticist''s experimental accident curses him with the tendency to become a powerful giant green brute under emotional stress.', 138, 7, 137000000, 245160047, 0, 0)
INSERT [dbo].[tblFilm] ([FilmID], [FilmName], [FilmReleaseDate], [FilmDirectorID], [FilmLanguageID], [FilmCountryID], [FilmStudioID], [FilmSynopsis], [FilmRunTimeMinutes], [FilmCertificateID], [FilmBudgetDollars], [FilmBoxOfficeDollars], [FilmOscarNominations], [FilmOscarWins]) VALUES (216, N'Sense and Sensibility', CAST(0x0000892C00000000 AS DateTime), 8, 1, 240, 5, N'Rich Mr. Dashwood dies, leaving his second wife and her daughters poor by the rules of inheritance. Two daughters are the titular opposites.', 136, 7, 16500000, 134993774, 7, 1)
INSERT [dbo].[tblFilm] ([FilmID], [FilmName], [FilmReleaseDate], [FilmDirectorID], [FilmLanguageID], [FilmCountryID], [FilmStudioID], [FilmSynopsis], [FilmRunTimeMinutes], [FilmCertificateID], [FilmBudgetDollars], [FilmBoxOfficeDollars], [FilmOscarNominations], [FilmOscarWins]) VALUES (217, N'Ride with the Devil', CAST(0x00008E7300000000 AS DateTime), 8, 1, 241, 1, N'Jake Roedel and Jack Bull Chiles are friends in Missouri when the Civil War starts.', 138, 7, 35000000, 630779, 0, 0)
INSERT [dbo].[tblFilm] ([FilmID], [FilmName], [FilmReleaseDate], [FilmDirectorID], [FilmLanguageID], [FilmCountryID], [FilmStudioID], [FilmSynopsis], [FilmRunTimeMinutes], [FilmCertificateID], [FilmBudgetDollars], [FilmBoxOfficeDollars], [FilmOscarNominations], [FilmOscarWins]) VALUES (218, N'Twins', CAST(0x00007F4600000000 AS DateTime), 94, 1, 241, 1, N'A physically perfect, but innocent, man goes in search of his twin brother, who is a short small-time crook.', 105, 7, 15000000, 216600000, 0, 0)
INSERT [dbo].[tblFilm] ([FilmID], [FilmName], [FilmReleaseDate], [FilmDirectorID], [FilmLanguageID], [FilmCountryID], [FilmStudioID], [FilmSynopsis], [FilmRunTimeMinutes], [FilmCertificateID], [FilmBudgetDollars], [FilmBoxOfficeDollars], [FilmOscarNominations], [FilmOscarWins]) VALUES (219, N'28 Days Later', CAST(0x000092B700000000 AS DateTime), 108, 1, 240, 32, N'Four weeks after a mysterious, incurable virus spreads throughout the UK, a handful of survivors try to find sanctuary.', 113, 7, 15000000, 82719885, 0, 0)
INSERT [dbo].[tblFilm] ([FilmID], [FilmName], [FilmReleaseDate], [FilmDirectorID], [FilmLanguageID], [FilmCountryID], [FilmStudioID], [FilmSynopsis], [FilmRunTimeMinutes], [FilmCertificateID], [FilmBudgetDollars], [FilmBoxOfficeDollars], [FilmOscarNominations], [FilmOscarWins]) VALUES (220, N'The Beach', CAST(0x00008ED500000000 AS DateTime), 108, 1, 240, 4, N'Twenty-something Richard travels to Thailand and finds himself in possession of a strange map. Rumours state that it leads to a solitary beach paradise, a tropical bliss - excited and intrigued, he sets out to find it.', 119, 7, 50000000, 39778599, 0, 0)
INSERT [dbo].[tblFilm] ([FilmID], [FilmName], [FilmReleaseDate], [FilmDirectorID], [FilmLanguageID], [FilmCountryID], [FilmStudioID], [FilmSynopsis], [FilmRunTimeMinutes], [FilmCertificateID], [FilmBudgetDollars], [FilmBoxOfficeDollars], [FilmOscarNominations], [FilmOscarWins]) VALUES (221, N'Trainspotting', CAST(0x0000892C00000000 AS DateTime), 108, 1, 240, 33, N'Renton, deeply immersed in the Edinburgh drug scene, tries to clean up and get out, despite the allure of the drugs and influence of friends.', 94, 7, 3100000, 24000785, 1, 0)
INSERT [dbo].[tblFilm] ([FilmID], [FilmName], [FilmReleaseDate], [FilmDirectorID], [FilmLanguageID], [FilmCountryID], [FilmStudioID], [FilmSynopsis], [FilmRunTimeMinutes], [FilmCertificateID], [FilmBudgetDollars], [FilmBoxOfficeDollars], [FilmOscarNominations], [FilmOscarWins]) VALUES (222, N'The Spy Who Loved Me', CAST(0x00006EB200000000 AS DateTime), 92, 1, 240, 22, N'James Bond investigates the hijacking of British and Russian submarines carrying nuclear warheads with the help of a KGB agent whose lover he killed.', 125, 7, 14000000, 185400000, 3, 0)
INSERT [dbo].[tblFilm] ([FilmID], [FilmName], [FilmReleaseDate], [FilmDirectorID], [FilmLanguageID], [FilmCountryID], [FilmStudioID], [FilmSynopsis], [FilmRunTimeMinutes], [FilmCertificateID], [FilmBudgetDollars], [FilmBoxOfficeDollars], [FilmOscarNominations], [FilmOscarWins]) VALUES (223, N'Downfall', CAST(0x0000962900000000 AS DateTime), 109, 4, 257, 34, N'Traudl Junge (Lara), the final secretary for Adolf Hitler (Ganz), tells of the Nazi dictator''s final days in his Berlin bunker at the end of WWII.', 156, 7, 13500000, 93501940, 1, 0)
INSERT [dbo].[tblFilm] ([FilmID], [FilmName], [FilmReleaseDate], [FilmDirectorID], [FilmLanguageID], [FilmCountryID], [FilmStudioID], [FilmSynopsis], [FilmRunTimeMinutes], [FilmCertificateID], [FilmBudgetDollars], [FilmBoxOfficeDollars], [FilmOscarNominations], [FilmOscarWins]) VALUES (224, N'Letters from Iwo Jima', CAST(0x000098DE00000000 AS DateTime), 10, 6, 241, 8, N'The story of the battle of Iwo Jima between the United States and Imperial Japan during World War II, as told from the perspective of the Japanese who fought it.', 141, 7, 13000000, 68356082, 4, 1)
INSERT [dbo].[tblFilm] ([FilmID], [FilmName], [FilmReleaseDate], [FilmDirectorID], [FilmLanguageID], [FilmCountryID], [FilmStudioID], [FilmSynopsis], [FilmRunTimeMinutes], [FilmCertificateID], [FilmBudgetDollars], [FilmBoxOfficeDollars], [FilmOscarNominations], [FilmOscarWins]) VALUES (225, N'Star Trek II: The Wrath of Khan', CAST(0x000075C200000000 AS DateTime), 96, 1, 241, 2, N'Admiral Kirk''s midlife crisis is interrupted by the return of an old enemy looking for revenge and a potentially destructive device.', 113, 3, 12000000, 96800000, 0, 0)
INSERT [dbo].[tblFilm] ([FilmID], [FilmName], [FilmReleaseDate], [FilmDirectorID], [FilmLanguageID], [FilmCountryID], [FilmStudioID], [FilmSynopsis], [FilmRunTimeMinutes], [FilmCertificateID], [FilmBudgetDollars], [FilmBoxOfficeDollars], [FilmOscarNominations], [FilmOscarWins]) VALUES (226, N'House of Flying Daggers', CAST(0x000095DC00000000 AS DateTime), 105, 5, 48, 29, N'A romantic warrior breaks a beautiful member of a rebel army out of prison to help her rejoin her fellows, but things are not what they seem.', 119, 7, 12000000, 93041228, 1, 0)
INSERT [dbo].[tblFilm] ([FilmID], [FilmName], [FilmReleaseDate], [FilmDirectorID], [FilmLanguageID], [FilmCountryID], [FilmStudioID], [FilmSynopsis], [FilmRunTimeMinutes], [FilmCertificateID], [FilmBudgetDollars], [FilmBoxOfficeDollars], [FilmOscarNominations], [FilmOscarWins]) VALUES (227, N'Das Boot', CAST(0x0000752600000000 AS DateTime), 25, 4, 257, NULL, N'The claustrophobic world of a WWII German U-boat; boredom, filth, and sheer terror.', 149, 7, 12000000, 84970337, 6, 0)
INSERT [dbo].[tblFilm] ([FilmID], [FilmName], [FilmReleaseDate], [FilmDirectorID], [FilmLanguageID], [FilmCountryID], [FilmStudioID], [FilmSynopsis], [FilmRunTimeMinutes], [FilmCertificateID], [FilmBudgetDollars], [FilmBoxOfficeDollars], [FilmOscarNominations], [FilmOscarWins]) VALUES (228, N'Casino Royale', CAST(0x0000600C00000000 AS DateTime), 110, 1, 240, 5, N'In an early spy spoof, aging Sir James Bond (David Niven) comes out of retirement to take on SMERSH.', 131, 7, 12000000, 41744718, 1, 0)
INSERT [dbo].[tblFilm] ([FilmID], [FilmName], [FilmReleaseDate], [FilmDirectorID], [FilmLanguageID], [FilmCountryID], [FilmStudioID], [FilmSynopsis], [FilmRunTimeMinutes], [FilmCertificateID], [FilmBudgetDollars], [FilmBoxOfficeDollars], [FilmOscarNominations], [FilmOscarWins]) VALUES (229, N'Star Wars: Episode IV - A New Hope', CAST(0x00006F4400000000 AS DateTime), 7, 1, 241, 13, N'Luke Skywalker leaves his home planet, teams up with other rebels, and tries to save Princess Leia from the evil clutches of Darth Vader.', 121, 7, 11000000, 797900000, 10, 6)
INSERT [dbo].[tblFilm] ([FilmID], [FilmName], [FilmReleaseDate], [FilmDirectorID], [FilmLanguageID], [FilmCountryID], [FilmStudioID], [FilmSynopsis], [FilmRunTimeMinutes], [FilmCertificateID], [FilmBudgetDollars], [FilmBoxOfficeDollars], [FilmOscarNominations], [FilmOscarWins]) VALUES (230, N'E.T.: The Extra-Terrestrial', CAST(0x0000765400000000 AS DateTime), 4, 1, 241, 1, N'A group of Earth children help a stranded alien botanist return home.', 115, 7, 10500000, 792910554, 9, 4)
INSERT [dbo].[tblFilm] ([FilmID], [FilmName], [FilmReleaseDate], [FilmDirectorID], [FilmLanguageID], [FilmCountryID], [FilmStudioID], [FilmSynopsis], [FilmRunTimeMinutes], [FilmCertificateID], [FilmBudgetDollars], [FilmBoxOfficeDollars], [FilmOscarNominations], [FilmOscarWins]) VALUES (231, N'Amelie', CAST(0x0000912F00000000 AS DateTime), 111, 3, 79, 16, N'Amelie, an innocent and naive girl in Paris, with her own sense of justice, decides to help those around her and along the way, discovers love.', 122, 7, 10350000, 152637129, 5, 0)
INSERT [dbo].[tblFilm] ([FilmID], [FilmName], [FilmReleaseDate], [FilmDirectorID], [FilmLanguageID], [FilmCountryID], [FilmStudioID], [FilmSynopsis], [FilmRunTimeMinutes], [FilmCertificateID], [FilmBudgetDollars], [FilmBoxOfficeDollars], [FilmOscarNominations], [FilmOscarWins]) VALUES (232, N'You Only Live Twice', CAST(0x0000603A00000000 AS DateTime), 92, 1, 241, 22, N'Agent 007 and the Japanese secret service ninja force must find and stop the true culprit of a series of spacejackings before nuclear war is provoked.', 117, 7, 9500000, 111600000, 0, 0)
INSERT [dbo].[tblFilm] ([FilmID], [FilmName], [FilmReleaseDate], [FilmDirectorID], [FilmLanguageID], [FilmCountryID], [FilmStudioID], [FilmSynopsis], [FilmRunTimeMinutes], [FilmCertificateID], [FilmBudgetDollars], [FilmBoxOfficeDollars], [FilmOscarNominations], [FilmOscarWins]) VALUES (233, N'Thunderball', CAST(0x00005E2700000000 AS DateTime), 112, 1, 240, 22, N'James Bond heads to The Bahamas to recover two nuclear warheads stolen by SPECTRE agent Emilio Largo in an international extortion scheme.', 130, 7, 9000000, 141200000, 1, 1)
INSERT [dbo].[tblFilm] ([FilmID], [FilmName], [FilmReleaseDate], [FilmDirectorID], [FilmLanguageID], [FilmCountryID], [FilmStudioID], [FilmSynopsis], [FilmRunTimeMinutes], [FilmCertificateID], [FilmBudgetDollars], [FilmBoxOfficeDollars], [FilmOscarNominations], [FilmOscarWins]) VALUES (234, N'Alien', CAST(0x000071AE00000000 AS DateTime), 51, 1, 241, 4, N'A mining ship, investigating a suspected SOS, lands on a distant planet. The crew discovers some strange creatures and investigates.', 117, 7, 9000000, 203630630, 2, 1)
INSERT [dbo].[tblFilm] ([FilmID], [FilmName], [FilmReleaseDate], [FilmDirectorID], [FilmLanguageID], [FilmCountryID], [FilmStudioID], [FilmSynopsis], [FilmRunTimeMinutes], [FilmCertificateID], [FilmBudgetDollars], [FilmBoxOfficeDollars], [FilmOscarNominations], [FilmOscarWins]) VALUES (236, N'On Her Majesty''s Secret Service', CAST(0x000063D100000000 AS DateTime), 113, 1, 240, 22, N'James Bond woos a mob boss''s daughter and goes undercover to uncover the true reason for Blofeld''s allergy research in the Swiss Alps that involves beautiful women from around the world.', 140, 7, 8000000, 82000000, 0, 0)
INSERT [dbo].[tblFilm] ([FilmID], [FilmName], [FilmReleaseDate], [FilmDirectorID], [FilmLanguageID], [FilmCountryID], [FilmStudioID], [FilmSynopsis], [FilmRunTimeMinutes], [FilmCertificateID], [FilmBudgetDollars], [FilmBoxOfficeDollars], [FilmOscarNominations], [FilmOscarWins]) VALUES (237, N'Pulp Fiction', CAST(0x0000874200000000 AS DateTime), 79, 1, 241, 16, N'The lives of two mob hit men, a boxer, a gangster''s wife, and a pair of diner bandits intertwine in four tales of violence and redemption.', 154, 7, 8000000, 212900000, 7, 1)
INSERT [dbo].[tblFilm] ([FilmID], [FilmName], [FilmReleaseDate], [FilmDirectorID], [FilmLanguageID], [FilmCountryID], [FilmStudioID], [FilmSynopsis], [FilmRunTimeMinutes], [FilmCertificateID], [FilmBudgetDollars], [FilmBoxOfficeDollars], [FilmOscarNominations], [FilmOscarWins]) VALUES (238, N'Rumble in the Bronx', CAST(0x00008B1D00000000 AS DateTime), 114, 2, 48, 14, N'A young man visiting and helping his uncle in New York City finds himself forced to fight a street gang and the mob with his martial art skills.', 104, 7, 7500000, 36238752, 0, 0)
INSERT [dbo].[tblFilm] ([FilmID], [FilmName], [FilmReleaseDate], [FilmDirectorID], [FilmLanguageID], [FilmCountryID], [FilmStudioID], [FilmSynopsis], [FilmRunTimeMinutes], [FilmCertificateID], [FilmBudgetDollars], [FilmBoxOfficeDollars], [FilmOscarNominations], [FilmOscarWins]) VALUES (239, N'Diamonds are Forever', CAST(0x000066B700000000 AS DateTime), 115, 1, 240, 22, N'A diamond smuggling investigation leads James Bond to Las Vegas, where he uncovers an extortion plot headed by his nemesis, Ernst Stavro Blofeld.', 120, 7, 7200000, 116000000, 1, 0)
INSERT [dbo].[tblFilm] ([FilmID], [FilmName], [FilmReleaseDate], [FilmDirectorID], [FilmLanguageID], [FilmCountryID], [FilmStudioID], [FilmSynopsis], [FilmRunTimeMinutes], [FilmCertificateID], [FilmBudgetDollars], [FilmBoxOfficeDollars], [FilmOscarNominations], [FilmOscarWins]) VALUES (240, N'Fargo', CAST(0x0000898E00000000 AS DateTime), 5, 1, 241, 4, N'Jerry Lundegaard''s inept crime falls apart due to his and his henchmen''s bungling and the persistent police work of pregnant Marge Gunderson.', 98, 7, 7000000, 51567751, 7, 2)
INSERT [dbo].[tblFilm] ([FilmID], [FilmName], [FilmReleaseDate], [FilmDirectorID], [FilmLanguageID], [FilmCountryID], [FilmStudioID], [FilmSynopsis], [FilmRunTimeMinutes], [FilmCertificateID], [FilmBudgetDollars], [FilmBoxOfficeDollars], [FilmOscarNominations], [FilmOscarWins]) VALUES (241, N'Live and Let Die', CAST(0x000068E100000000 AS DateTime), 115, 1, 240, 22, N'007 is sent to stop a diabolically brilliant heroin magnate armed with a complex organization and a reliable psychic tarot card reader.', 121, 7, 7000000, 161800000, 1, 0)
INSERT [dbo].[tblFilm] ([FilmID], [FilmName], [FilmReleaseDate], [FilmDirectorID], [FilmLanguageID], [FilmCountryID], [FilmStudioID], [FilmSynopsis], [FilmRunTimeMinutes], [FilmCertificateID], [FilmBudgetDollars], [FilmBoxOfficeDollars], [FilmOscarNominations], [FilmOscarWins]) VALUES (242, N'The Man with the Golden Gun', CAST(0x00006AF500000000 AS DateTime), 115, 1, 240, 22, N'Bond is led to believe that he is targeted by the world''s most expensive assassin and must hunt him down to stop him.', 125, 7, 7000000, 97600000, 0, 0)
INSERT [dbo].[tblFilm] ([FilmID], [FilmName], [FilmReleaseDate], [FilmDirectorID], [FilmLanguageID], [FilmCountryID], [FilmStudioID], [FilmSynopsis], [FilmRunTimeMinutes], [FilmCertificateID], [FilmBudgetDollars], [FilmBoxOfficeDollars], [FilmOscarNominations], [FilmOscarWins]) VALUES (243, N'Good Night, and Good Luck', CAST(0x0000976B00000000 AS DateTime), 116, 1, 241, 6, N'Broadcast journalist Edward R. Murrow looks to bring down Senator Joseph McCarthy.', 93, 7, 7000000, 54601218, 6, 0)
INSERT [dbo].[tblFilm] ([FilmID], [FilmName], [FilmReleaseDate], [FilmDirectorID], [FilmLanguageID], [FilmCountryID], [FilmStudioID], [FilmSynopsis], [FilmRunTimeMinutes], [FilmCertificateID], [FilmBudgetDollars], [FilmBoxOfficeDollars], [FilmOscarNominations], [FilmOscarWins]) VALUES (244, N'Pale Rider', CAST(0x000079F800000000 AS DateTime), 10, 1, 241, 31, N'A mysterious preacher protects a humble prospector village from a greedy mining company trying to encroach on their land.', 116, 7, 6900000, 41410568, 0, 0)
INSERT [dbo].[tblFilm] ([FilmID], [FilmName], [FilmReleaseDate], [FilmDirectorID], [FilmLanguageID], [FilmCountryID], [FilmStudioID], [FilmSynopsis], [FilmRunTimeMinutes], [FilmCertificateID], [FilmBudgetDollars], [FilmBoxOfficeDollars], [FilmOscarNominations], [FilmOscarWins]) VALUES (245, N'The Terminator', CAST(0x0000795000000000 AS DateTime), 15, 1, 241, 11, N'A human-looking, apparently unstoppable cyborg is sent from the future to kill Sarah Connor; Kyle Reese is sent to stop it.', 108, 7, 6400000, 78019031, 0, 0)
INSERT [dbo].[tblFilm] ([FilmID], [FilmName], [FilmReleaseDate], [FilmDirectorID], [FilmLanguageID], [FilmCountryID], [FilmStudioID], [FilmSynopsis], [FilmRunTimeMinutes], [FilmCertificateID], [FilmBudgetDollars], [FilmBoxOfficeDollars], [FilmOscarNominations], [FilmOscarWins]) VALUES (246, N'Around the World in 80 Days', CAST(0x0000510700000000 AS DateTime), 117, 1, 241, 22, N'Adaptation of Jules Verne''s novel about a Victorian Englishman who bets that with the new steamships and railways he can do what the title says.', 167, 7, NULL, NULL, 8, 5)
INSERT [dbo].[tblFilm] ([FilmID], [FilmName], [FilmReleaseDate], [FilmDirectorID], [FilmLanguageID], [FilmCountryID], [FilmStudioID], [FilmSynopsis], [FilmRunTimeMinutes], [FilmCertificateID], [FilmBudgetDollars], [FilmBoxOfficeDollars], [FilmOscarNominations], [FilmOscarWins]) VALUES (249, N'The Usual Suspects', CAST(0x0000887600000000 AS DateTime), 14, 1, 241, 11, N'A boat has been destroyed, criminals are dead, and the key to this mystery lies with the only survivor and his twisted, convoluted story beginning with five career crooks in a seemingly random police lineup.', 106, 7, 6000000, 23341568, 2, 2)
INSERT [dbo].[tblFilm] ([FilmID], [FilmName], [FilmReleaseDate], [FilmDirectorID], [FilmLanguageID], [FilmCountryID], [FilmStudioID], [FilmSynopsis], [FilmRunTimeMinutes], [FilmCertificateID], [FilmBudgetDollars], [FilmBoxOfficeDollars], [FilmOscarNominations], [FilmOscarWins]) VALUES (250, N'Memento', CAST(0x00008FD100000000 AS DateTime), 27, 1, 241, 5, N'A man, suffering from short-term memory loss, uses notes and tattoos to hunt for the man he thinks killed his wife.', 113, 7, 5000000, 39665950, 2, 0)
INSERT [dbo].[tblFilm] ([FilmID], [FilmName], [FilmReleaseDate], [FilmDirectorID], [FilmLanguageID], [FilmCountryID], [FilmStudioID], [FilmSynopsis], [FilmRunTimeMinutes], [FilmCertificateID], [FilmBudgetDollars], [FilmBoxOfficeDollars], [FilmOscarNominations], [FilmOscarWins]) VALUES (251, N'Shaun of the Dead', CAST(0x000094C400000000 AS DateTime), 106, 1, 240, 33, N'A man decides to turn his moribund life around by winning back his ex-girlfriend, reconciling his relationship with his mother, and dealing with an entire community that has returned from the dead to eat the living.', 99, 7, 5000000, 30039392, 0, 0)
INSERT [dbo].[tblFilm] ([FilmID], [FilmName], [FilmReleaseDate], [FilmDirectorID], [FilmLanguageID], [FilmCountryID], [FilmStudioID], [FilmSynopsis], [FilmRunTimeMinutes], [FilmCertificateID], [FilmBudgetDollars], [FilmBoxOfficeDollars], [FilmOscarNominations], [FilmOscarWins]) VALUES (252, N'Four Weddings and a Funeral', CAST(0x000086A100000000 AS DateTime), 26, 1, 240, 33, N'Comedy-drama about a group of British friends... the title says the rest.', 117, 7, 4500000, 257700832, 2, 0)
INSERT [dbo].[tblFilm] ([FilmID], [FilmName], [FilmReleaseDate], [FilmDirectorID], [FilmLanguageID], [FilmCountryID], [FilmStudioID], [FilmSynopsis], [FilmRunTimeMinutes], [FilmCertificateID], [FilmBudgetDollars], [FilmBoxOfficeDollars], [FilmOscarNominations], [FilmOscarWins]) VALUES (253, N'Night Watch', CAST(0x000096E600000000 AS DateTime), 119, 9, 258, 4, N'A fantasy-thriller set in present-day Moscow where the respective forces that control daytime and nighttime do battle.', 114, 7, 4200000, 33923550, 0, 0)
INSERT [dbo].[tblFilm] ([FilmID], [FilmName], [FilmReleaseDate], [FilmDirectorID], [FilmLanguageID], [FilmCountryID], [FilmStudioID], [FilmSynopsis], [FilmRunTimeMinutes], [FilmCertificateID], [FilmBudgetDollars], [FilmBoxOfficeDollars], [FilmOscarNominations], [FilmOscarWins]) VALUES (254, N'Goldfinger', CAST(0x00005CC500000000 AS DateTime), 115, 1, 241, 22, N'Investigating a gold magnate''s gold smuggling, James Bond uncovers a plot to contaminate the Fort Knox gold reserve.', 110, 7, 3000000, 124900000, 1, 1)
INSERT [dbo].[tblFilm] ([FilmID], [FilmName], [FilmReleaseDate], [FilmDirectorID], [FilmLanguageID], [FilmCountryID], [FilmStudioID], [FilmSynopsis], [FilmRunTimeMinutes], [FilmCertificateID], [FilmBudgetDollars], [FilmBoxOfficeDollars], [FilmOscarNominations], [FilmOscarWins]) VALUES (255, N'The Lives of Others', CAST(0x0000990F00000000 AS DateTime), 120, 4, 257, 36, N'In 1984 East Berlin, an agent of the secret police, conducting surveillance on a writer and his lover, finds himself becoming increasingly absorbed by their lives.', 137, 7, 2000000, 70053813, 1, 1)
INSERT [dbo].[tblFilm] ([FilmID], [FilmName], [FilmReleaseDate], [FilmDirectorID], [FilmLanguageID], [FilmCountryID], [FilmStudioID], [FilmSynopsis], [FilmRunTimeMinutes], [FilmCertificateID], [FilmBudgetDollars], [FilmBoxOfficeDollars], [FilmOscarNominations], [FilmOscarWins]) VALUES (256, N'From Russia with Love', CAST(0x00005BE200000000 AS DateTime), 112, 1, 240, 22, N'James Bond willingly falls into an assassination ploy involving a naive Russian beauty in order to retrieve a Soviet encryption device that was stolen by SPECTRE.', 110, 7, 2000000, 78900000, 0, 0)
INSERT [dbo].[tblFilm] ([FilmID], [FilmName], [FilmReleaseDate], [FilmDirectorID], [FilmLanguageID], [FilmCountryID], [FilmStudioID], [FilmSynopsis], [FilmRunTimeMinutes], [FilmCertificateID], [FilmBudgetDollars], [FilmBoxOfficeDollars], [FilmOscarNominations], [FilmOscarWins]) VALUES (257, N'Reservoir Dogs', CAST(0x000084BE00000000 AS DateTime), 79, 1, 241, 16, N'After a simple jewelery heist goes terribly wrong, the surviving criminals begin to suspect that one of them is a police informant.', 99, 7, 1200000, 2832029, 0, 0)
INSERT [dbo].[tblFilm] ([FilmID], [FilmName], [FilmReleaseDate], [FilmDirectorID], [FilmLanguageID], [FilmCountryID], [FilmStudioID], [FilmSynopsis], [FilmRunTimeMinutes], [FilmCertificateID], [FilmBudgetDollars], [FilmBoxOfficeDollars], [FilmOscarNominations], [FilmOscarWins]) VALUES (258, N'Dr. No', CAST(0x00005A6100000000 AS DateTime), 112, 1, 240, 22, N'James Bond''s investigation of a missing colleague in Jamaica leads him to the island of the mysterious Dr. No and a scheme to end the US space program.', 110, 7, 1000000, 59567035, 0, 0)
INSERT [dbo].[tblFilm] ([FilmID], [FilmName], [FilmReleaseDate], [FilmDirectorID], [FilmLanguageID], [FilmCountryID], [FilmStudioID], [FilmSynopsis], [FilmRunTimeMinutes], [FilmCertificateID], [FilmBudgetDollars], [FilmBoxOfficeDollars], [FilmOscarNominations], [FilmOscarWins]) VALUES (259, N'King Kong', CAST(0x00002F7500000000 AS DateTime), 121, 1, 241, 37, N'A film crew goes to a tropical island for an exotic location shoot and discovers a colossal giant gorilla who takes a shine to their female blonde star.', 100, 7, 670000, 10000000, 0, 0)
INSERT [dbo].[tblFilm] ([FilmID], [FilmName], [FilmReleaseDate], [FilmDirectorID], [FilmLanguageID], [FilmCountryID], [FilmStudioID], [FilmSynopsis], [FilmRunTimeMinutes], [FilmCertificateID], [FilmBudgetDollars], [FilmBoxOfficeDollars], [FilmOscarNominations], [FilmOscarWins]) VALUES (260, N'Seven Samurai', CAST(0x0000512800000000 AS DateTime), 122, 6, 118, 38, N'A poor village under attack by bandits recruits seven unemployed samurai to help them defend themselves.', 190, 7, 500000, 271736, 2, 0)
INSERT [dbo].[tblFilm] ([FilmID], [FilmName], [FilmReleaseDate], [FilmDirectorID], [FilmLanguageID], [FilmCountryID], [FilmStudioID], [FilmSynopsis], [FilmRunTimeMinutes], [FilmCertificateID], [FilmBudgetDollars], [FilmBoxOfficeDollars], [FilmOscarNominations], [FilmOscarWins]) VALUES (261, N'Super Size Me', CAST(0x0000955E00000000 AS DateTime), 123, 1, 241, 39, N'An irreverent look at obesity in America and one of its sources - fast food corporations.', 100, 7, 65000, 29529368, 1, 0)
INSERT [dbo].[tblFilm] ([FilmID], [FilmName], [FilmReleaseDate], [FilmDirectorID], [FilmLanguageID], [FilmCountryID], [FilmStudioID], [FilmSynopsis], [FilmRunTimeMinutes], [FilmCertificateID], [FilmBudgetDollars], [FilmBoxOfficeDollars], [FilmOscarNominations], [FilmOscarWins]) VALUES (262, N'Kagemusha', CAST(0x0000733A00000000 AS DateTime), 122, 6, 118, 38, N'When a powerful warlord in medieval Japan dies, a poor thief recruited to impersonate him finds difficulty', 179, 7, NULL, NULL, 2, 0)
INSERT [dbo].[tblFilm] ([FilmID], [FilmName], [FilmReleaseDate], [FilmDirectorID], [FilmLanguageID], [FilmCountryID], [FilmStudioID], [FilmSynopsis], [FilmRunTimeMinutes], [FilmCertificateID], [FilmBudgetDollars], [FilmBoxOfficeDollars], [FilmOscarNominations], [FilmOscarWins]) VALUES (263, N'Ran', CAST(0x000079DD00000000 AS DateTime), 122, 6, 118, 38, N'An elderly lord abdicates to his three sons, and the two corrupt ones turn against him.', 160, 7, 12000000, NULL, 4, 1)
INSERT [dbo].[tblFilm] ([FilmID], [FilmName], [FilmReleaseDate], [FilmDirectorID], [FilmLanguageID], [FilmCountryID], [FilmStudioID], [FilmSynopsis], [FilmRunTimeMinutes], [FilmCertificateID], [FilmBudgetDollars], [FilmBoxOfficeDollars], [FilmOscarNominations], [FilmOscarWins]) VALUES (264, N'Sunshine', CAST(0x0000990700000000 AS DateTime), 108, 1, 240, 4, N'A team of astronauts are sent to re-ignite the dying sun 50 years into the future.', 107, 5, 40000000, 31959646, 0, 0)
INSERT [dbo].[tblFilm] ([FilmID], [FilmName], [FilmReleaseDate], [FilmDirectorID], [FilmLanguageID], [FilmCountryID], [FilmStudioID], [FilmSynopsis], [FilmRunTimeMinutes], [FilmCertificateID], [FilmBudgetDollars], [FilmBoxOfficeDollars], [FilmOscarNominations], [FilmOscarWins]) VALUES (265, N'Once Were Warriors', CAST(0x000087F100000000 AS DateTime), 29, 1, 167, 40, N'A family descended from Maori warriors is bedeviled by a violent father and the societal problems of being treated as outcasts.', 99, 6, 1000000, NULL, 0, 0)
/****** Object:  StoredProcedure [dbo].[spExample]    Script Date: 07/06/2012 14:27:12 ******/
SET ANSI_NULLS ON
GO
SET QUOTED_IDENTIFIER ON
GO
CREATE PROCEDURE [dbo].[spExample]

AS
BEGIN
	select * from tblFilm
END
GO
/****** Object:  ForeignKey [FK_tblFilm_tblCertificate]    Script Date: 07/06/2012 14:27:04 ******/
ALTER TABLE [dbo].[tblFilm]  WITH CHECK ADD  CONSTRAINT [FK_tblFilm_tblCertificate] FOREIGN KEY([FilmCertificateID])
REFERENCES [dbo].[tblCertificate] ([CertificateID])
GO
ALTER TABLE [dbo].[tblFilm] CHECK CONSTRAINT [FK_tblFilm_tblCertificate]
GO
/****** Object:  ForeignKey [FK_tblFilm_tblCountry]    Script Date: 07/06/2012 14:27:04 ******/
ALTER TABLE [dbo].[tblFilm]  WITH CHECK ADD  CONSTRAINT [FK_tblFilm_tblCountry] FOREIGN KEY([FilmCountryID])
REFERENCES [dbo].[tblCountry] ([CountryID])
GO
ALTER TABLE [dbo].[tblFilm] CHECK CONSTRAINT [FK_tblFilm_tblCountry]
GO
/****** Object:  ForeignKey [FK_tblFilm_tblDirector]    Script Date: 07/06/2012 14:27:04 ******/
ALTER TABLE [dbo].[tblFilm]  WITH CHECK ADD  CONSTRAINT [FK_tblFilm_tblDirector] FOREIGN KEY([FilmDirectorID])
REFERENCES [dbo].[tblDirector] ([DirectorID])
GO
ALTER TABLE [dbo].[tblFilm] CHECK CONSTRAINT [FK_tblFilm_tblDirector]
GO
/****** Object:  ForeignKey [FK_tblFilm_tblLanguage]    Script Date: 07/06/2012 14:27:04 ******/
ALTER TABLE [dbo].[tblFilm]  WITH CHECK ADD  CONSTRAINT [FK_tblFilm_tblLanguage] FOREIGN KEY([FilmLanguageID])
REFERENCES [dbo].[tblLanguage] ([LanguageID])
GO
ALTER TABLE [dbo].[tblFilm] CHECK CONSTRAINT [FK_tblFilm_tblLanguage]
GO
/****** Object:  ForeignKey [FK_tblFilm_tblStudio1]    Script Date: 07/06/2012 14:27:04 ******/
ALTER TABLE [dbo].[tblFilm]  WITH CHECK ADD  CONSTRAINT [FK_tblFilm_tblStudio1] FOREIGN KEY([FilmStudioID])
REFERENCES [dbo].[tblStudio] ([StudioID])
GO
ALTER TABLE [dbo].[tblFilm] CHECK CONSTRAINT [FK_tblFilm_tblStudio1]
GO
